complaint_id,customer_id,complaint_date,category,severity,status,resolution_days
CP1,C10582,2025-05-01,Delivery,Low,Open,12
CP2,C10403,2026-06-09,Pricing,Medium,Open,15
CP3,C10941,2026-08-21,Payment,Low,Open,14
CP4,C10034,2025-12-06,Service,Medium,Open,7
CP5,C10213,2025-01-08,Delivery,Low,Open,23
CP6,C10125,2026-06-26,Technical,Low,Resolved,17
CP7,C10420,2025-12-13,Technical,Medium,Pending,21
CP8,C10956,2026-04-23,Payment,Low,Resolved,27
CP9,C10617,2025-11-20,Delivery,Medium,Open,22
CP10,C10886,2026-04-09,Delivery,High,Resolved,1
CP11,C10547,2025-06-06,Technical,Low,Open,4
CP12,C10242,2026-07-12,Payment,Medium,Open,23
CP13,C10492,2026-08-29,Payment,Low,Resolved,30
CP14,C10115,2026-06-17,Account,Low,Pending,18
CP15,C10265,2026-05-28,Technical,Low,Open,29
CP16,C10126,2026-07-17,Account,Low,Resolved,12
CP17,C10216,2025-01-06,Delivery,Low,Resolved,5
CP18,C10373,2025-07-22,Delivery,Low,Resolved,30
CP19,C10577,2026-01-16,Pricing,Medium,Pending,26
CP20,C10129,2026-04-11,Pricing,Low,Resolved,16
CP21,C10969,2025-07-11,Service,Low,Open,11
CP22,C10439,2025-11-06,Delivery,Medium,Open,14
CP23,C10937,2025-07-02,Account,Medium,Open,13
CP24,C10485,2025-08-26,Pricing,High,Resolved,1
CP25,C10714,2026-08-03,Technical,Low,Resolved,5
CP26,C10839,2026-04-01,Payment,Medium,Resolved,22
CP27,C10512,2026-07-24,Account,Medium,Resolved,6
CP28,C10803,2025-10-05,Service,Low,Open,23
CP29,C10196,2025-03-04,Account,Medium,Resolved,7
CP30,C10915,2025-06-13,Account,Low,Resolved,24
CP31,C10199,2025-12-25,Delivery,Low,Open,23
CP32,C10935,2025-04-19,Payment,Low,Resolved,30
CP33,C10372,2025-09-11,Account,Low,Resolved,18
CP34,C10237,2026-01-15,Service,Medium,Open,13
CP35,C10522,2026-04-15,Account,Medium,Open,10
CP36,C10018,2025-09-13,Service,Low,Resolved,28
CP37,C10268,2026-02-14,Account,Low,Resolved,16
CP38,C10140,2026-05-05,Service,Medium,Pending,13
CP39,C10827,2026-06-17,Technical,Low,Open,22
CP40,C10249,2025-01-17,Pricing,Low,Open,13
CP41,C10378,2026-08-14,Payment,Low,Resolved,28
CP42,C10909,2025-08-04,Technical,High,Pending,22
CP43,C10189,2025-11-06,Payment,Low,Resolved,8
CP44,C10418,2026-03-03,Account,Low,Open,4
CP45,C10430,2025-06-01,Service,Medium,Open,27
CP46,C10735,2025-03-04,Account,Medium,Open,21
CP47,C10874,2025-08-06,Service,Low,Resolved,20
CP48,C10444,2025-04-05,Account,Medium,Resolved,26
CP49,C10753,2025-08-22,Technical,Medium,Resolved,11
CP50,C10674,2026-07-04,Account,Low,Open,4
CP51,C10780,2025-08-03,Account,High,Resolved,13
CP52,C10130,2025-03-26,Pricing,Low,Resolved,10
CP53,C10145,2026-05-15,Technical,Medium,Resolved,27
CP54,C10435,2025-05-20,Service,High,Open,17
CP55,C10144,2025-04-17,Technical,Medium,Pending,25
CP56,C10327,2025-01-18,Payment,Low,Pending,24
CP57,C10268,2026-08-21,Payment,Low,Resolved,11
CP58,C10259,2026-07-26,Delivery,Medium,Open,28
CP59,C10842,2026-03-04,Payment,Low,Pending,3
CP60,C10924,2025-09-19,Delivery,High,Resolved,24
CP61,C10333,2025-04-08,Delivery,Low,Resolved,10
CP62,C10354,2025-07-21,Delivery,Low,Resolved,12
CP63,C10167,2025-07-26,Delivery,Low,Resolved,9
CP64,C10547,2026-03-25,Service,Low,Resolved,6
CP65,C10655,2026-04-10,Delivery,Low,Resolved,13
CP66,C10000,2025-12-14,Payment,Medium,Resolved,14
CP67,C10984,2025-06-19,Technical,Low,Open,8
CP68,C10155,2026-06-04,Payment,High,Resolved,2
CP69,C10566,2025-10-10,Payment,High,Resolved,11
CP70,C10867,2026-06-21,Pricing,Low,Resolved,27
CP71,C10373,2026-04-05,Payment,Medium,Resolved,14
CP72,C10212,2026-06-17,Payment,Low,Open,27
CP73,C10205,2026-07-10,Account,Low,Resolved,23
CP74,C10212,2026-03-20,Technical,Medium,Resolved,28
CP75,C10696,2026-05-27,Payment,Low,Pending,2
CP76,C10614,2026-07-22,Pricing,High,Resolved,5
CP77,C10199,2025-05-04,Payment,Medium,Pending,16
CP78,C10648,2026-06-26,Account,Low,Resolved,2
CP79,C10560,2026-07-16,Technical,Low,Resolved,13
CP80,C10622,2025-04-24,Delivery,Low,Resolved,5
CP81,C10612,2025-08-19,Account,Medium,Open,25
CP82,C10036,2025-09-29,Pricing,High,Resolved,30
CP83,C10151,2025-09-07,Service,Low,Pending,28
CP84,C10331,2025-06-05,Service,Medium,Open,9
CP85,C10172,2025-10-08,Account,Medium,Resolved,5
CP86,C10534,2026-08-03,Pricing,Low,Open,15
CP87,C10507,2026-02-20,Service,Low,Open,27
CP88,C10749,2026-04-14,Account,Low,Resolved,30
CP89,C10950,2025-07-26,Account,Low,Resolved,2
CP90,C10285,2025-03-18,Account,Low,Resolved,27
CP91,C10657,2025-06-23,Account,Low,Resolved,18
CP92,C10875,2025-11-20,Pricing,Low,Resolved,28
CP93,C10089,2025-02-17,Technical,High,Resolved,24
CP94,C10908,2025-10-09,Account,Low,Resolved,22
CP95,C10814,2025-09-17,Pricing,Medium,Resolved,5
CP96,C10416,2025-02-24,Pricing,Medium,Resolved,20
CP97,C10027,2026-06-19,Technical,Low,Resolved,7
CP98,C10106,2025-12-16,Delivery,Medium,Open,30
CP99,C10845,2026-05-11,Technical,Low,Resolved,16
CP100,C10187,2025-01-13,Technical,Low,Resolved,17
CP101,C10996,2025-12-13,Pricing,Medium,Pending,14
CP102,C10162,2026-01-07,Delivery,Medium,Pending,3
CP103,C10208,2025-11-03,Technical,Low,Pending,20
CP104,C10667,2026-02-13,Technical,Low,Open,19
CP105,C10290,2026-08-10,Delivery,High,Resolved,20
CP106,C10350,2025-05-09,Pricing,Low,Resolved,2
CP107,C10051,2026-04-22,Service,Medium,Open,8
CP108,C10654,2026-02-23,Technical,Medium,Open,19
CP109,C10845,2025-11-25,Pricing,Low,Resolved,1
CP110,C10090,2025-06-29,Pricing,High,Resolved,16
CP111,C10934,2026-02-24,Technical,Low,Open,4
CP112,C10734,2026-03-06,Pricing,High,Resolved,6
CP113,C10162,2025-12-04,Pricing,Medium,Open,1
CP114,C10386,2025-06-14,Pricing,High,Open,13
CP115,C10802,2025-12-12,Pricing,High,Pending,9
CP116,C10577,2025-01-26,Pricing,Low,Resolved,9
CP117,C10481,2025-06-28,Service,Medium,Pending,24
CP118,C10572,2026-01-07,Service,Low,Resolved,22
CP119,C10188,2025-06-07,Payment,Low,Resolved,13
CP120,C10558,2026-06-08,Delivery,High,Resolved,7
CP121,C10023,2025-02-10,Pricing,High,Pending,25
CP122,C10441,2026-08-15,Payment,Medium,Pending,16
CP123,C10444,2026-05-18,Service,Low,Resolved,5
CP124,C10091,2026-07-08,Technical,Medium,Pending,11
CP125,C10581,2026-07-21,Delivery,Medium,Resolved,9
CP126,C10171,2025-11-01,Account,Low,Resolved,20
CP127,C10220,2026-07-14,Technical,Low,Open,26
CP128,C10770,2025-11-07,Payment,Medium,Resolved,5
CP129,C10079,2026-06-24,Service,Low,Resolved,26
CP130,C10699,2025-02-21,Account,Low,Resolved,4
CP131,C10718,2026-04-11,Account,Medium,Open,11
CP132,C10530,2026-04-27,Payment,Low,Pending,20
CP133,C10347,2025-08-10,Pricing,Low,Resolved,17
CP134,C10023,2026-05-22,Pricing,Low,Resolved,23
CP135,C10550,2025-06-29,Pricing,Medium,Resolved,1
CP136,C10471,2025-08-20,Technical,Low,Resolved,22
CP137,C10209,2026-02-24,Account,Low,Resolved,12
CP138,C10526,2025-08-16,Technical,Medium,Open,22
CP139,C10724,2026-05-09,Pricing,Medium,Open,23
CP140,C10362,2025-07-27,Service,Low,Pending,12
CP141,C10942,2026-08-03,Payment,Low,Resolved,10
CP142,C10466,2026-05-19,Delivery,Low,Open,4
CP143,C10266,2026-06-27,Account,Low,Resolved,28
CP144,C10687,2025-10-07,Account,Low,Resolved,3
CP145,C10683,2026-07-29,Account,Medium,Open,21
CP146,C10909,2025-01-07,Service,Low,Open,16
CP147,C10697,2025-01-18,Account,Medium,Resolved,6
CP148,C10484,2026-02-16,Technical,Low,Pending,14
CP149,C10864,2025-02-11,Technical,High,Resolved,14
CP150,C10847,2026-08-07,Account,Low,Resolved,7
CP151,C10364,2025-03-31,Pricing,Low,Pending,5
CP152,C10394,2026-06-24,Delivery,Low,Resolved,5
CP153,C10355,2025-08-01,Account,Low,Pending,24
CP154,C10533,2026-05-07,Delivery,Medium,Resolved,12
CP155,C10570,2026-02-06,Technical,High,Resolved,20
CP156,C10709,2025-07-25,Service,Low,Resolved,9
CP157,C10929,2026-06-26,Pricing,High,Resolved,25
CP158,C10696,2026-02-08,Delivery,High,Resolved,11
CP159,C10282,2025-03-06,Delivery,Medium,Resolved,15
CP160,C10646,2025-09-19,Service,Medium,Pending,1
CP161,C10383,2025-02-21,Technical,Medium,Resolved,29
CP162,C10069,2026-05-19,Technical,Medium,Resolved,14
CP163,C10523,2025-06-21,Payment,Medium,Open,15
CP164,C10912,2025-09-04,Service,Low,Resolved,24
CP165,C10584,2025-12-26,Pricing,Medium,Open,5
CP166,C10170,2025-02-19,Account,Low,Resolved,20
CP167,C10890,2026-07-11,Payment,High,Open,30
CP168,C10145,2026-06-17,Account,Low,Open,4
CP169,C10326,2025-02-25,Payment,Medium,Open,6
CP170,C10241,2026-03-10,Payment,Medium,Resolved,16
CP171,C10835,2025-02-25,Pricing,Low,Pending,24
CP172,C10865,2025-12-13,Pricing,Low,Resolved,22
CP173,C10757,2026-07-06,Pricing,High,Resolved,12
CP174,C10005,2026-07-17,Pricing,Medium,Open,22
CP175,C10954,2026-03-12,Technical,Medium,Resolved,14
CP176,C10869,2025-10-12,Account,High,Pending,30
CP177,C10139,2025-09-23,Service,Low,Pending,18
CP178,C10463,2025-03-24,Pricing,Low,Pending,19
CP179,C10850,2025-06-10,Account,Low,Pending,2
CP180,C10646,2025-12-01,Payment,Low,Resolved,26
CP181,C10797,2026-07-19,Account,Low,Pending,1
CP182,C10483,2025-05-31,Service,Low,Resolved,17
CP183,C10325,2026-01-08,Service,Low,Resolved,3
CP184,C10528,2026-06-29,Payment,Low,Resolved,26
CP185,C10650,2026-06-30,Technical,Low,Pending,19
CP186,C10762,2026-02-23,Delivery,Medium,Resolved,29
CP187,C10240,2025-09-28,Delivery,Low,Resolved,8
CP188,C10933,2026-08-20,Payment,Low,Open,9
CP189,C10773,2026-08-20,Pricing,Medium,Pending,15
CP190,C10868,2025-07-14,Technical,Medium,Resolved,20
CP191,C10252,2026-05-20,Technical,Low,Resolved,8
CP192,C10502,2025-02-18,Delivery,Low,Open,23
CP193,C10432,2026-06-17,Delivery,Low,Resolved,22
CP194,C10631,2025-04-18,Account,Medium,Open,14
CP195,C10692,2026-06-08,Service,Low,Resolved,30
CP196,C10764,2025-08-20,Service,Low,Resolved,1
CP197,C10225,2025-01-20,Pricing,Low,Resolved,26
CP198,C10692,2025-05-04,Account,Low,Pending,2
CP199,C10005,2025-11-26,Pricing,Low,Resolved,21
CP200,C10317,2026-08-28,Technical,Medium,Resolved,13
CP201,C10777,2026-05-20,Delivery,Low,Pending,25
CP202,C10964,2026-01-04,Service,Low,Resolved,13
CP203,C10493,2026-01-30,Payment,Medium,Resolved,12
CP204,C10622,2026-06-23,Delivery,Low,Resolved,12
CP205,C10686,2026-03-18,Account,Medium,Open,20
CP206,C10518,2026-05-06,Service,Low,Resolved,16
CP207,C10625,2026-07-08,Technical,Low,Resolved,12
CP208,C10070,2026-08-19,Delivery,Low,Open,6
CP209,C10104,2026-08-02,Service,High,Open,26
CP210,C10161,2025-09-29,Service,High,Resolved,11
CP211,C10676,2026-08-26,Account,Low,Resolved,20
CP212,C10006,2025-01-22,Account,Low,Open,27
CP213,C10669,2026-02-08,Delivery,High,Open,14
CP214,C10475,2026-02-07,Delivery,Medium,Resolved,29
CP215,C10147,2025-02-08,Delivery,High,Resolved,2
CP216,C10826,2025-07-18,Pricing,Low,Resolved,30
CP217,C10127,2026-05-05,Service,Medium,Resolved,20
CP218,C10611,2026-04-01,Pricing,Medium,Resolved,17
CP219,C10644,2025-04-08,Account,Medium,Resolved,24
CP220,C10771,2025-12-13,Delivery,Low,Resolved,8
CP221,C10805,2026-01-28,Payment,High,Open,2
CP222,C10931,2025-04-26,Technical,High,Open,2
CP223,C10302,2025-02-27,Technical,Low,Resolved,7
CP224,C10071,2026-02-24,Technical,High,Open,26
CP225,C10250,2025-01-12,Service,Medium,Resolved,14
CP226,C10348,2026-03-18,Pricing,Medium,Resolved,5
CP227,C10635,2026-02-05,Pricing,Medium,Resolved,22
CP228,C10326,2026-05-14,Delivery,Low,Resolved,11
CP229,C10050,2025-08-19,Delivery,Medium,Open,2
CP230,C10755,2026-05-18,Technical,Low,Resolved,18
CP231,C10600,2025-06-26,Payment,Medium,Resolved,23
CP232,C10159,2026-07-21,Technical,Medium,Resolved,17
CP233,C10914,2025-11-19,Delivery,Low,Resolved,9
CP234,C10911,2025-07-16,Delivery,High,Pending,9
CP235,C10044,2026-02-15,Pricing,Low,Resolved,25
CP236,C10900,2026-08-30,Service,High,Open,24
CP237,C10366,2025-08-27,Pricing,Medium,Resolved,14
CP238,C10809,2025-09-16,Payment,Low,Resolved,9
CP239,C10835,2026-06-12,Delivery,Low,Resolved,22
CP240,C10678,2025-12-12,Payment,Medium,Resolved,12
CP241,C10902,2025-06-10,Delivery,Medium,Resolved,20
CP242,C10288,2025-09-26,Account,Low,Resolved,14
CP243,C10677,2025-05-29,Account,Low,Resolved,6
CP244,C10767,2026-07-13,Service,Low,Resolved,10
CP245,C10114,2025-11-21,Account,Medium,Resolved,20
CP246,C10434,2026-04-20,Account,Low,Resolved,6
CP247,C10910,2025-07-18,Payment,High,Resolved,15
CP248,C10419,2026-07-23,Delivery,Low,Open,26
CP249,C10553,2025-03-15,Payment,Medium,Resolved,19
CP250,C10050,2025-10-15,Service,Low,Resolved,16
CP251,C10913,2025-07-22,Technical,Low,Open,21
CP252,C10821,2026-07-11,Payment,High,Open,20
CP253,C10738,2025-01-12,Pricing,Low,Resolved,29
CP254,C10087,2025-02-23,Delivery,High,Resolved,17
CP255,C10338,2025-05-14,Payment,Medium,Resolved,19
CP256,C10831,2025-11-23,Pricing,Medium,Resolved,20
CP257,C10685,2025-05-17,Technical,Low,Resolved,11
CP258,C10747,2026-07-20,Delivery,High,Resolved,17
CP259,C10522,2025-06-06,Account,Medium,Resolved,30
CP260,C10103,2026-06-12,Technical,Medium,Pending,28
CP261,C10737,2026-04-01,Service,Low,Resolved,25
CP262,C10974,2026-08-29,Pricing,Low,Open,12
CP263,C10176,2025-12-31,Pricing,Low,Resolved,9
CP264,C10618,2026-02-25,Pricing,Low,Resolved,9
CP265,C10708,2026-07-17,Technical,Low,Resolved,8
CP266,C10411,2026-08-02,Pricing,Low,Resolved,28
CP267,C10850,2025-05-22,Service,High,Resolved,3
CP268,C10135,2025-12-10,Service,Medium,Open,24
CP269,C10003,2026-03-27,Service,Low,Resolved,28
CP270,C10544,2025-05-13,Delivery,Low,Resolved,28
CP271,C10187,2026-07-05,Payment,Low,Resolved,20
CP272,C10764,2026-06-18,Delivery,Low,Pending,19
CP273,C10561,2025-09-05,Account,Low,Open,27
CP274,C10081,2025-01-22,Payment,Low,Open,7
CP275,C10785,2026-02-08,Payment,Medium,Resolved,24
CP276,C10736,2025-02-26,Payment,High,Resolved,22
CP277,C10980,2025-09-11,Delivery,Medium,Pending,18
CP278,C10341,2026-01-21,Payment,Medium,Open,5
CP279,C10469,2026-01-07,Service,Low,Pending,15
CP280,C10704,2026-01-06,Pricing,Medium,Resolved,19
CP281,C10954,2025-07-07,Account,High,Resolved,6
CP282,C10651,2025-02-27,Service,Medium,Resolved,26
CP283,C10960,2025-03-20,Payment,Medium,Resolved,2
CP284,C10799,2026-06-27,Technical,High,Open,30
CP285,C10674,2026-07-28,Service,Medium,Resolved,13
CP286,C10538,2025-08-16,Service,Medium,Open,18
CP287,C10282,2025-07-14,Service,High,Resolved,13
CP288,C10028,2025-02-27,Service,Medium,Open,25
CP289,C10956,2026-05-29,Account,Low,Pending,17
CP290,C10075,2025-05-03,Payment,Medium,Resolved,12
CP291,C10664,2025-08-20,Technical,Low,Resolved,10
CP292,C10314,2025-04-06,Payment,Low,Pending,14
CP293,C10061,2026-06-20,Pricing,Low,Open,4
CP294,C10750,2026-05-25,Technical,Low,Resolved,20
CP295,C10449,2025-12-29,Technical,Medium,Open,17
CP296,C10353,2025-11-29,Payment,Low,Resolved,28
CP297,C10711,2026-06-04,Service,Medium,Open,23
CP298,C10536,2025-09-17,Technical,Medium,Resolved,5
CP299,C10208,2025-08-13,Delivery,Medium,Resolved,14
CP300,C10569,2025-06-08,Service,High,Open,9
CP301,C10634,2026-07-02,Account,High,Resolved,1
CP302,C10027,2025-10-29,Delivery,Medium,Resolved,8
CP303,C10628,2026-05-02,Technical,Low,Pending,16
CP304,C10576,2025-09-12,Delivery,Low,Pending,8
CP305,C10793,2025-09-07,Account,Medium,Resolved,27
CP306,C10910,2025-12-10,Technical,Medium,Open,21
CP307,C10749,2025-07-21,Technical,Medium,Resolved,2
CP308,C10067,2025-09-01,Delivery,Low,Resolved,9
CP309,C10827,2025-10-26,Account,Low,Resolved,23
CP310,C10645,2026-02-22,Payment,Low,Resolved,7
CP311,C10719,2026-01-21,Pricing,Low,Resolved,1
CP312,C10902,2025-05-27,Delivery,Low,Resolved,29
CP313,C10300,2025-08-30,Pricing,Low,Resolved,20
CP314,C10664,2026-04-29,Technical,Low,Open,20
CP315,C10071,2026-04-21,Pricing,Low,Pending,5
CP316,C10274,2025-07-18,Technical,Low,Resolved,2
CP317,C10405,2025-01-04,Technical,Medium,Resolved,10
CP318,C10988,2026-02-26,Technical,Low,Open,8
CP319,C10256,2026-01-08,Technical,Medium,Resolved,24
CP320,C10445,2025-05-24,Pricing,Low,Pending,24
CP321,C10136,2025-05-03,Delivery,Medium,Resolved,9
CP322,C10569,2025-03-09,Delivery,Low,Resolved,17
CP323,C10398,2026-01-01,Pricing,Low,Resolved,26
CP324,C10246,2025-03-20,Delivery,Medium,Resolved,7
CP325,C10186,2025-12-31,Payment,Low,Resolved,26
CP326,C10490,2025-12-16,Payment,Low,Resolved,18
CP327,C10787,2025-05-18,Account,Low,Pending,15
CP328,C10648,2025-07-01,Payment,High,Resolved,16
CP329,C10721,2025-01-17,Pricing,Low,Open,21
CP330,C10418,2026-05-19,Service,Low,Open,20
CP331,C10746,2026-08-17,Payment,Low,Open,11
CP332,C10012,2025-12-14,Technical,Medium,Open,19
CP333,C10548,2026-02-03,Service,Medium,Resolved,22
CP334,C10263,2025-03-26,Pricing,Low,Resolved,25
CP335,C10259,2025-04-11,Service,High,Pending,19
CP336,C10967,2025-05-06,Service,Low,Resolved,28
CP337,C10242,2026-07-24,Pricing,Low,Open,26
CP338,C10905,2025-11-21,Pricing,Low,Resolved,24
CP339,C10735,2026-04-18,Account,Low,Resolved,4
CP340,C10495,2025-08-12,Pricing,Low,Resolved,24
CP341,C10098,2025-10-13,Service,Medium,Open,28
CP342,C10510,2025-03-09,Service,High,Pending,6
CP343,C10272,2025-03-10,Service,High,Resolved,15
CP344,C10073,2025-03-01,Service,Low,Open,24
CP345,C10681,2026-02-27,Service,Medium,Resolved,16
CP346,C10597,2025-10-10,Technical,Medium,Resolved,25
CP347,C10205,2025-06-25,Pricing,Medium,Resolved,27
CP348,C10748,2026-01-19,Payment,Medium,Resolved,22
CP349,C10068,2026-05-14,Technical,Low,Open,21
CP350,C10591,2026-04-02,Delivery,Medium,Resolved,19
CP351,C10218,2025-10-31,Payment,Medium,Resolved,18
CP352,C10833,2026-07-23,Service,Low,Resolved,18
CP353,C10630,2025-12-08,Payment,Low,Open,20
CP354,C10011,2026-04-29,Payment,Medium,Open,20
CP355,C10478,2025-09-04,Service,High,Resolved,12
CP356,C10475,2025-05-16,Payment,Medium,Resolved,20
CP357,C10289,2026-06-26,Pricing,Low,Resolved,2
CP358,C10753,2025-05-14,Delivery,Low,Resolved,2
CP359,C10334,2026-05-28,Payment,Low,Resolved,4
CP360,C10555,2025-12-29,Pricing,High,Resolved,29
CP361,C10433,2025-12-18,Delivery,Medium,Resolved,22
CP362,C10713,2025-10-27,Service,High,Resolved,26
CP363,C10962,2025-10-30,Pricing,Low,Resolved,25
CP364,C10510,2026-03-10,Technical,Medium,Resolved,2
CP365,C10177,2026-01-04,Account,Low,Resolved,2
CP366,C10827,2026-03-25,Delivery,High,Resolved,14
CP367,C10219,2025-06-09,Pricing,High,Pending,25
CP368,C10347,2025-03-06,Account,Low,Resolved,19
CP369,C10648,2025-04-18,Technical,High,Resolved,18
CP370,C10003,2026-01-13,Service,Medium,Resolved,6
CP371,C10765,2025-09-24,Technical,Low,Pending,6
CP372,C10706,2026-07-07,Delivery,Medium,Open,28
CP373,C10773,2026-04-11,Service,Medium,Resolved,4
CP374,C10778,2026-07-24,Account,Low,Resolved,13
CP375,C10157,2025-07-10,Delivery,Medium,Resolved,11
CP376,C10606,2025-01-29,Account,Medium,Resolved,13
CP377,C10018,2025-10-05,Technical,Low,Pending,18
CP378,C10050,2025-02-03,Service,Medium,Resolved,4
CP379,C10114,2025-07-26,Account,Medium,Resolved,3
CP380,C10688,2025-02-21,Payment,Medium,Pending,11
CP381,C10124,2025-12-15,Technical,Medium,Open,16
CP382,C10711,2026-02-01,Service,Low,Resolved,26
CP383,C10269,2025-03-05,Account,Low,Open,12
CP384,C10891,2025-06-15,Payment,Low,Resolved,11
CP385,C10537,2025-05-19,Technical,Medium,Pending,27
CP386,C10316,2026-08-08,Service,Medium,Pending,20
CP387,C10601,2026-04-20,Pricing,Low,Resolved,29
CP388,C10442,2026-05-16,Payment,Medium,Open,17
CP389,C10910,2026-02-10,Payment,Low,Pending,20
CP390,C10062,2025-05-10,Service,Low,Open,5
CP391,C10594,2026-07-29,Delivery,Low,Open,4
CP392,C10773,2025-02-23,Pricing,Low,Resolved,8
CP393,C10570,2025-04-28,Delivery,Low,Resolved,17
CP394,C10731,2025-03-30,Payment,Medium,Resolved,9
CP395,C10142,2026-07-07,Delivery,Medium,Pending,14
CP396,C10625,2025-11-20,Payment,Medium,Resolved,29
CP397,C10958,2025-01-17,Technical,Medium,Resolved,1
CP398,C10125,2025-02-28,Service,Medium,Resolved,7
CP399,C10517,2025-06-20,Account,Low,Resolved,18
CP400,C10127,2025-05-27,Pricing,Low,Resolved,1
CP401,C10475,2025-07-31,Service,Medium,Resolved,2
CP402,C10928,2026-06-05,Technical,Low,Resolved,16
CP403,C10925,2026-01-09,Account,Low,Open,28
CP404,C10878,2025-01-09,Payment,Medium,Pending,28
CP405,C10904,2025-05-16,Delivery,High,Open,6
CP406,C10689,2026-02-25,Account,Low,Resolved,2
CP407,C10680,2026-01-18,Service,Medium,Resolved,22
CP408,C10078,2025-08-20,Payment,Medium,Pending,28
CP409,C10333,2026-01-20,Pricing,Medium,Resolved,9
CP410,C10834,2025-03-21,Account,Low,Resolved,18
CP411,C10156,2025-04-30,Payment,Medium,Resolved,17
CP412,C10891,2026-07-20,Technical,Medium,Resolved,7
CP413,C10448,2025-07-30,Delivery,Low,Open,22
CP414,C10545,2026-02-02,Service,Low,Resolved,19
CP415,C10892,2026-07-07,Pricing,Medium,Open,23
CP416,C10988,2025-05-29,Pricing,High,Resolved,24
CP417,C10269,2026-03-16,Technical,High,Resolved,21
CP418,C10873,2025-08-02,Delivery,High,Resolved,23
CP419,C10761,2025-08-07,Delivery,Medium,Resolved,19
CP420,C10024,2025-04-08,Pricing,Low,Pending,27
CP421,C10521,2025-01-01,Delivery,Medium,Resolved,8
CP422,C10822,2025-11-23,Technical,Low,Open,6
CP423,C10223,2025-02-25,Technical,Low,Resolved,8
CP424,C10018,2025-08-24,Service,Low,Resolved,23
CP425,C10996,2025-06-06,Pricing,High,Open,18
CP426,C10537,2025-08-24,Service,Medium,Resolved,29
CP427,C10432,2025-05-12,Technical,High,Open,12
CP428,C10706,2026-02-20,Technical,Low,Resolved,5
CP429,C10698,2026-02-18,Account,Low,Resolved,3
CP430,C10244,2025-06-23,Payment,Low,Resolved,26
CP431,C10897,2025-02-26,Service,Low,Resolved,12
CP432,C10753,2025-09-28,Technical,Low,Open,10
CP433,C10449,2025-09-20,Pricing,Low,Resolved,14
CP434,C10608,2025-10-17,Account,Medium,Open,6
CP435,C10644,2025-10-08,Service,Low,Resolved,16
CP436,C10904,2025-01-18,Payment,Low,Resolved,13
CP437,C10965,2025-05-15,Payment,Medium,Open,19
CP438,C10767,2025-05-18,Technical,Low,Open,9
CP439,C10073,2025-04-09,Pricing,High,Open,13
CP440,C10377,2025-01-16,Pricing,High,Resolved,26
CP441,C10975,2026-07-01,Delivery,Low,Resolved,27
CP442,C10534,2025-09-13,Delivery,High,Resolved,7
CP443,C10882,2026-01-23,Account,High,Resolved,8
CP444,C10854,2025-08-31,Payment,Medium,Resolved,25
CP445,C10795,2025-10-30,Account,Medium,Resolved,3
CP446,C10643,2025-07-20,Delivery,Low,Resolved,8
CP447,C10161,2025-06-21,Account,Low,Open,15
CP448,C10117,2025-03-23,Account,Low,Open,21
CP449,C10131,2026-08-11,Payment,Medium,Pending,4
CP450,C10251,2025-05-25,Service,Medium,Open,28
CP451,C10680,2026-04-06,Service,Medium,Resolved,18
CP452,C10525,2026-02-10,Delivery,Low,Open,2
CP453,C10894,2025-03-02,Payment,Low,Open,10
CP454,C10307,2026-07-06,Service,Low,Pending,12
CP455,C10741,2026-03-28,Payment,Medium,Resolved,6
CP456,C10730,2026-06-09,Service,High,Resolved,19
CP457,C10551,2025-07-23,Pricing,Medium,Resolved,11
CP458,C10245,2025-03-04,Pricing,High,Resolved,30
CP459,C10184,2025-12-16,Technical,Medium,Resolved,5
CP460,C10718,2025-04-21,Technical,Low,Resolved,19
CP461,C10493,2025-01-24,Delivery,Low,Resolved,14
CP462,C10932,2026-01-28,Payment,Low,Resolved,12
CP463,C10885,2026-04-26,Service,Low,Resolved,16
CP464,C10962,2025-12-24,Payment,Medium,Pending,2
CP465,C10599,2025-08-24,Account,Low,Resolved,8
CP466,C10215,2025-01-31,Delivery,Low,Resolved,15
CP467,C10481,2026-07-26,Technical,High,Pending,1
CP468,C10221,2025-10-08,Delivery,Low,Open,3
CP469,C10876,2025-03-01,Delivery,High,Open,22
CP470,C10483,2026-05-31,Account,Low,Pending,22
CP471,C10521,2025-07-14,Payment,Medium,Open,16
CP472,C10846,2026-02-11,Pricing,Low,Open,7
CP473,C10337,2026-01-10,Technical,Medium,Pending,23
CP474,C10435,2026-08-20,Payment,Low,Resolved,20
CP475,C10161,2025-04-20,Payment,Medium,Resolved,15
CP476,C10732,2025-02-12,Service,Low,Resolved,28
CP477,C10521,2025-11-16,Delivery,High,Resolved,2
CP478,C10673,2025-01-24,Payment,Low,Resolved,9
CP479,C10519,2025-12-17,Delivery,Medium,Resolved,14
CP480,C10456,2025-07-10,Account,Low,Resolved,11
CP481,C10703,2026-05-11,Technical,Medium,Resolved,30
CP482,C10444,2025-08-20,Account,High,Resolved,25
CP483,C10251,2026-04-27,Service,Medium,Open,2
CP484,C10070,2025-04-27,Service,Low,Pending,17
CP485,C10618,2026-03-22,Account,Medium,Open,14
CP486,C10578,2025-09-01,Delivery,Low,Resolved,1
CP487,C10533,2026-08-29,Pricing,High,Open,24
CP488,C10885,2025-10-18,Pricing,Low,Resolved,5
CP489,C10326,2026-02-06,Technical,High,Resolved,12
CP490,C10185,2026-01-19,Technical,Low,Pending,27
CP491,C10460,2025-12-04,Service,Low,Open,26
CP492,C10798,2025-06-22,Service,Low,Open,24
CP493,C10577,2025-10-29,Technical,Medium,Resolved,19
CP494,C10699,2025-04-07,Technical,Medium,Resolved,11
CP495,C10345,2026-07-10,Account,Medium,Pending,16
CP496,C10889,2026-05-13,Pricing,Medium,Resolved,15
CP497,C10120,2025-09-29,Delivery,Low,Resolved,13
CP498,C10612,2026-03-28,Account,High,Resolved,24
CP499,C10220,2026-08-26,Account,Medium,Open,20
CP500,C10792,2025-11-22,Payment,Low,Open,24
CP501,C10011,2025-12-25,Service,Medium,Resolved,14
CP502,C10570,2025-09-02,Payment,High,Resolved,13
CP503,C10838,2026-01-13,Payment,Medium,Pending,16
CP504,C10407,2026-02-16,Pricing,Low,Resolved,4
CP505,C10153,2025-09-02,Technical,Low,Resolved,25
CP506,C10683,2026-05-12,Technical,Low,Resolved,29
CP507,C10914,2025-08-17,Delivery,Low,Pending,6
CP508,C10297,2025-05-26,Account,Medium,Open,22
CP509,C10923,2025-09-15,Account,High,Resolved,22
CP510,C10549,2025-12-19,Pricing,Low,Pending,21
CP511,C10958,2025-10-08,Account,Low,Resolved,10
CP512,C10775,2025-01-03,Pricing,Medium,Resolved,29
CP513,C10110,2025-11-03,Pricing,Low,Resolved,16
CP514,C10349,2025-07-12,Account,Medium,Resolved,3
CP515,C10654,2025-03-28,Service,Medium,Resolved,3
CP516,C10398,2025-11-20,Account,Medium,Open,24
CP517,C10758,2025-12-02,Account,Medium,Open,8
CP518,C10954,2025-12-13,Pricing,Low,Resolved,10
CP519,C10757,2025-07-19,Service,High,Open,12
CP520,C10404,2025-05-25,Delivery,Medium,Resolved,2
CP521,C10422,2025-09-14,Payment,Low,Resolved,20
CP522,C10165,2026-08-05,Service,Low,Pending,5
CP523,C10381,2026-02-27,Pricing,Medium,Resolved,6
CP524,C10080,2025-08-04,Payment,Low,Resolved,17
CP525,C10466,2025-04-19,Payment,Low,Open,16
CP526,C10010,2025-04-26,Technical,Low,Resolved,20
CP527,C10341,2025-07-22,Technical,Low,Open,26
CP528,C10650,2025-11-12,Account,Medium,Open,15
CP529,C10193,2025-07-26,Pricing,Low,Resolved,22
CP530,C10224,2025-02-02,Delivery,Low,Resolved,17
CP531,C10105,2026-07-22,Account,Medium,Resolved,5
CP532,C10314,2026-05-17,Service,Medium,Resolved,4
CP533,C10067,2026-08-31,Payment,Low,Open,29
CP534,C10842,2026-05-26,Payment,Medium,Resolved,11
CP535,C10989,2026-04-10,Delivery,Low,Open,3
CP536,C10156,2025-11-30,Service,Medium,Open,19
CP537,C10230,2025-08-07,Account,Medium,Pending,15
CP538,C10385,2025-09-21,Payment,Medium,Resolved,2
CP539,C10339,2025-12-09,Account,Low,Resolved,11
CP540,C10827,2026-02-23,Service,Low,Resolved,13
CP541,C10477,2025-04-24,Payment,Low,Pending,8
CP542,C10019,2026-06-03,Account,Low,Open,16
CP543,C10864,2026-08-22,Payment,Low,Resolved,2
CP544,C10861,2025-04-06,Delivery,Low,Resolved,8
CP545,C10719,2025-04-22,Delivery,Medium,Resolved,2
CP546,C10961,2026-01-14,Payment,High,Open,21
CP547,C10344,2025-12-28,Technical,Low,Open,7
CP548,C10703,2025-07-05,Pricing,Low,Resolved,5
CP549,C10089,2025-05-06,Delivery,Medium,Resolved,16
CP550,C10957,2025-05-13,Payment,Medium,Open,1
CP551,C10235,2025-09-02,Payment,Medium,Resolved,24
CP552,C10920,2025-12-20,Delivery,Medium,Open,2
CP553,C10064,2025-03-31,Account,Low,Resolved,5
CP554,C10473,2026-04-03,Pricing,Medium,Resolved,14
CP555,C10412,2025-08-30,Account,Medium,Open,8
CP556,C10040,2025-05-24,Payment,Medium,Open,6
CP557,C10329,2025-10-20,Service,Medium,Pending,20
CP558,C10457,2025-11-12,Account,Medium,Resolved,18
CP559,C10149,2025-10-04,Payment,High,Resolved,23
CP560,C10143,2026-08-31,Payment,Low,Resolved,16
CP561,C10657,2026-07-01,Service,Medium,Open,26
CP562,C10127,2026-06-25,Technical,Medium,Resolved,7
CP563,C10384,2025-08-11,Payment,Low,Open,8
CP564,C10904,2026-07-19,Delivery,Low,Resolved,24
CP565,C10441,2026-07-09,Account,Low,Resolved,27
CP566,C10492,2025-11-14,Delivery,High,Open,25
CP567,C10175,2025-09-30,Pricing,Medium,Resolved,24
CP568,C10731,2025-04-10,Pricing,Low,Resolved,6
CP569,C10510,2025-10-25,Service,Low,Resolved,23
CP570,C10728,2025-06-09,Payment,Medium,Open,14
CP571,C10488,2025-07-28,Payment,Medium,Pending,18
CP572,C10269,2026-01-20,Service,Low,Pending,27
CP573,C10344,2025-01-23,Account,Medium,Resolved,7
CP574,C10197,2026-05-19,Service,Low,Resolved,21
CP575,C10641,2026-05-01,Pricing,Low,Pending,14
CP576,C10138,2025-08-27,Account,High,Resolved,3
CP577,C10081,2026-08-15,Service,Medium,Resolved,4
CP578,C10608,2025-07-30,Pricing,Low,Resolved,23
CP579,C10755,2026-08-20,Payment,Low,Open,22
CP580,C10115,2026-03-22,Payment,Low,Pending,2
CP581,C10419,2026-04-05,Technical,Low,Pending,13
CP582,C10817,2025-07-10,Payment,Low,Open,4
CP583,C10565,2025-07-08,Payment,Low,Resolved,20
CP584,C10691,2026-02-22,Delivery,Medium,Pending,27
CP585,C10899,2026-08-11,Delivery,High,Resolved,13
CP586,C10366,2026-02-18,Payment,Medium,Resolved,6
CP587,C10670,2026-08-24,Pricing,Medium,Resolved,4
CP588,C10964,2025-08-29,Payment,Low,Pending,30
CP589,C10743,2025-12-26,Technical,Medium,Resolved,9
CP590,C10635,2025-03-12,Service,Low,Resolved,4
CP591,C10860,2025-12-25,Delivery,Medium,Resolved,7
CP592,C10543,2025-03-11,Payment,Low,Open,10
CP593,C10409,2025-12-08,Service,High,Resolved,8
CP594,C10857,2025-08-16,Service,Medium,Pending,24
CP595,C10571,2025-07-20,Technical,Low,Open,30
CP596,C10049,2026-05-07,Delivery,High,Open,26
CP597,C10265,2025-11-30,Pricing,Low,Resolved,12
CP598,C10170,2025-11-07,Account,Low,Resolved,18
CP599,C10118,2026-08-18,Payment,High,Resolved,13
CP600,C10066,2025-03-24,Account,Low,Resolved,6
CP601,C10230,2026-07-06,Payment,Low,Resolved,24
CP602,C10049,2025-11-11,Technical,Low,Resolved,15
CP603,C10339,2026-02-27,Service,Low,Resolved,13
CP604,C10159,2026-08-12,Pricing,Medium,Open,19
CP605,C10973,2025-03-05,Delivery,Medium,Pending,16
CP606,C10658,2026-02-12,Pricing,Low,Open,17
CP607,C10043,2025-02-22,Account,Low,Resolved,4
CP608,C10085,2025-10-22,Delivery,Low,Resolved,15
CP609,C10938,2025-06-30,Delivery,Low,Open,18
CP610,C10903,2026-03-26,Account,Medium,Pending,27
CP611,C10195,2026-02-19,Pricing,Medium,Open,11
CP612,C10554,2026-06-13,Payment,Medium,Resolved,28
CP613,C10564,2025-12-19,Account,Low,Resolved,6
CP614,C10290,2025-03-21,Account,Medium,Pending,8
CP615,C10437,2025-02-25,Technical,Low,Resolved,6
CP616,C10391,2026-01-09,Payment,High,Resolved,6
CP617,C10361,2025-02-04,Service,Low,Resolved,23
CP618,C10344,2025-09-26,Technical,Low,Resolved,3
CP619,C10655,2026-06-07,Payment,Low,Open,8
CP620,C10361,2025-10-25,Service,Low,Resolved,27
CP621,C10383,2025-10-21,Pricing,Medium,Open,1
CP622,C10428,2025-09-27,Account,Low,Pending,29
CP623,C10151,2025-06-23,Pricing,Low,Open,18
CP624,C10861,2025-08-11,Delivery,Low,Pending,14
CP625,C10132,2025-04-22,Technical,High,Resolved,16
CP626,C10117,2026-04-20,Account,Low,Resolved,24
CP627,C10463,2025-08-25,Service,Low,Resolved,28
CP628,C10432,2025-08-11,Service,Low,Resolved,22
CP629,C10172,2025-09-15,Payment,Low,Resolved,10
CP630,C10826,2025-11-15,Pricing,High,Resolved,3
CP631,C10551,2026-08-27,Delivery,High,Pending,10
CP632,C10218,2025-08-14,Service,Low,Open,7
CP633,C10965,2025-05-01,Account,High,Open,27
CP634,C10284,2025-02-05,Pricing,Low,Open,6
CP635,C10238,2026-03-11,Technical,High,Resolved,9
CP636,C10292,2025-08-04,Pricing,Low,Resolved,24
CP637,C10916,2026-05-02,Payment,High,Resolved,8
CP638,C10549,2025-03-31,Payment,High,Resolved,15
CP639,C10377,2025-06-21,Account,Low,Resolved,9
CP640,C10563,2025-12-01,Service,High,Open,1
CP641,C10610,2025-01-08,Delivery,Low,Pending,29
CP642,C10865,2026-01-17,Delivery,High,Pending,28
CP643,C10689,2025-07-28,Service,Medium,Pending,16
CP644,C10430,2025-12-26,Account,Low,Resolved,10
CP645,C10738,2025-03-22,Pricing,Medium,Resolved,19
CP646,C10268,2025-10-09,Account,Low,Pending,25
CP647,C10113,2025-03-12,Delivery,Medium,Resolved,26
CP648,C10334,2025-10-10,Pricing,Low,Resolved,17
CP649,C10618,2026-05-11,Payment,Low,Resolved,27
CP650,C10900,2025-08-01,Service,Medium,Resolved,26
CP651,C10511,2025-03-10,Pricing,Low,Resolved,3
CP652,C10385,2025-09-28,Payment,Low,Open,18
CP653,C10814,2025-08-28,Pricing,Medium,Resolved,12
CP654,C10206,2025-09-18,Technical,Low,Open,23
CP655,C10165,2026-07-12,Payment,Medium,Pending,1
CP656,C10164,2026-04-07,Delivery,High,Resolved,16
CP657,C10189,2025-04-15,Pricing,Medium,Resolved,15
CP658,C10148,2026-06-12,Technical,Low,Resolved,4
CP659,C10051,2025-12-28,Pricing,High,Resolved,27
CP660,C10045,2025-01-19,Technical,Low,Resolved,9
CP661,C10572,2026-02-18,Pricing,Low,Pending,1
CP662,C10504,2025-01-10,Payment,Low,Resolved,30
CP663,C10985,2025-03-11,Payment,Medium,Resolved,21
CP664,C10498,2025-08-03,Pricing,Low,Resolved,17
CP665,C10279,2025-02-25,Payment,Low,Resolved,28
CP666,C10905,2025-02-13,Account,Low,Resolved,8
CP667,C10267,2025-07-15,Delivery,Medium,Open,2
CP668,C10118,2026-08-17,Pricing,Low,Open,5
CP669,C10259,2025-04-06,Technical,Medium,Resolved,23
CP670,C10240,2025-04-08,Account,Low,Pending,17
CP671,C10067,2025-01-24,Account,Low,Resolved,13
CP672,C10434,2026-07-22,Technical,Low,Resolved,11
CP673,C10321,2025-05-11,Payment,Medium,Pending,15
CP674,C10527,2025-09-03,Service,Low,Resolved,7
CP675,C10552,2025-07-01,Pricing,Medium,Resolved,16
CP676,C10661,2025-10-09,Pricing,Low,Resolved,18
CP677,C10162,2026-01-10,Payment,Low,Resolved,12
CP678,C10734,2025-05-07,Account,Medium,Pending,29
CP679,C10721,2025-07-11,Service,Medium,Resolved,22
CP680,C10814,2025-06-01,Delivery,Medium,Open,25
CP681,C10844,2025-12-01,Pricing,Low,Resolved,9
CP682,C10204,2025-03-07,Delivery,High,Open,23
CP683,C10101,2025-08-22,Account,Low,Resolved,28
CP684,C10763,2026-08-03,Pricing,Low,Resolved,20
CP685,C10270,2025-02-15,Delivery,Low,Open,25
CP686,C10473,2025-12-16,Payment,Low,Open,17
CP687,C10867,2026-05-17,Technical,Low,Open,29
CP688,C10940,2025-01-18,Payment,High,Resolved,12
CP689,C10488,2026-07-30,Service,Low,Pending,9
CP690,C10951,2025-12-12,Pricing,Low,Resolved,6
CP691,C10807,2025-03-28,Technical,Low,Resolved,1
CP692,C10841,2025-12-10,Pricing,Medium,Open,17
CP693,C10475,2025-05-13,Technical,Medium,Open,16
CP694,C10159,2025-08-04,Pricing,Low,Resolved,30
CP695,C10482,2025-12-08,Service,Low,Resolved,14
CP696,C10051,2025-01-02,Delivery,High,Resolved,19
CP697,C10216,2025-08-29,Pricing,High,Resolved,26
CP698,C10046,2025-08-21,Pricing,Low,Resolved,18
CP699,C10068,2025-06-16,Service,Medium,Pending,23
CP700,C10164,2025-01-07,Account,Medium,Resolved,30
CP701,C10234,2026-05-26,Technical,Medium,Open,5
CP702,C10168,2026-06-24,Payment,Low,Resolved,1
CP703,C10662,2025-10-07,Service,Low,Open,28
CP704,C10048,2026-06-18,Pricing,Medium,Open,21
CP705,C10463,2025-07-26,Technical,Low,Resolved,19
CP706,C10949,2026-02-07,Technical,High,Resolved,19
CP707,C10253,2025-12-31,Technical,Medium,Open,26
CP708,C10911,2026-08-22,Account,Low,Open,4
CP709,C10009,2026-08-30,Service,Low,Open,17
CP710,C10377,2025-12-24,Account,Low,Resolved,2
CP711,C10883,2026-06-08,Account,Medium,Resolved,22
CP712,C10980,2026-06-06,Account,Low,Resolved,21
CP713,C10024,2025-05-17,Payment,Medium,Pending,10
CP714,C10852,2025-07-01,Delivery,High,Open,6
CP715,C10245,2026-03-30,Pricing,Low,Resolved,6
CP716,C10643,2025-08-22,Service,Low,Resolved,23
CP717,C10635,2026-05-12,Delivery,Low,Pending,11
CP718,C10743,2025-12-25,Delivery,Low,Open,24
CP719,C10213,2025-01-24,Delivery,Medium,Resolved,3
CP720,C10302,2025-05-20,Service,Medium,Resolved,21
CP721,C10298,2025-02-01,Service,Medium,Resolved,28
CP722,C10581,2025-05-20,Delivery,Medium,Open,29
CP723,C10881,2025-07-02,Account,Low,Pending,3
CP724,C10886,2025-11-02,Account,High,Resolved,15
CP725,C10075,2025-07-09,Pricing,Low,Resolved,28
CP726,C10163,2026-08-30,Account,Medium,Resolved,6
CP727,C10274,2026-06-14,Service,Low,Open,5
CP728,C10898,2026-03-05,Service,Low,Pending,8
CP729,C10669,2025-06-24,Account,High,Resolved,11
CP730,C10715,2026-02-15,Technical,Low,Resolved,17
CP731,C10714,2025-03-21,Technical,Medium,Resolved,16
CP732,C10576,2026-08-30,Delivery,Low,Open,5
CP733,C10380,2026-03-04,Payment,Low,Resolved,14
CP734,C10548,2025-02-28,Service,Low,Resolved,2
CP735,C10315,2026-04-02,Account,Low,Resolved,18
CP736,C10693,2025-04-22,Service,Low,Resolved,11
CP737,C10728,2025-01-03,Service,Medium,Pending,22
CP738,C10723,2026-06-18,Pricing,High,Resolved,23
CP739,C10330,2026-04-13,Delivery,High,Open,11
CP740,C10146,2025-02-14,Delivery,Medium,Pending,21
CP741,C10993,2026-01-22,Pricing,Medium,Open,3
CP742,C10525,2025-10-20,Delivery,Medium,Resolved,20
CP743,C10103,2025-11-01,Pricing,Low,Pending,10
CP744,C10516,2026-04-15,Pricing,High,Open,24
CP745,C10820,2025-07-11,Technical,Medium,Resolved,24
CP746,C10840,2025-09-28,Technical,Medium,Resolved,17
CP747,C10623,2025-05-18,Pricing,Medium,Resolved,22
CP748,C10654,2025-02-18,Account,Low,Open,27
CP749,C10677,2026-04-21,Service,Low,Open,14
CP750,C10137,2026-01-26,Pricing,Medium,Resolved,25
CP751,C10137,2025-06-09,Technical,Low,Resolved,20
CP752,C10876,2025-11-04,Technical,Low,Resolved,20
CP753,C10899,2025-05-03,Pricing,Medium,Open,10
CP754,C10548,2026-07-20,Account,High,Pending,8
CP755,C10042,2025-11-03,Technical,Medium,Pending,27
CP756,C10526,2025-02-16,Delivery,Medium,Resolved,16
CP757,C10874,2025-12-05,Pricing,Low,Open,29
CP758,C10518,2025-06-24,Payment,Low,Resolved,10
CP759,C10200,2025-07-05,Payment,Low,Open,16
CP760,C10545,2025-01-05,Service,Medium,Resolved,24
CP761,C10302,2026-02-05,Account,Low,Pending,26
CP762,C10265,2026-04-03,Technical,Low,Resolved,7
CP763,C10863,2026-04-09,Pricing,Low,Open,15
CP764,C10760,2025-01-25,Account,Low,Open,26
CP765,C10819,2026-02-09,Pricing,Low,Open,20
CP766,C10023,2026-07-25,Pricing,Medium,Open,27
CP767,C10599,2025-12-15,Delivery,Low,Resolved,4
CP768,C10957,2025-08-19,Payment,Low,Pending,21
CP769,C10591,2026-03-23,Payment,Medium,Resolved,10
CP770,C10399,2025-10-08,Pricing,Medium,Open,2
CP771,C10678,2025-12-27,Delivery,Low,Resolved,20
CP772,C10136,2025-09-22,Account,Medium,Resolved,26
CP773,C10621,2025-03-08,Payment,Low,Open,16
CP774,C10903,2025-12-03,Pricing,Low,Pending,27
CP775,C10350,2026-03-12,Service,Low,Open,26
CP776,C10610,2026-01-23,Payment,Medium,Resolved,8
CP777,C10430,2025-05-24,Service,Low,Resolved,12
CP778,C10447,2026-07-05,Service,Low,Resolved,12
CP779,C10615,2025-04-12,Service,Low,Resolved,25
CP780,C10902,2026-05-16,Technical,High,Resolved,8
CP781,C10458,2026-06-27,Technical,Low,Resolved,23
CP782,C10168,2025-03-17,Account,Medium,Resolved,1
CP783,C10968,2025-02-27,Service,Low,Pending,28
CP784,C10818,2025-01-30,Pricing,Low,Resolved,10
CP785,C10356,2025-06-15,Service,Medium,Open,8
CP786,C10094,2026-04-15,Technical,Low,Resolved,19
CP787,C10788,2025-01-20,Delivery,Low,Open,25
CP788,C10016,2026-02-11,Account,Low,Resolved,21
CP789,C10749,2025-03-16,Account,Medium,Resolved,23
CP790,C10112,2025-01-18,Pricing,Medium,Resolved,13
CP791,C10296,2026-08-31,Payment,Low,Open,11
CP792,C10000,2025-01-25,Delivery,Medium,Resolved,28
CP793,C10046,2026-05-23,Service,Medium,Resolved,3
CP794,C10249,2025-02-12,Service,Low,Resolved,28
CP795,C10128,2025-05-13,Technical,Medium,Open,18
CP796,C10563,2025-02-23,Payment,Medium,Open,10
CP797,C10876,2026-01-06,Account,High,Resolved,20
CP798,C10975,2025-07-28,Account,High,Open,5
CP799,C10200,2025-11-20,Pricing,High,Open,18
CP800,C10904,2025-11-07,Pricing,Low,Resolved,23
CP801,C10978,2026-02-21,Technical,Medium,Open,23
CP802,C10887,2026-07-28,Delivery,Low,Pending,10
CP803,C10454,2026-03-18,Payment,Low,Pending,22
CP804,C10879,2025-05-05,Delivery,Medium,Open,27
CP805,C10193,2025-08-10,Technical,Low,Resolved,27
CP806,C10215,2026-06-29,Pricing,Low,Resolved,2
CP807,C10875,2025-06-15,Service,Low,Resolved,26
CP808,C10234,2025-02-18,Technical,Medium,Resolved,4
CP809,C10118,2025-03-01,Account,Low,Open,13
CP810,C10755,2025-01-07,Pricing,Medium,Resolved,2
CP811,C10984,2025-09-16,Payment,Low,Pending,24
CP812,C10693,2026-05-25,Account,Low,Resolved,18
CP813,C10430,2026-08-30,Payment,Medium,Open,7
CP814,C10975,2025-12-29,Delivery,Low,Resolved,24
CP815,C10989,2025-05-11,Delivery,Low,Resolved,18
CP816,C10058,2025-09-10,Service,Medium,Resolved,7
CP817,C10027,2026-05-21,Account,Medium,Open,5
CP818,C10696,2026-06-16,Account,Medium,Resolved,21
CP819,C10367,2025-12-02,Technical,Medium,Open,20
CP820,C10110,2025-01-24,Technical,Medium,Open,21
CP821,C10862,2025-05-29,Delivery,Medium,Resolved,24
CP822,C10550,2025-06-25,Pricing,High,Open,5
CP823,C10071,2026-01-03,Pricing,High,Pending,24
CP824,C10348,2026-02-13,Service,Low,Open,25
CP825,C10552,2026-07-15,Pricing,Medium,Pending,4
CP826,C10528,2026-06-14,Technical,Medium,Open,26
CP827,C10467,2025-11-19,Service,Medium,Open,28
CP828,C10204,2025-07-14,Payment,Medium,Resolved,7
CP829,C10800,2025-11-04,Service,Medium,Pending,21
CP830,C10413,2026-04-20,Payment,Low,Resolved,16
CP831,C10229,2026-07-29,Payment,High,Pending,25
CP832,C10748,2026-03-28,Delivery,Medium,Resolved,26
CP833,C10639,2026-08-30,Pricing,High,Resolved,6
CP834,C10075,2025-02-01,Payment,Medium,Open,4
CP835,C10884,2025-01-03,Service,High,Resolved,4
CP836,C10524,2025-11-20,Account,Medium,Open,26
CP837,C10186,2026-08-24,Payment,Low,Resolved,19
CP838,C10570,2026-08-13,Pricing,Low,Resolved,17
CP839,C10500,2026-07-26,Delivery,Medium,Resolved,21
CP840,C10753,2026-07-15,Pricing,High,Resolved,2
CP841,C10688,2025-12-09,Delivery,Medium,Resolved,18
CP842,C10913,2026-08-07,Pricing,Low,Resolved,25
CP843,C10801,2025-01-02,Account,Medium,Resolved,29
CP844,C10838,2025-08-06,Payment,Medium,Resolved,12
CP845,C10272,2025-05-08,Account,Low,Pending,3
CP846,C10657,2025-09-03,Account,Medium,Resolved,26
CP847,C10366,2025-07-18,Delivery,High,Resolved,22
CP848,C10821,2025-12-14,Technical,Medium,Resolved,30
CP849,C10023,2026-04-27,Technical,High,Resolved,23
CP850,C10662,2025-02-24,Account,Low,Resolved,15
CP851,C10683,2025-11-03,Pricing,Low,Resolved,16
CP852,C10717,2026-08-14,Account,Low,Resolved,11
CP853,C10710,2025-08-09,Account,Medium,Resolved,18
CP854,C10678,2025-06-08,Service,Medium,Open,11
CP855,C10205,2026-04-18,Service,High,Resolved,17
CP856,C10372,2026-04-27,Service,Low,Resolved,16
CP857,C10306,2025-10-28,Payment,Medium,Resolved,24
CP858,C10442,2026-08-09,Account,Low,Resolved,1
CP859,C10236,2026-03-24,Delivery,High,Resolved,28
CP860,C10636,2026-02-20,Service,Medium,Resolved,18
CP861,C10532,2025-07-15,Technical,Low,Open,28
CP862,C10736,2026-03-08,Payment,Medium,Open,24
CP863,C10246,2025-04-28,Pricing,Medium,Resolved,21
CP864,C10181,2025-12-03,Technical,Medium,Resolved,13
CP865,C10432,2026-04-21,Technical,Medium,Open,26
CP866,C10963,2025-08-22,Delivery,Low,Open,6
CP867,C10350,2026-06-04,Delivery,Low,Resolved,19
CP868,C10078,2025-04-28,Service,Medium,Pending,20
CP869,C10353,2026-03-16,Service,Low,Pending,8
CP870,C10977,2025-06-26,Pricing,Low,Pending,24
CP871,C10749,2026-04-13,Payment,Low,Resolved,30
CP872,C10930,2025-06-24,Delivery,Low,Open,11
CP873,C10245,2026-07-01,Delivery,Medium,Open,10
CP874,C10938,2025-09-08,Service,Medium,Open,6
CP875,C10708,2026-08-10,Service,Low,Pending,15
CP876,C10614,2025-11-19,Delivery,Medium,Resolved,20
CP877,C10476,2025-06-27,Technical,High,Resolved,1
CP878,C10543,2026-05-31,Pricing,Low,Resolved,3
CP879,C10714,2025-03-11,Service,Low,Resolved,2
CP880,C10584,2025-08-13,Service,Medium,Open,12
CP881,C10901,2026-03-22,Delivery,Medium,Resolved,19
CP882,C10000,2025-08-14,Delivery,Low,Resolved,25
CP883,C10978,2026-04-10,Delivery,Low,Pending,18
CP884,C10376,2025-06-06,Technical,Medium,Pending,12
CP885,C10663,2026-03-02,Pricing,High,Open,14
CP886,C10374,2025-06-27,Payment,High,Pending,29
CP887,C10782,2025-12-17,Delivery,Medium,Resolved,27
CP888,C10667,2025-05-15,Technical,Low,Resolved,20
CP889,C10273,2025-04-20,Payment,Medium,Resolved,18
CP890,C10492,2026-07-21,Account,Low,Resolved,3
CP891,C10637,2026-04-28,Account,Low,Open,19
CP892,C10627,2025-06-24,Account,Low,Open,4
CP893,C10600,2025-09-10,Account,Medium,Resolved,27
CP894,C10303,2026-04-02,Service,High,Resolved,27
CP895,C10998,2026-02-27,Service,Medium,Resolved,24
CP896,C10584,2025-12-14,Payment,Medium,Resolved,15
CP897,C10353,2026-04-13,Delivery,Low,Resolved,24
CP898,C10095,2026-07-02,Delivery,Low,Resolved,10
CP899,C10002,2026-04-25,Delivery,Low,Resolved,8
CP900,C10728,2026-08-14,Pricing,Medium,Resolved,4
CP901,C10391,2025-06-15,Service,Medium,Open,9
CP902,C10995,2025-07-16,Payment,Low,Resolved,9
CP903,C10777,2026-08-27,Pricing,Medium,Resolved,16
CP904,C10286,2025-08-14,Service,Low,Resolved,10
CP905,C10384,2025-05-13,Delivery,Medium,Open,21
CP906,C10456,2025-10-23,Service,Medium,Resolved,13
CP907,C10458,2026-01-23,Pricing,Low,Resolved,5
CP908,C10660,2025-01-17,Payment,Low,Resolved,3
CP909,C10134,2026-08-19,Account,Medium,Resolved,14
CP910,C10387,2025-04-16,Pricing,Medium,Resolved,21
CP911,C10925,2025-09-20,Payment,High,Resolved,5
CP912,C10960,2025-07-30,Payment,Medium,Resolved,17
CP913,C10814,2026-01-17,Delivery,Medium,Open,10
CP914,C10410,2025-04-17,Account,Medium,Open,1
CP915,C10798,2026-08-28,Delivery,Low,Resolved,15
CP916,C10372,2026-04-05,Pricing,Low,Open,23
CP917,C10329,2025-10-29,Account,Medium,Resolved,3
CP918,C10218,2025-10-16,Payment,Medium,Pending,13
CP919,C10146,2025-02-07,Technical,Low,Resolved,13
CP920,C10957,2025-09-28,Account,Low,Resolved,28
CP921,C10358,2026-03-23,Pricing,Medium,Open,13
CP922,C10195,2025-09-14,Technical,Low,Resolved,26
CP923,C10729,2025-09-25,Service,Low,Resolved,8
CP924,C10174,2025-12-08,Service,Medium,Open,3
CP925,C10961,2025-05-04,Payment,Low,Open,2
CP926,C10318,2025-11-18,Service,Low,Pending,10
CP927,C10824,2025-04-24,Account,Medium,Resolved,15
CP928,C10844,2025-06-30,Technical,Low,Resolved,15
CP929,C10451,2026-03-07,Service,Low,Open,15
CP930,C10811,2026-05-09,Technical,Low,Pending,15
CP931,C10945,2025-08-27,Delivery,Medium,Resolved,23
CP932,C10728,2025-05-09,Account,Medium,Open,30
CP933,C10948,2026-05-19,Technical,Medium,Resolved,10
CP934,C10451,2025-11-16,Technical,Medium,Resolved,21
CP935,C10438,2025-02-15,Payment,Medium,Pending,23
CP936,C10958,2025-07-31,Account,Low,Pending,29
CP937,C10878,2026-05-11,Payment,Low,Open,10
CP938,C10208,2026-05-06,Payment,Low,Open,7
CP939,C10536,2026-08-05,Delivery,Low,Resolved,15
CP940,C10356,2025-03-12,Pricing,Low,Resolved,10
CP941,C10303,2026-01-18,Pricing,Low,Resolved,25
CP942,C10074,2026-08-12,Payment,Low,Resolved,1
CP943,C10500,2026-02-19,Account,Medium,Resolved,6
CP944,C10211,2025-04-17,Delivery,High,Open,19
CP945,C10852,2026-05-23,Account,High,Open,20
CP946,C10798,2025-07-30,Technical,Medium,Open,14
CP947,C10099,2026-04-11,Pricing,Medium,Open,24
CP948,C10180,2026-07-07,Pricing,High,Open,6
CP949,C10720,2026-06-22,Account,Low,Resolved,29
CP950,C10748,2025-02-26,Payment,Medium,Open,4
CP951,C10753,2026-04-16,Payment,Low,Open,16
CP952,C10638,2026-02-09,Account,Medium,Resolved,29
CP953,C10124,2026-07-21,Pricing,Low,Open,5
CP954,C10605,2025-11-03,Delivery,Low,Pending,3
CP955,C10314,2026-07-21,Payment,Low,Resolved,4
CP956,C10335,2026-05-01,Payment,Medium,Resolved,11
CP957,C10790,2025-08-08,Technical,Medium,Resolved,8
CP958,C10340,2026-06-20,Delivery,Medium,Resolved,12
CP959,C10674,2025-11-10,Pricing,Low,Resolved,9
CP960,C10125,2026-02-17,Delivery,Low,Resolved,9
CP961,C10134,2026-02-18,Account,Medium,Pending,16
CP962,C10124,2025-09-03,Technical,Medium,Open,28
CP963,C10301,2025-09-23,Delivery,Low,Pending,29
CP964,C10495,2025-06-12,Delivery,Medium,Pending,17
CP965,C10286,2026-03-31,Payment,Low,Pending,30
CP966,C10941,2025-10-20,Pricing,High,Resolved,23
CP967,C10202,2026-03-23,Account,Low,Pending,10
CP968,C10580,2025-09-27,Pricing,High,Resolved,15
CP969,C10449,2025-06-14,Technical,Low,Resolved,25
CP970,C10065,2025-03-23,Delivery,Low,Resolved,1
CP971,C10278,2025-10-28,Delivery,Low,Open,2
CP972,C10144,2025-07-03,Service,Low,Resolved,25
CP973,C10275,2026-08-21,Payment,Low,Resolved,30
CP974,C10194,2025-11-17,Pricing,Medium,Open,11
CP975,C10477,2026-08-28,Delivery,Medium,Resolved,19
CP976,C10500,2025-04-30,Technical,Low,Resolved,2
CP977,C10480,2026-08-10,Payment,Low,Open,27
CP978,C10673,2025-10-25,Pricing,Low,Resolved,20
CP979,C10447,2026-07-25,Account,Low,Resolved,3
CP980,C10607,2025-03-08,Technical,Low,Resolved,4
CP981,C10687,2025-04-05,Account,Low,Pending,10
CP982,C10722,2026-07-20,Service,High,Resolved,14
CP983,C10421,2025-10-08,Account,High,Resolved,3
CP984,C10434,2025-06-24,Pricing,Medium,Open,22
CP985,C10635,2026-06-29,Payment,High,Open,17
CP986,C10403,2025-04-01,Account,Medium,Resolved,16
CP987,C10820,2025-07-07,Technical,Low,Resolved,6
CP988,C10001,2026-01-10,Technical,High,Resolved,24
CP989,C10597,2025-03-02,Service,Low,Open,5
CP990,C10059,2026-08-24,Payment,Low,Resolved,25
CP991,C10210,2026-06-26,Pricing,Low,Pending,22
CP992,C10196,2025-09-26,Account,Low,Pending,28
CP993,C10437,2026-01-28,Pricing,Medium,Resolved,21
CP994,C10095,2026-07-15,Technical,High,Resolved,14
CP995,C10970,2026-06-10,Payment,Low,Resolved,13
CP996,C10599,2026-02-15,Payment,Medium,Pending,29
CP997,C10279,2025-05-11,Technical,Low,Resolved,1
CP998,C10933,2025-11-19,Technical,High,Pending,15
CP999,C10345,2025-07-28,Account,Medium,Pending,24
CP1000,C10838,2025-01-24,Account,Medium,Open,5
CP1001,C10791,2025-09-20,Payment,Low,Pending,6
CP1002,C10056,2026-02-05,Account,Medium,Pending,1
CP1003,C10627,2026-04-07,Account,Medium,Open,16
CP1004,C10868,2026-01-15,Service,High,Resolved,30
CP1005,C10724,2025-12-19,Pricing,Low,Open,21
CP1006,C10460,2025-10-25,Service,Low,Open,23
CP1007,C10898,2025-01-10,Technical,High,Pending,3
CP1008,C10022,2026-03-08,Service,High,Resolved,14
CP1009,C10426,2025-01-17,Service,Medium,Pending,22
CP1010,C10214,2026-08-20,Payment,Low,Resolved,30
CP1011,C10925,2025-05-01,Technical,Medium,Open,7
CP1012,C10855,2025-10-19,Service,High,Open,12
CP1013,C10991,2026-06-13,Account,Low,Resolved,23
CP1014,C10353,2026-06-26,Technical,Low,Open,23
CP1015,C10073,2025-01-26,Delivery,Low,Resolved,6
CP1016,C10162,2026-07-08,Service,Low,Resolved,25
CP1017,C10664,2026-07-30,Service,Medium,Resolved,23
CP1018,C10778,2025-08-27,Service,High,Resolved,23
CP1019,C10005,2025-06-22,Technical,Low,Pending,15
CP1020,C10643,2026-07-22,Pricing,Low,Resolved,8
CP1021,C10832,2026-02-28,Account,Low,Open,28
CP1022,C10818,2025-02-28,Account,High,Open,28
CP1023,C10662,2026-04-22,Service,Low,Resolved,28
CP1024,C10557,2025-10-11,Account,Medium,Resolved,30
CP1025,C10947,2025-05-28,Service,Medium,Resolved,16
CP1026,C10162,2026-01-05,Pricing,Medium,Open,18
CP1027,C10058,2026-01-07,Delivery,Medium,Resolved,6
CP1028,C10200,2025-03-19,Technical,Low,Open,22
CP1029,C10062,2025-12-09,Service,Low,Pending,24
CP1030,C10118,2026-08-14,Delivery,Low,Resolved,9
CP1031,C10763,2026-04-03,Service,Medium,Pending,17
CP1032,C10081,2025-06-30,Delivery,Low,Resolved,21
CP1033,C10801,2025-01-11,Pricing,High,Resolved,5
CP1034,C10781,2025-05-06,Payment,Medium,Resolved,11
CP1035,C10420,2026-03-06,Service,Medium,Resolved,22
CP1036,C10678,2026-03-15,Delivery,Medium,Resolved,4
CP1037,C10531,2026-07-02,Delivery,Medium,Pending,29
CP1038,C10996,2026-08-07,Pricing,Low,Open,25
CP1039,C10789,2025-10-07,Delivery,Low,Resolved,20
CP1040,C10687,2026-06-26,Technical,Medium,Open,5
CP1041,C10232,2025-11-25,Delivery,High,Resolved,21
CP1042,C10378,2025-03-14,Payment,Medium,Resolved,8
CP1043,C10840,2026-05-10,Account,Medium,Open,28
CP1044,C10623,2025-01-03,Account,Low,Pending,7
CP1045,C10665,2026-06-26,Pricing,Medium,Resolved,28
CP1046,C10955,2026-03-11,Pricing,Low,Resolved,29
CP1047,C10884,2025-09-21,Pricing,High,Open,6
CP1048,C10131,2025-10-11,Delivery,High,Resolved,22
CP1049,C10561,2026-04-11,Delivery,Medium,Resolved,12
CP1050,C10174,2026-02-14,Pricing,High,Resolved,10
CP1051,C10804,2026-06-30,Technical,Low,Resolved,20
CP1052,C10023,2026-05-24,Account,Medium,Resolved,23
CP1053,C10932,2025-12-19,Payment,Medium,Resolved,5
CP1054,C10830,2025-01-18,Payment,Low,Resolved,27
CP1055,C10927,2025-07-29,Delivery,Low,Open,15
CP1056,C10321,2026-07-29,Service,Low,Resolved,19
CP1057,C10489,2026-07-02,Pricing,Low,Pending,8
CP1058,C10717,2026-06-09,Technical,High,Resolved,5
CP1059,C10514,2026-03-12,Technical,Medium,Resolved,4
CP1060,C10964,2025-04-08,Payment,Medium,Resolved,6
CP1061,C10373,2025-07-12,Technical,High,Pending,23
CP1062,C10276,2025-02-04,Technical,Low,Resolved,4
CP1063,C10821,2025-02-17,Pricing,Low,Resolved,5
CP1064,C10550,2026-01-29,Service,Medium,Resolved,22
CP1065,C10992,2026-03-26,Delivery,High,Pending,9
CP1066,C10894,2026-04-28,Payment,Low,Resolved,20
CP1067,C10369,2026-06-18,Technical,Medium,Pending,22
CP1068,C10759,2025-11-19,Payment,Medium,Resolved,21
CP1069,C10041,2025-10-22,Pricing,Medium,Resolved,8
CP1070,C10763,2025-07-26,Technical,Medium,Resolved,14
CP1071,C10318,2025-06-12,Account,Medium,Resolved,29
CP1072,C10799,2025-09-10,Account,High,Pending,7
CP1073,C10583,2026-08-04,Pricing,Low,Open,10
CP1074,C10667,2026-04-01,Account,Medium,Open,1
CP1075,C10642,2025-04-04,Technical,Low,Resolved,15
CP1076,C10951,2025-12-05,Technical,Low,Resolved,12
CP1077,C10116,2026-08-24,Delivery,Low,Pending,30
CP1078,C10433,2025-07-13,Account,Medium,Open,14
CP1079,C10959,2025-10-14,Technical,Low,Pending,5
CP1080,C10243,2025-04-12,Payment,Medium,Open,8
CP1081,C10452,2025-02-03,Payment,Medium,Open,8
CP1082,C10493,2026-06-15,Service,Medium,Resolved,9
CP1083,C10086,2025-08-25,Technical,Medium,Pending,18
CP1084,C10642,2026-05-06,Delivery,High,Resolved,13
CP1085,C10405,2025-04-03,Payment,Low,Open,25
CP1086,C10960,2025-08-12,Delivery,Low,Resolved,18
CP1087,C10969,2026-08-16,Pricing,Medium,Resolved,3
CP1088,C10142,2025-08-03,Delivery,Low,Resolved,15
CP1089,C10862,2026-05-04,Pricing,Low,Resolved,12
CP1090,C10258,2026-01-08,Payment,Low,Open,17
CP1091,C10221,2026-07-16,Technical,Low,Open,29
CP1092,C10228,2025-03-04,Service,Medium,Pending,30
CP1093,C10140,2026-06-04,Pricing,Low,Resolved,22
CP1094,C10904,2026-06-17,Technical,High,Resolved,5
CP1095,C10008,2026-01-19,Account,Low,Resolved,14
CP1096,C10912,2026-05-28,Account,High,Resolved,21
CP1097,C10374,2025-08-12,Delivery,Low,Resolved,29
CP1098,C10159,2026-04-13,Account,Medium,Resolved,21
CP1099,C10564,2025-02-03,Service,Low,Open,10
CP1100,C10828,2026-07-03,Account,Low,Resolved,22
CP1101,C10748,2026-06-18,Pricing,Low,Open,7
CP1102,C10806,2026-06-23,Pricing,Low,Open,4
CP1103,C10885,2026-07-31,Payment,High,Resolved,9
CP1104,C10005,2025-05-03,Delivery,Low,Resolved,28
CP1105,C10239,2026-02-26,Account,High,Resolved,11
CP1106,C10112,2025-11-17,Payment,High,Resolved,6
CP1107,C10146,2025-01-13,Pricing,High,Open,5
CP1108,C10979,2025-10-29,Payment,Medium,Pending,17
CP1109,C10887,2026-07-09,Technical,Medium,Resolved,18
CP1110,C10077,2026-01-31,Delivery,Medium,Open,10
CP1111,C10888,2025-12-13,Payment,Medium,Resolved,25
CP1112,C10915,2026-01-05,Pricing,High,Open,25
CP1113,C10899,2025-11-24,Account,Low,Resolved,19
CP1114,C10776,2026-05-16,Service,Medium,Open,12
CP1115,C10975,2026-04-08,Account,Medium,Resolved,16
CP1116,C10852,2025-01-13,Service,High,Resolved,7
CP1117,C10640,2025-09-09,Technical,Low,Resolved,12
CP1118,C10526,2025-03-13,Payment,Low,Resolved,29
CP1119,C10144,2026-02-08,Delivery,Medium,Pending,21
CP1120,C10184,2025-11-05,Delivery,Low,Resolved,7
CP1121,C10510,2025-06-19,Pricing,Low,Resolved,29
CP1122,C10499,2025-06-20,Service,Low,Resolved,9
CP1123,C10862,2025-03-01,Delivery,Low,Resolved,16
CP1124,C10471,2025-09-14,Service,Low,Pending,17
CP1125,C10525,2025-09-15,Account,Medium,Open,18
CP1126,C10656,2025-10-07,Service,High,Resolved,3
CP1127,C10289,2025-12-26,Delivery,Low,Resolved,12
CP1128,C10579,2026-02-11,Account,Low,Open,11
CP1129,C10036,2025-03-31,Payment,Low,Resolved,9
CP1130,C10562,2025-04-21,Service,High,Pending,2
CP1131,C10505,2025-08-28,Pricing,High,Open,22
CP1132,C10969,2025-02-13,Service,Low,Resolved,28
CP1133,C10220,2025-06-05,Delivery,Low,Resolved,3
CP1134,C10789,2026-07-27,Service,Low,Resolved,22
CP1135,C10548,2025-02-25,Technical,Low,Resolved,30
CP1136,C10022,2026-06-06,Technical,Medium,Open,13
CP1137,C10793,2026-05-20,Payment,Low,Open,27
CP1138,C10355,2026-02-01,Account,High,Resolved,25
CP1139,C10493,2025-03-15,Service,Medium,Resolved,4
CP1140,C10285,2026-05-19,Payment,Low,Resolved,2
CP1141,C10852,2026-08-29,Account,Low,Open,16
CP1142,C10947,2026-05-30,Payment,Medium,Resolved,13
CP1143,C10352,2026-01-11,Technical,Medium,Pending,14
CP1144,C10200,2026-08-17,Technical,Medium,Resolved,27
CP1145,C10476,2025-01-19,Service,Medium,Open,29
CP1146,C10234,2026-05-06,Payment,Medium,Open,22
CP1147,C10906,2025-01-18,Delivery,Medium,Resolved,8
CP1148,C10047,2025-05-09,Account,Low,Resolved,15
CP1149,C10723,2025-06-24,Pricing,Medium,Resolved,30
CP1150,C10695,2025-05-21,Payment,Low,Open,26
CP1151,C10685,2025-12-24,Payment,Low,Resolved,23
CP1152,C10842,2025-03-30,Payment,Low,Pending,13
CP1153,C10138,2025-06-06,Payment,High,Resolved,9
CP1154,C10709,2026-03-31,Service,Low,Resolved,26
CP1155,C10619,2025-03-13,Technical,Medium,Resolved,2
CP1156,C10878,2025-11-15,Technical,Medium,Resolved,18
CP1157,C10565,2025-02-13,Delivery,Low,Resolved,28
CP1158,C10797,2025-09-03,Technical,Medium,Resolved,8
CP1159,C10638,2025-12-24,Delivery,Low,Resolved,11
CP1160,C10634,2025-04-08,Pricing,Low,Resolved,22
CP1161,C10223,2025-07-23,Account,High,Open,4
CP1162,C10714,2025-07-12,Technical,Low,Resolved,4
CP1163,C10109,2026-03-30,Pricing,Low,Resolved,14
CP1164,C10163,2026-04-30,Pricing,Medium,Resolved,3
CP1165,C10830,2025-07-02,Account,Low,Resolved,22
CP1166,C10584,2026-03-21,Payment,High,Resolved,13
CP1167,C10731,2025-07-27,Delivery,Medium,Resolved,2
CP1168,C10355,2025-08-30,Service,Low,Resolved,11
CP1169,C10465,2025-02-21,Delivery,Low,Open,7
CP1170,C10003,2026-03-24,Delivery,Low,Resolved,14
CP1171,C10322,2025-06-30,Account,Medium,Resolved,30
CP1172,C10244,2026-01-10,Delivery,Low,Resolved,6
CP1173,C10764,2025-07-31,Service,Medium,Resolved,11
CP1174,C10957,2025-04-21,Technical,Medium,Resolved,6
CP1175,C10661,2025-08-29,Service,Low,Resolved,4
CP1176,C10304,2026-02-02,Service,Low,Open,4
CP1177,C10276,2025-11-20,Service,Medium,Open,26
CP1178,C10267,2025-10-08,Account,High,Resolved,22
CP1179,C10518,2025-06-12,Account,Low,Resolved,17
CP1180,C10193,2025-06-16,Pricing,High,Resolved,26
CP1181,C10495,2026-06-04,Pricing,Medium,Resolved,10
CP1182,C10735,2025-11-01,Payment,Low,Pending,19
CP1183,C10529,2025-09-21,Delivery,Low,Resolved,28
CP1184,C10070,2025-01-27,Delivery,Medium,Resolved,3
CP1185,C10084,2025-08-06,Account,Medium,Open,28
CP1186,C10605,2025-12-28,Technical,Medium,Open,28
CP1187,C10741,2025-11-19,Account,Low,Open,18
CP1188,C10642,2025-08-25,Account,Low,Resolved,11
CP1189,C10120,2025-08-21,Technical,Low,Open,7
CP1190,C10372,2025-08-31,Account,Low,Open,2
CP1191,C10333,2025-01-04,Service,Low,Resolved,19
CP1192,C10903,2026-06-21,Account,Low,Open,27
CP1193,C10625,2025-03-02,Pricing,Low,Open,17
CP1194,C10870,2026-05-18,Account,Medium,Pending,20
CP1195,C10474,2026-08-07,Account,Low,Resolved,9
CP1196,C10498,2026-04-02,Payment,Medium,Pending,15
CP1197,C10863,2025-09-15,Technical,Low,Resolved,13
CP1198,C10645,2026-02-19,Account,High,Resolved,10
CP1199,C10675,2026-07-14,Service,Medium,Resolved,26
CP1200,C10438,2026-05-08,Pricing,Low,Resolved,10
CP1201,C10372,2026-04-18,Pricing,High,Resolved,7
CP1202,C10150,2025-12-18,Account,Medium,Resolved,16
CP1203,C10779,2025-08-20,Delivery,Low,Open,2
CP1204,C10857,2025-05-28,Payment,High,Open,3
CP1205,C10728,2025-05-07,Technical,Medium,Open,10
CP1206,C10948,2025-06-16,Account,Low,Open,6
CP1207,C10139,2025-06-24,Payment,Medium,Resolved,29
CP1208,C10157,2026-03-31,Delivery,Low,Resolved,18
CP1209,C10696,2025-06-25,Technical,Low,Resolved,18
CP1210,C10584,2026-08-17,Technical,Low,Resolved,12
CP1211,C10393,2025-04-08,Account,Low,Pending,20
CP1212,C10725,2026-07-17,Technical,High,Open,29
CP1213,C10199,2025-12-31,Account,Low,Resolved,17
CP1214,C10744,2025-05-18,Service,Low,Resolved,28
CP1215,C10375,2026-07-18,Payment,Low,Resolved,18
CP1216,C10251,2025-03-08,Payment,Low,Resolved,23
CP1217,C10453,2025-06-16,Technical,High,Resolved,30
CP1218,C10142,2025-03-22,Account,Medium,Resolved,3
CP1219,C10107,2026-03-07,Delivery,Low,Resolved,30
CP1220,C10511,2025-02-24,Service,Low,Resolved,1
CP1221,C10522,2026-02-21,Technical,Low,Resolved,2
CP1222,C10462,2026-05-04,Pricing,Low,Open,15
CP1223,C10455,2026-05-20,Payment,Medium,Resolved,3
CP1224,C10169,2026-08-22,Payment,High,Resolved,3
CP1225,C10326,2026-08-01,Account,Low,Resolved,10
CP1226,C10432,2026-05-18,Service,High,Resolved,17
CP1227,C10712,2026-05-01,Technical,Low,Open,11
CP1228,C10275,2025-05-09,Account,High,Pending,25
CP1229,C10200,2025-11-11,Account,High,Resolved,17
CP1230,C10575,2025-05-03,Account,Low,Pending,9
CP1231,C10216,2025-06-24,Service,Medium,Pending,20
CP1232,C10887,2025-12-13,Service,Medium,Open,19
CP1233,C10942,2025-10-09,Payment,Low,Open,22
CP1234,C10174,2025-02-06,Pricing,Low,Resolved,22
CP1235,C10335,2025-08-12,Pricing,Low,Pending,19
CP1236,C10409,2026-05-13,Service,Medium,Resolved,29
CP1237,C10997,2026-03-24,Delivery,Medium,Open,21
CP1238,C10784,2025-11-01,Pricing,Medium,Resolved,23
CP1239,C10390,2025-04-06,Technical,Medium,Resolved,16
CP1240,C10701,2025-01-11,Technical,Low,Open,7
CP1241,C10019,2025-11-07,Technical,Medium,Resolved,7
CP1242,C10491,2026-08-30,Delivery,Low,Resolved,27
CP1243,C10198,2026-07-17,Service,Medium,Pending,24
CP1244,C10292,2025-07-25,Service,High,Pending,25
CP1245,C10910,2025-03-06,Delivery,High,Resolved,25
CP1246,C10967,2026-01-15,Delivery,Medium,Resolved,11
CP1247,C10594,2025-07-28,Account,Low,Pending,27
CP1248,C10718,2025-05-10,Service,Medium,Pending,19
CP1249,C10969,2025-07-25,Payment,High,Resolved,22
CP1250,C10247,2025-11-11,Payment,Low,Open,28
CP1251,C10395,2025-06-29,Pricing,Low,Pending,18
CP1252,C10073,2026-06-02,Service,Medium,Resolved,16
CP1253,C10879,2026-07-02,Service,Medium,Resolved,27
CP1254,C10458,2025-07-11,Payment,Low,Resolved,30
CP1255,C10691,2026-05-07,Payment,High,Resolved,5
CP1256,C10602,2026-08-06,Technical,Medium,Open,2
CP1257,C10893,2025-02-15,Payment,Medium,Pending,7
CP1258,C10680,2025-10-29,Delivery,Low,Resolved,23
CP1259,C10710,2026-06-24,Delivery,Low,Resolved,3
CP1260,C10583,2025-08-27,Service,Medium,Resolved,29
CP1261,C10235,2026-05-30,Payment,Low,Resolved,18
CP1262,C10108,2025-06-11,Service,Low,Pending,16
CP1263,C10728,2026-03-03,Account,Medium,Resolved,10
CP1264,C10651,2026-07-14,Delivery,Low,Resolved,3
CP1265,C10367,2025-05-18,Pricing,Medium,Open,26
CP1266,C10136,2025-12-23,Technical,Low,Resolved,15
CP1267,C10796,2025-01-20,Account,Low,Open,3
CP1268,C10675,2025-10-08,Pricing,Low,Open,15
CP1269,C10537,2026-07-21,Technical,High,Open,2
CP1270,C10032,2025-04-23,Account,Low,Resolved,7
CP1271,C10676,2025-11-30,Account,Low,Open,14
CP1272,C10325,2025-03-29,Pricing,Medium,Pending,7
CP1273,C10703,2025-07-04,Pricing,Low,Pending,14
CP1274,C10081,2025-06-12,Account,Medium,Open,7
CP1275,C10276,2025-11-04,Pricing,Low,Resolved,18
CP1276,C10012,2026-05-07,Pricing,Low,Resolved,22
CP1277,C10289,2026-02-06,Technical,Medium,Resolved,25
CP1278,C10236,2025-07-08,Technical,Low,Resolved,6
CP1279,C10915,2025-12-14,Technical,Medium,Open,7
CP1280,C10733,2025-02-04,Delivery,Medium,Resolved,27
CP1281,C10942,2026-04-27,Delivery,Low,Open,25
CP1282,C10952,2026-05-05,Pricing,Low,Resolved,24
CP1283,C10228,2026-07-24,Pricing,Medium,Open,6
CP1284,C10294,2026-07-22,Account,Medium,Resolved,20
CP1285,C10061,2025-08-13,Account,Medium,Resolved,28
CP1286,C10138,2025-08-10,Service,Low,Resolved,22
CP1287,C10515,2025-08-28,Delivery,Medium,Resolved,10
CP1288,C10773,2026-08-14,Service,Medium,Pending,17
CP1289,C10832,2026-02-25,Technical,Medium,Resolved,25
CP1290,C10259,2025-10-04,Delivery,Medium,Resolved,30
CP1291,C10157,2026-01-31,Payment,Medium,Resolved,16
CP1292,C10604,2026-08-22,Delivery,Low,Open,6
CP1293,C10361,2026-01-13,Technical,Low,Open,7
CP1294,C10381,2026-06-26,Payment,Medium,Resolved,9
CP1295,C10133,2025-10-24,Technical,Low,Resolved,30
CP1296,C10077,2026-07-01,Pricing,High,Open,22
CP1297,C10606,2026-03-09,Delivery,Medium,Resolved,5
CP1298,C10456,2025-11-12,Pricing,Medium,Open,27
CP1299,C10863,2025-08-26,Delivery,Medium,Resolved,15
CP1300,C10369,2025-02-23,Account,Low,Resolved,27
CP1301,C10279,2026-04-29,Delivery,Medium,Resolved,30
CP1302,C10846,2025-06-25,Delivery,Medium,Resolved,26
CP1303,C10468,2026-01-06,Payment,Low,Open,5
CP1304,C10220,2025-05-23,Account,High,Pending,28
CP1305,C10660,2026-01-14,Account,Low,Open,6
CP1306,C10816,2025-01-23,Service,High,Resolved,19
CP1307,C10054,2025-04-09,Service,Low,Open,13
CP1308,C10558,2025-04-16,Service,Low,Resolved,20
CP1309,C10509,2025-03-19,Delivery,Medium,Resolved,1
CP1310,C10209,2025-06-01,Payment,Low,Resolved,12
CP1311,C10620,2026-07-13,Service,High,Resolved,28
CP1312,C10683,2025-09-21,Delivery,High,Pending,17
CP1313,C10473,2025-01-19,Payment,Medium,Open,19
CP1314,C10343,2025-12-25,Technical,Medium,Open,4
CP1315,C10807,2025-08-05,Payment,Low,Resolved,2
CP1316,C10402,2026-05-10,Pricing,Medium,Resolved,12
CP1317,C10960,2026-02-17,Payment,Low,Pending,10
CP1318,C10789,2025-11-21,Delivery,Low,Pending,7
CP1319,C10217,2025-07-24,Service,Low,Resolved,29
CP1320,C10520,2025-03-14,Technical,Low,Pending,27
CP1321,C10625,2025-08-28,Service,Low,Open,10
CP1322,C10899,2026-03-25,Payment,Medium,Resolved,19
CP1323,C10772,2025-07-16,Pricing,Low,Resolved,14
CP1324,C10552,2025-12-08,Account,Low,Resolved,1
CP1325,C10136,2025-03-08,Pricing,Low,Open,11
CP1326,C10668,2025-05-12,Pricing,High,Open,1
CP1327,C10895,2025-12-27,Payment,Low,Resolved,16
CP1328,C10041,2025-07-04,Account,Low,Resolved,2
CP1329,C10317,2025-02-13,Payment,Low,Open,16
CP1330,C10046,2025-11-05,Account,Low,Resolved,12
CP1331,C10371,2025-12-16,Payment,Medium,Resolved,27
CP1332,C10429,2025-04-27,Technical,High,Resolved,28
CP1333,C10579,2025-12-24,Delivery,High,Open,9
CP1334,C10464,2025-05-31,Service,Low,Resolved,10
CP1335,C10022,2025-11-17,Pricing,Low,Pending,8
CP1336,C10947,2025-07-31,Account,Low,Pending,22
CP1337,C10767,2025-01-12,Technical,Medium,Resolved,30
CP1338,C10020,2025-07-19,Account,Low,Open,12
CP1339,C10539,2026-01-15,Pricing,Medium,Pending,17
CP1340,C10250,2025-02-26,Pricing,Medium,Open,27
CP1341,C10435,2025-12-27,Delivery,Low,Open,8
CP1342,C10044,2026-04-16,Delivery,Low,Resolved,26
CP1343,C10763,2026-05-09,Delivery,Low,Pending,6
CP1344,C10038,2026-05-15,Pricing,Low,Pending,8
CP1345,C10600,2025-05-19,Account,High,Resolved,16
CP1346,C10316,2025-05-15,Account,Low,Resolved,10
CP1347,C10521,2026-07-17,Payment,Low,Open,18
CP1348,C10215,2025-07-09,Delivery,Low,Pending,23
CP1349,C10412,2025-01-09,Service,Medium,Open,5
CP1350,C10047,2026-06-15,Technical,Medium,Resolved,20
CP1351,C10807,2026-01-03,Delivery,Medium,Resolved,23
CP1352,C10249,2025-08-30,Technical,Low,Open,9
CP1353,C10123,2025-09-21,Delivery,Low,Resolved,18
CP1354,C10769,2026-04-09,Service,Medium,Open,27
CP1355,C10591,2025-10-03,Payment,Low,Resolved,15
CP1356,C10175,2025-12-16,Payment,Low,Open,20
CP1357,C10952,2026-07-07,Pricing,Medium,Resolved,26
CP1358,C10667,2025-11-25,Technical,Low,Resolved,30
CP1359,C10402,2025-02-01,Pricing,High,Resolved,9
CP1360,C10423,2025-03-24,Payment,High,Pending,24
CP1361,C10639,2025-10-03,Pricing,Low,Resolved,23
CP1362,C10952,2026-01-14,Service,Low,Resolved,16
CP1363,C10314,2025-03-06,Pricing,High,Resolved,2
CP1364,C10611,2026-06-11,Delivery,High,Pending,27
CP1365,C10411,2026-04-08,Delivery,High,Resolved,7
CP1366,C10139,2026-08-27,Account,Low,Resolved,19
CP1367,C10259,2026-01-17,Delivery,Medium,Resolved,13
CP1368,C10738,2025-04-05,Account,Low,Resolved,27
CP1369,C10864,2026-07-13,Account,Medium,Resolved,9
CP1370,C10650,2026-01-06,Service,High,Open,30
CP1371,C10791,2025-08-06,Pricing,Low,Resolved,13
CP1372,C10222,2026-05-30,Payment,Low,Resolved,16
CP1373,C10043,2025-12-10,Delivery,Low,Resolved,6
CP1374,C10927,2026-04-08,Technical,Low,Open,28
CP1375,C10730,2025-10-09,Payment,Low,Resolved,7
CP1376,C10110,2025-07-11,Payment,Low,Resolved,14
CP1377,C10414,2025-02-12,Delivery,Low,Resolved,5
CP1378,C10993,2025-05-17,Account,High,Resolved,14
CP1379,C10421,2025-06-10,Technical,Low,Open,25
CP1380,C10295,2026-08-18,Service,Low,Open,13
CP1381,C10137,2026-03-17,Pricing,Low,Pending,3
CP1382,C10632,2025-11-10,Payment,Medium,Resolved,23
CP1383,C10363,2025-07-16,Payment,Low,Resolved,13
CP1384,C10821,2025-06-04,Technical,High,Open,30
CP1385,C10668,2025-08-17,Delivery,Low,Resolved,2
CP1386,C10435,2026-06-28,Technical,Medium,Pending,11
CP1387,C10481,2025-09-25,Delivery,Low,Open,16
CP1388,C10685,2025-08-05,Account,High,Resolved,1
CP1389,C10475,2025-09-07,Service,High,Open,9
CP1390,C10961,2025-10-24,Delivery,Medium,Pending,17
CP1391,C10219,2025-05-30,Account,Medium,Resolved,3
CP1392,C10358,2026-03-09,Payment,Low,Resolved,17
CP1393,C10253,2025-09-09,Service,Medium,Resolved,15
CP1394,C10919,2026-06-27,Service,Medium,Open,30
CP1395,C10758,2025-03-02,Payment,Low,Resolved,26
CP1396,C10202,2025-06-15,Service,Low,Resolved,5
CP1397,C10200,2025-12-31,Service,Low,Open,4
CP1398,C10524,2025-05-13,Account,Low,Resolved,9
CP1399,C10878,2025-06-22,Account,High,Resolved,6
CP1400,C10578,2025-10-01,Technical,Low,Open,30
CP1401,C10961,2025-08-14,Technical,Low,Open,12
CP1402,C10752,2026-01-07,Delivery,Low,Resolved,18
CP1403,C10530,2025-06-11,Payment,High,Pending,2
CP1404,C10983,2026-02-07,Delivery,Medium,Resolved,25
CP1405,C10384,2025-10-20,Technical,Medium,Resolved,27
CP1406,C10998,2025-04-26,Delivery,Medium,Resolved,23
CP1407,C10320,2025-10-20,Delivery,Low,Open,29
CP1408,C10681,2025-06-21,Delivery,Medium,Resolved,13
CP1409,C10833,2025-02-23,Delivery,Low,Resolved,23
CP1410,C10198,2025-03-09,Technical,Low,Resolved,16
CP1411,C10853,2025-07-09,Delivery,Medium,Resolved,20
CP1412,C10755,2025-12-03,Account,Medium,Resolved,10
CP1413,C10527,2025-09-14,Delivery,High,Open,1
CP1414,C10594,2025-12-29,Delivery,Medium,Open,27
CP1415,C10453,2026-08-26,Payment,Low,Open,20
CP1416,C10643,2026-04-18,Technical,Medium,Pending,16
CP1417,C10146,2025-06-26,Payment,Medium,Open,1
CP1418,C10433,2025-08-17,Pricing,Medium,Resolved,13
CP1419,C10352,2026-01-06,Payment,High,Open,18
CP1420,C10594,2025-01-11,Technical,Low,Resolved,21
CP1421,C10537,2025-12-08,Technical,Medium,Resolved,1
CP1422,C10839,2025-06-12,Account,Low,Resolved,14
CP1423,C10429,2025-11-03,Delivery,Low,Open,13
CP1424,C10112,2026-05-04,Pricing,Low,Resolved,12
CP1425,C10001,2025-02-11,Technical,Medium,Open,2
CP1426,C10426,2025-02-25,Technical,High,Open,20
CP1427,C10687,2026-05-13,Account,Low,Open,25
CP1428,C10892,2025-03-31,Delivery,Low,Pending,29
CP1429,C10215,2025-09-10,Technical,Low,Resolved,29
CP1430,C10666,2026-02-03,Technical,Low,Open,1
CP1431,C10336,2026-03-16,Technical,High,Resolved,20
CP1432,C10889,2025-02-25,Service,Medium,Pending,25
CP1433,C10855,2025-11-06,Pricing,Medium,Resolved,28
CP1434,C10314,2025-07-26,Account,Medium,Resolved,11
CP1435,C10679,2026-08-26,Technical,Low,Resolved,18
CP1436,C10784,2026-03-26,Account,Low,Resolved,21
CP1437,C10005,2026-06-22,Service,Medium,Resolved,14
CP1438,C10762,2026-05-28,Technical,Medium,Resolved,9
CP1439,C10735,2026-01-12,Delivery,Low,Resolved,23
CP1440,C10002,2025-09-11,Account,Low,Resolved,2
CP1441,C10018,2025-08-24,Pricing,Low,Resolved,25
CP1442,C10027,2026-03-27,Technical,High,Open,30
CP1443,C10794,2025-01-02,Service,Medium,Open,8
CP1444,C10456,2026-01-27,Service,Medium,Open,16
CP1445,C10419,2025-10-03,Pricing,Medium,Open,12
CP1446,C10011,2026-08-28,Service,Low,Pending,23
CP1447,C10151,2026-05-06,Pricing,Medium,Open,17
CP1448,C10474,2026-02-14,Pricing,Low,Resolved,12
CP1449,C10222,2025-10-31,Technical,Low,Resolved,15
CP1450,C10412,2026-05-31,Service,Low,Pending,8
CP1451,C10950,2026-06-08,Technical,Medium,Resolved,1
CP1452,C10441,2026-04-01,Pricing,Low,Resolved,8
CP1453,C10440,2026-01-23,Service,Low,Open,12
CP1454,C10524,2025-12-23,Delivery,Medium,Resolved,25
CP1455,C10726,2026-02-02,Service,Low,Resolved,20
CP1456,C10944,2025-12-16,Technical,High,Pending,4
CP1457,C10794,2025-09-01,Pricing,High,Resolved,8
CP1458,C10235,2026-04-18,Service,Low,Resolved,15
CP1459,C10522,2026-08-02,Account,Low,Resolved,5
CP1460,C10928,2026-07-06,Service,Medium,Open,27
CP1461,C10569,2025-09-09,Pricing,Low,Resolved,5
CP1462,C10707,2026-08-16,Payment,High,Open,10
CP1463,C10163,2025-01-22,Payment,Low,Resolved,13
CP1464,C10511,2025-01-04,Account,Low,Resolved,21
CP1465,C10794,2025-10-02,Payment,Low,Resolved,4
CP1466,C10008,2025-10-19,Service,Low,Resolved,15
CP1467,C10455,2025-09-29,Service,High,Resolved,9
CP1468,C10799,2025-12-08,Payment,Low,Resolved,13
CP1469,C10661,2025-07-11,Service,Low,Pending,7
CP1470,C10199,2025-03-04,Payment,Low,Open,12
CP1471,C10326,2025-08-29,Service,Medium,Open,22
CP1472,C10681,2026-07-26,Service,Low,Pending,8
CP1473,C10257,2025-07-24,Pricing,Low,Open,23
CP1474,C10628,2025-09-18,Technical,High,Resolved,19
CP1475,C10866,2026-07-21,Technical,Medium,Resolved,2
CP1476,C10290,2025-04-02,Payment,High,Resolved,9
CP1477,C10048,2026-02-21,Pricing,Medium,Open,29
CP1478,C10243,2025-11-18,Payment,Low,Pending,27
CP1479,C10928,2025-08-20,Delivery,Low,Open,18
CP1480,C10985,2025-08-23,Payment,Low,Open,10
CP1481,C10366,2025-07-29,Pricing,Medium,Resolved,8
CP1482,C10830,2026-03-02,Technical,Low,Resolved,22
CP1483,C10881,2025-03-11,Delivery,Low,Resolved,6
CP1484,C10234,2025-05-25,Delivery,Medium,Open,15
CP1485,C10545,2025-01-16,Pricing,Low,Open,1
CP1486,C10854,2026-07-11,Service,High,Resolved,14
CP1487,C10114,2026-07-04,Service,Medium,Open,17
CP1488,C10261,2025-02-13,Pricing,Low,Resolved,24
CP1489,C10427,2026-03-19,Pricing,Medium,Open,7
CP1490,C10572,2025-10-12,Account,Low,Open,22
CP1491,C10672,2025-11-07,Payment,Medium,Resolved,11
CP1492,C10327,2025-04-10,Service,Low,Pending,13
CP1493,C10104,2026-08-17,Delivery,Low,Resolved,25
CP1494,C10218,2025-09-11,Pricing,Medium,Resolved,5
CP1495,C10602,2025-06-11,Technical,High,Resolved,14
CP1496,C10242,2025-11-26,Account,Low,Resolved,2
CP1497,C10313,2026-03-31,Pricing,Low,Resolved,11
CP1498,C10680,2025-10-05,Account,Medium,Pending,30
CP1499,C10379,2026-06-18,Technical,High,Resolved,26
CP1500,C10818,2025-06-03,Delivery,Low,Open,9
CP1501,C10812,2025-07-01,Delivery,Low,Resolved,12
CP1502,C10799,2026-06-13,Technical,Low,Open,6
CP1503,C10240,2025-03-19,Account,Low,Resolved,19
CP1504,C10462,2026-07-18,Pricing,Low,Pending,9
CP1505,C10701,2025-03-14,Service,Medium,Resolved,30
CP1506,C10146,2026-06-18,Account,Low,Open,21
CP1507,C10534,2025-09-21,Service,Medium,Resolved,6
CP1508,C10247,2026-02-19,Pricing,Low,Open,16
CP1509,C10644,2026-01-19,Service,Medium,Resolved,15
CP1510,C10690,2025-07-17,Pricing,Low,Pending,15
CP1511,C10951,2025-08-28,Pricing,Medium,Open,5
CP1512,C10404,2025-03-17,Delivery,Medium,Resolved,19
CP1513,C10931,2026-08-10,Technical,Low,Open,14
CP1514,C10095,2025-05-27,Service,Medium,Resolved,18
CP1515,C10832,2025-06-28,Service,Low,Resolved,16
CP1516,C10481,2026-04-29,Technical,Medium,Open,24
CP1517,C10866,2026-06-15,Technical,Medium,Resolved,19
CP1518,C10057,2026-05-06,Service,Low,Resolved,18
CP1519,C10888,2026-04-14,Account,Medium,Resolved,6
CP1520,C10152,2026-04-15,Technical,Low,Open,14
CP1521,C10238,2026-07-02,Technical,Medium,Pending,16
CP1522,C10983,2025-04-06,Pricing,Low,Resolved,13
CP1523,C10689,2026-06-25,Technical,High,Resolved,8
CP1524,C10708,2025-12-07,Account,Medium,Resolved,9
CP1525,C10035,2025-09-19,Technical,Low,Resolved,23
CP1526,C10669,2026-01-24,Service,Medium,Resolved,4
CP1527,C10212,2025-01-15,Service,Low,Resolved,4
CP1528,C10922,2026-02-20,Technical,Low,Open,5
CP1529,C10051,2026-04-30,Service,Low,Resolved,4
CP1530,C10077,2025-05-11,Technical,Low,Open,14
CP1531,C10134,2025-04-06,Pricing,Medium,Pending,22
CP1532,C10218,2026-05-29,Service,Low,Resolved,26
CP1533,C10154,2025-09-15,Pricing,Medium,Resolved,1
CP1534,C10564,2025-08-24,Payment,High,Resolved,4
CP1535,C10519,2025-07-07,Payment,Medium,Open,2
CP1536,C10952,2026-05-08,Pricing,Low,Resolved,2
CP1537,C10899,2025-10-24,Technical,Low,Resolved,13
CP1538,C10727,2026-01-29,Account,Medium,Resolved,18
CP1539,C10739,2025-12-29,Account,High,Resolved,25
CP1540,C10807,2025-02-04,Service,Medium,Resolved,24
CP1541,C10188,2025-12-21,Pricing,Low,Resolved,29
CP1542,C10925,2025-12-04,Service,High,Resolved,7
CP1543,C10534,2025-10-24,Account,Low,Open,1
CP1544,C10759,2026-01-03,Pricing,High,Open,5
CP1545,C10630,2026-01-30,Payment,High,Resolved,16
CP1546,C10861,2025-03-18,Payment,Low,Open,17
CP1547,C10818,2025-04-20,Payment,Low,Resolved,5
CP1548,C10812,2026-01-23,Delivery,Medium,Open,16
CP1549,C10650,2025-02-12,Account,High,Open,2
CP1550,C10419,2025-09-01,Technical,Medium,Open,26
CP1551,C10118,2025-09-17,Service,Low,Resolved,30
CP1552,C10118,2025-02-04,Delivery,Low,Pending,27
CP1553,C10154,2025-06-21,Pricing,Medium,Pending,20
CP1554,C10369,2025-10-18,Delivery,Low,Open,24
CP1555,C10824,2026-05-14,Account,Medium,Resolved,18
CP1556,C10252,2026-08-04,Account,Low,Resolved,14
CP1557,C10450,2025-01-21,Pricing,Low,Resolved,15
CP1558,C10000,2026-07-16,Pricing,Low,Resolved,30
CP1559,C10428,2025-10-12,Payment,Low,Pending,1
CP1560,C10860,2025-01-25,Technical,Medium,Resolved,17
CP1561,C10848,2025-02-27,Delivery,Low,Open,14
CP1562,C10518,2025-09-20,Service,Medium,Resolved,24
CP1563,C10621,2026-04-22,Account,Medium,Pending,19
CP1564,C10161,2026-03-28,Technical,Medium,Resolved,4
CP1565,C10866,2026-06-07,Account,Low,Resolved,29
CP1566,C10405,2025-09-03,Service,Medium,Pending,6
CP1567,C10354,2026-04-30,Payment,Medium,Pending,17
CP1568,C10599,2026-06-18,Payment,Low,Pending,23
CP1569,C10171,2025-06-10,Technical,High,Open,2
CP1570,C10773,2025-08-14,Payment,Low,Resolved,15
CP1571,C10362,2025-07-23,Service,Low,Resolved,15
CP1572,C10192,2025-09-05,Delivery,Low,Resolved,19
CP1573,C10037,2026-07-07,Delivery,Low,Resolved,16
CP1574,C10323,2025-03-02,Delivery,Low,Resolved,21
CP1575,C10215,2025-10-11,Technical,Low,Open,24
CP1576,C10774,2025-05-18,Service,Low,Pending,30
CP1577,C10874,2026-06-19,Delivery,Low,Open,22
CP1578,C10716,2025-04-16,Account,Medium,Resolved,16
CP1579,C10912,2025-12-14,Technical,Low,Resolved,5
CP1580,C10789,2025-08-06,Account,Low,Pending,29
CP1581,C10492,2025-10-29,Pricing,Medium,Resolved,26
CP1582,C10785,2026-07-12,Service,Low,Resolved,30
CP1583,C10627,2025-08-31,Technical,Medium,Open,16
CP1584,C10102,2025-06-04,Technical,High,Open,27
CP1585,C10621,2025-09-27,Pricing,Medium,Pending,20
CP1586,C10499,2025-02-26,Technical,Low,Resolved,21
CP1587,C10784,2025-10-11,Delivery,Low,Open,5
CP1588,C10269,2026-02-28,Service,Medium,Pending,1
CP1589,C10458,2025-07-15,Service,Low,Resolved,17
CP1590,C10057,2026-06-18,Service,Low,Resolved,4
CP1591,C10966,2025-03-05,Pricing,High,Resolved,29
CP1592,C10435,2026-07-25,Technical,Low,Resolved,3
CP1593,C10946,2025-03-27,Pricing,Low,Pending,16
CP1594,C10814,2026-08-13,Account,Medium,Resolved,15
CP1595,C10106,2026-08-31,Delivery,High,Open,30
CP1596,C10366,2026-04-26,Pricing,Low,Resolved,4
CP1597,C10960,2026-06-06,Service,Medium,Resolved,3
CP1598,C10739,2025-03-29,Delivery,Low,Resolved,8
CP1599,C10766,2025-08-14,Account,Medium,Open,11
CP1600,C10696,2025-06-07,Payment,High,Resolved,3
CP1601,C10670,2025-08-26,Delivery,Low,Resolved,15
CP1602,C10263,2025-04-25,Delivery,Medium,Open,25
CP1603,C10498,2026-08-30,Payment,Medium,Resolved,26
CP1604,C10543,2025-11-21,Account,Medium,Resolved,10
CP1605,C10338,2025-11-27,Account,Low,Open,4
CP1606,C10377,2025-01-14,Service,Medium,Resolved,22
CP1607,C10998,2025-10-05,Delivery,Low,Open,2
CP1608,C10385,2026-01-20,Account,Low,Open,3
CP1609,C10827,2025-09-11,Payment,Medium,Resolved,23
CP1610,C10205,2026-06-23,Technical,Medium,Pending,28
CP1611,C10738,2025-07-03,Technical,Medium,Pending,21
CP1612,C10018,2025-06-26,Account,Medium,Resolved,30
CP1613,C10821,2025-08-21,Technical,Medium,Resolved,27
CP1614,C10709,2025-02-15,Delivery,High,Open,22
CP1615,C10323,2025-10-05,Technical,Medium,Resolved,7
CP1616,C10399,2026-03-06,Payment,High,Pending,25
CP1617,C10001,2025-12-18,Payment,Low,Resolved,1
CP1618,C10713,2025-12-23,Service,Low,Pending,23
CP1619,C10324,2026-04-02,Pricing,Low,Resolved,10
CP1620,C10773,2026-04-24,Payment,Medium,Pending,1
CP1621,C10986,2025-06-18,Pricing,Low,Resolved,28
CP1622,C10284,2025-05-27,Technical,Low,Resolved,21
CP1623,C10539,2025-04-10,Pricing,Medium,Open,17
CP1624,C10029,2026-04-07,Service,Low,Open,29
CP1625,C10935,2025-07-26,Delivery,High,Open,14
CP1626,C10357,2025-11-14,Technical,Medium,Resolved,8
CP1627,C10625,2026-07-05,Technical,Low,Resolved,28
CP1628,C10551,2025-11-17,Payment,Medium,Resolved,26
CP1629,C10304,2026-05-18,Pricing,High,Open,30
CP1630,C10236,2025-11-06,Service,Low,Resolved,11
CP1631,C10470,2026-05-19,Service,High,Resolved,6
CP1632,C10401,2025-06-07,Payment,Medium,Open,2
CP1633,C10108,2025-05-27,Service,High,Pending,29
CP1634,C10880,2025-09-21,Account,Medium,Resolved,3
CP1635,C10768,2026-05-30,Technical,Medium,Resolved,5
CP1636,C10226,2026-07-09,Delivery,Medium,Resolved,11
CP1637,C10763,2026-05-11,Account,High,Open,23
CP1638,C10045,2026-02-24,Technical,High,Resolved,14
CP1639,C10875,2025-09-10,Account,Low,Pending,15
CP1640,C10883,2025-09-21,Service,Medium,Resolved,12
CP1641,C10593,2025-02-03,Service,Low,Resolved,8
CP1642,C10029,2026-07-20,Payment,Low,Open,22
CP1643,C10104,2026-01-05,Account,Low,Resolved,15
CP1644,C10997,2026-01-24,Account,Low,Resolved,18
CP1645,C10040,2026-08-28,Payment,High,Resolved,9
CP1646,C10057,2025-08-08,Payment,Medium,Resolved,15
CP1647,C10059,2025-11-29,Delivery,Low,Resolved,11
CP1648,C10741,2026-06-21,Payment,Low,Resolved,7
CP1649,C10392,2026-03-08,Payment,Low,Open,23
CP1650,C10628,2026-01-15,Pricing,Low,Resolved,25
CP1651,C10762,2026-03-28,Account,Medium,Resolved,8
CP1652,C10343,2025-07-29,Service,High,Resolved,9
CP1653,C10570,2026-04-14,Pricing,Low,Pending,28
CP1654,C10227,2025-06-24,Pricing,Low,Resolved,8
CP1655,C10449,2025-07-03,Pricing,Medium,Resolved,30
CP1656,C10580,2025-05-01,Pricing,High,Pending,13
CP1657,C10847,2025-04-18,Technical,Medium,Resolved,22
CP1658,C10177,2026-07-27,Payment,Low,Pending,3
CP1659,C10946,2026-06-10,Delivery,Medium,Resolved,13
CP1660,C10393,2026-04-03,Service,High,Resolved,20
CP1661,C10884,2026-02-23,Account,Medium,Open,26
CP1662,C10288,2025-10-05,Payment,Medium,Resolved,5
CP1663,C10003,2026-04-13,Technical,Low,Resolved,24
CP1664,C10047,2025-08-21,Account,Low,Resolved,13
CP1665,C10020,2026-07-28,Delivery,Low,Open,26
CP1666,C10539,2025-12-25,Pricing,Medium,Resolved,26
CP1667,C10267,2025-09-15,Pricing,Medium,Pending,6
CP1668,C10188,2025-11-13,Account,Low,Open,10
CP1669,C10433,2025-01-12,Service,Medium,Open,18
CP1670,C10062,2025-08-16,Technical,High,Resolved,3
CP1671,C10969,2026-04-26,Account,Low,Open,26
CP1672,C10749,2025-11-12,Account,High,Resolved,11
CP1673,C10605,2025-01-26,Service,Low,Open,8
CP1674,C10038,2026-05-13,Service,Low,Pending,18
CP1675,C10044,2026-05-17,Service,High,Resolved,13
CP1676,C10631,2025-06-29,Payment,Medium,Open,3
CP1677,C10070,2026-05-30,Delivery,High,Resolved,18
CP1678,C10890,2025-05-10,Pricing,Low,Open,19
CP1679,C10049,2026-08-08,Payment,High,Open,28
CP1680,C10602,2025-01-30,Pricing,Medium,Resolved,3
CP1681,C10803,2025-02-04,Payment,Low,Open,16
CP1682,C10404,2026-04-17,Delivery,Low,Resolved,8
CP1683,C10975,2025-11-06,Payment,High,Resolved,20
CP1684,C10635,2025-10-18,Delivery,Low,Resolved,8
CP1685,C10685,2025-04-23,Payment,Medium,Resolved,4
CP1686,C10609,2026-03-22,Delivery,Low,Open,20
CP1687,C10517,2025-02-26,Pricing,Low,Resolved,11
CP1688,C10129,2026-01-16,Pricing,Medium,Resolved,2
CP1689,C10489,2026-03-25,Pricing,Medium,Pending,19
CP1690,C10422,2025-01-11,Delivery,Low,Resolved,27
CP1691,C10659,2025-06-29,Technical,High,Resolved,22
CP1692,C10139,2026-02-09,Account,High,Resolved,30
CP1693,C10641,2025-07-05,Service,Low,Resolved,18
CP1694,C10380,2025-06-21,Delivery,Low,Resolved,24
CP1695,C10145,2025-06-08,Account,Low,Open,10
CP1696,C10424,2026-01-18,Delivery,Low,Open,4
CP1697,C10351,2025-06-07,Pricing,Low,Pending,13
CP1698,C10620,2025-01-11,Pricing,Low,Resolved,27
CP1699,C10470,2025-03-09,Payment,Low,Pending,26
CP1700,C10182,2025-05-24,Delivery,Low,Pending,7
CP1701,C10657,2025-08-21,Payment,Low,Resolved,3
CP1702,C10048,2025-12-29,Account,Low,Open,7
CP1703,C10023,2026-04-09,Technical,High,Resolved,22
CP1704,C10354,2025-07-19,Service,Medium,Resolved,11
CP1705,C10128,2026-02-15,Account,Medium,Resolved,12
CP1706,C10557,2025-01-26,Payment,Medium,Resolved,28
CP1707,C10111,2025-10-31,Account,Medium,Resolved,22
CP1708,C10340,2026-02-19,Pricing,Medium,Resolved,23
CP1709,C10271,2026-07-04,Pricing,Medium,Resolved,30
CP1710,C10692,2025-08-24,Payment,Low,Open,19
CP1711,C10616,2025-02-11,Pricing,Medium,Resolved,24
CP1712,C10373,2026-01-07,Technical,Medium,Resolved,23
CP1713,C10802,2026-02-16,Service,Medium,Resolved,6
CP1714,C10664,2025-08-08,Service,Low,Resolved,4
CP1715,C10295,2025-04-10,Delivery,Low,Open,6
CP1716,C10671,2026-03-07,Technical,Medium,Open,23
CP1717,C10970,2026-03-01,Payment,Low,Resolved,11
CP1718,C10572,2026-03-06,Pricing,Low,Resolved,19
CP1719,C10543,2026-03-18,Pricing,High,Resolved,23
CP1720,C10348,2025-10-07,Pricing,Medium,Pending,30
CP1721,C10251,2025-05-22,Pricing,Low,Pending,15
CP1722,C10138,2025-12-31,Account,Medium,Resolved,21
CP1723,C10200,2026-04-16,Delivery,Low,Resolved,13
CP1724,C10674,2025-05-22,Account,Low,Open,8
CP1725,C10584,2025-10-11,Payment,Low,Resolved,6
CP1726,C10972,2025-10-23,Payment,Medium,Resolved,29
CP1727,C10300,2025-09-28,Technical,High,Resolved,29
CP1728,C10373,2025-04-05,Technical,Medium,Open,30
CP1729,C10401,2026-07-27,Technical,Medium,Resolved,7
CP1730,C10116,2026-01-19,Technical,Medium,Resolved,13
CP1731,C10998,2025-05-13,Delivery,High,Resolved,27
CP1732,C10660,2026-04-17,Payment,Low,Open,23
CP1733,C10844,2026-01-05,Account,Low,Open,3
CP1734,C10480,2025-12-26,Payment,Medium,Open,8
CP1735,C10040,2025-07-16,Technical,Low,Resolved,7
CP1736,C10873,2025-05-05,Payment,Low,Resolved,10
CP1737,C10625,2025-08-03,Technical,Low,Open,4
CP1738,C10710,2025-11-19,Account,Low,Resolved,21
CP1739,C10327,2025-07-05,Payment,High,Open,28
CP1740,C10010,2025-02-03,Account,Medium,Open,5
CP1741,C10522,2025-07-09,Pricing,Low,Open,5
CP1742,C10950,2025-09-16,Account,Medium,Open,18
CP1743,C10671,2026-09-01,Account,Low,Open,8
CP1744,C10922,2025-01-03,Technical,High,Open,26
CP1745,C10219,2026-05-05,Technical,Low,Resolved,24
CP1746,C10802,2025-01-15,Payment,Medium,Resolved,15
CP1747,C10529,2025-04-27,Delivery,High,Open,6
CP1748,C10318,2025-12-15,Service,Medium,Resolved,27
CP1749,C10523,2026-01-13,Service,High,Resolved,3
CP1750,C10146,2025-05-03,Pricing,Low,Open,30
CP1751,C10945,2025-09-12,Technical,High,Pending,9
CP1752,C10745,2025-12-31,Delivery,Low,Resolved,1
CP1753,C10297,2025-03-08,Payment,Medium,Pending,19
CP1754,C10691,2026-07-21,Service,High,Pending,27
CP1755,C10807,2025-03-31,Account,High,Resolved,29
CP1756,C10740,2025-09-03,Pricing,Low,Open,2
CP1757,C10775,2025-08-04,Delivery,Low,Resolved,27
CP1758,C10886,2025-01-18,Pricing,High,Pending,30
CP1759,C10938,2026-03-01,Service,Low,Pending,26
CP1760,C10916,2026-06-02,Account,Low,Open,2
CP1761,C10789,2025-05-13,Account,Low,Open,17
CP1762,C10397,2026-07-10,Pricing,Low,Resolved,6
CP1763,C10641,2025-09-15,Service,Medium,Resolved,8
CP1764,C10006,2025-10-23,Payment,High,Open,5
CP1765,C10199,2026-05-14,Pricing,Low,Resolved,26
CP1766,C10174,2026-06-10,Payment,Low,Pending,27
CP1767,C10719,2025-06-21,Service,Low,Pending,6
CP1768,C10471,2026-04-22,Service,Low,Resolved,16
CP1769,C10440,2025-03-14,Technical,Medium,Pending,14
CP1770,C10952,2026-01-04,Payment,Low,Resolved,9
CP1771,C10267,2026-05-31,Delivery,Medium,Open,9
CP1772,C10574,2026-05-23,Account,Low,Resolved,16
CP1773,C10838,2026-08-17,Delivery,Low,Pending,2
CP1774,C10180,2026-05-10,Delivery,Low,Open,22
CP1775,C10020,2025-01-12,Service,Medium,Resolved,9
CP1776,C10549,2025-07-30,Service,Medium,Pending,12
CP1777,C10317,2026-06-26,Technical,Low,Resolved,23
CP1778,C10104,2026-08-29,Payment,Medium,Resolved,6
CP1779,C10684,2025-12-25,Pricing,Low,Resolved,30
CP1780,C10224,2025-05-18,Pricing,Medium,Pending,9
CP1781,C10284,2025-07-11,Payment,Low,Resolved,1
CP1782,C10789,2025-08-12,Service,Low,Open,15
CP1783,C10561,2025-06-20,Account,Low,Open,27
CP1784,C10874,2025-11-05,Delivery,Medium,Resolved,26
CP1785,C10976,2026-05-07,Pricing,Medium,Pending,15
CP1786,C10819,2026-03-30,Delivery,Low,Open,12
CP1787,C10122,2025-05-25,Pricing,Low,Open,29
CP1788,C10994,2025-07-13,Payment,Medium,Open,28
CP1789,C10846,2026-07-21,Payment,Low,Resolved,13
CP1790,C10522,2025-12-05,Service,Medium,Resolved,8
CP1791,C10300,2026-07-31,Account,Medium,Pending,22
CP1792,C10107,2026-03-24,Account,Medium,Resolved,20
CP1793,C10645,2026-03-23,Technical,Low,Resolved,27
CP1794,C10981,2026-05-03,Payment,Low,Resolved,25
CP1795,C10436,2026-08-02,Payment,Medium,Open,21
CP1796,C10070,2026-04-28,Service,Low,Resolved,13
CP1797,C10538,2025-05-18,Pricing,Low,Open,22
CP1798,C10373,2025-06-21,Service,Low,Resolved,13
CP1799,C10222,2025-09-23,Account,Low,Resolved,18
CP1800,C10027,2026-07-08,Account,Medium,Pending,24
CP1801,C10800,2026-06-05,Technical,Medium,Resolved,15
CP1802,C10840,2026-06-06,Service,Low,Resolved,14
CP1803,C10859,2025-03-07,Technical,Medium,Resolved,30
CP1804,C10284,2025-07-23,Delivery,Low,Resolved,22
CP1805,C10878,2025-06-24,Technical,Medium,Resolved,17
CP1806,C10382,2026-05-28,Service,Low,Open,1
CP1807,C10115,2025-09-20,Account,Low,Resolved,27
CP1808,C10482,2025-09-27,Service,Medium,Resolved,13
CP1809,C10428,2025-11-07,Account,Medium,Pending,30
CP1810,C10879,2025-06-17,Pricing,High,Resolved,6
CP1811,C10940,2026-04-14,Payment,Low,Resolved,28
CP1812,C10904,2026-07-03,Payment,Medium,Resolved,17
CP1813,C10787,2025-08-26,Delivery,Low,Open,10
CP1814,C10411,2025-12-14,Pricing,High,Resolved,26
CP1815,C10895,2025-08-26,Pricing,Low,Open,23
CP1816,C10967,2025-10-17,Delivery,High,Open,16
CP1817,C10026,2025-01-25,Technical,Low,Resolved,23
CP1818,C10134,2025-04-12,Pricing,Medium,Pending,19
CP1819,C10729,2025-07-11,Delivery,Medium,Resolved,12
CP1820,C10929,2025-01-16,Service,Low,Open,5
CP1821,C10955,2025-02-06,Pricing,High,Open,22
CP1822,C10158,2026-02-19,Delivery,High,Resolved,13
CP1823,C10648,2025-07-21,Delivery,High,Resolved,11
CP1824,C10727,2026-04-23,Pricing,High,Resolved,4
CP1825,C10054,2026-06-19,Payment,Medium,Open,11
CP1826,C10734,2026-01-01,Account,Medium,Resolved,27
CP1827,C10821,2025-03-02,Payment,Low,Open,9
CP1828,C10485,2026-01-19,Delivery,High,Open,13
CP1829,C10849,2025-09-19,Payment,Medium,Resolved,18
CP1830,C10506,2025-11-22,Technical,High,Resolved,5
CP1831,C10202,2025-01-19,Pricing,High,Pending,30
CP1832,C10949,2025-05-16,Technical,Low,Open,24
CP1833,C10088,2025-09-28,Technical,Low,Open,25
CP1834,C10722,2026-01-04,Payment,Medium,Resolved,18
CP1835,C10813,2025-07-06,Delivery,Medium,Resolved,2
CP1836,C10722,2026-07-02,Delivery,Medium,Resolved,30
CP1837,C10687,2026-06-18,Account,Low,Resolved,11
CP1838,C10641,2025-11-16,Delivery,High,Open,14
CP1839,C10190,2025-03-02,Service,Low,Pending,13
CP1840,C10801,2025-03-03,Payment,Medium,Resolved,17
CP1841,C10406,2025-07-11,Payment,Low,Pending,28
CP1842,C10249,2025-11-03,Pricing,Medium,Open,10
CP1843,C10930,2026-01-29,Pricing,Low,Resolved,4
CP1844,C10466,2025-03-27,Technical,Low,Resolved,3
CP1845,C10383,2026-03-25,Payment,Low,Resolved,5
CP1846,C10480,2025-04-06,Delivery,Medium,Resolved,11
CP1847,C10822,2026-02-11,Service,Low,Resolved,24
CP1848,C10396,2026-05-27,Delivery,High,Resolved,28
CP1849,C10360,2026-03-22,Service,Medium,Resolved,8
CP1850,C10498,2026-06-13,Service,Medium,Resolved,7
CP1851,C10316,2026-05-04,Pricing,Low,Open,24
CP1852,C10487,2026-03-12,Service,Low,Resolved,27
CP1853,C10791,2026-03-27,Account,Medium,Resolved,29
CP1854,C10598,2025-10-15,Pricing,High,Resolved,29
CP1855,C10312,2025-08-12,Technical,Low,Resolved,22
CP1856,C10678,2025-02-15,Service,Medium,Resolved,11
CP1857,C10481,2026-05-01,Delivery,Low,Pending,29
CP1858,C10274,2025-08-11,Payment,Low,Resolved,18
CP1859,C10694,2026-04-11,Pricing,Medium,Open,29
CP1860,C10688,2025-03-10,Payment,Medium,Resolved,5
CP1861,C10537,2025-09-12,Pricing,Medium,Resolved,8
CP1862,C10066,2026-02-10,Account,Medium,Resolved,12
CP1863,C10171,2026-05-17,Technical,Medium,Resolved,18
CP1864,C10237,2025-11-24,Payment,Low,Resolved,25
CP1865,C10729,2025-02-13,Delivery,High,Resolved,30
CP1866,C10340,2025-04-27,Delivery,Low,Resolved,6
CP1867,C10623,2025-01-30,Delivery,Low,Resolved,21
CP1868,C10697,2025-12-20,Technical,High,Resolved,11
CP1869,C10695,2025-05-23,Technical,Medium,Pending,19
CP1870,C10792,2025-10-11,Technical,Low,Resolved,6
CP1871,C10553,2025-12-09,Technical,Low,Open,23
CP1872,C10612,2025-06-26,Technical,Medium,Resolved,16
CP1873,C10781,2025-06-08,Payment,Low,Resolved,11
CP1874,C10323,2025-06-17,Pricing,Low,Pending,25
CP1875,C10961,2026-07-26,Delivery,Low,Pending,14
CP1876,C10572,2025-09-10,Payment,Medium,Resolved,9
CP1877,C10886,2025-03-04,Payment,High,Resolved,25
CP1878,C10553,2026-03-02,Account,Low,Resolved,29
CP1879,C10851,2026-03-26,Account,Medium,Resolved,2
CP1880,C10508,2026-05-20,Technical,High,Resolved,14
CP1881,C10380,2026-04-08,Account,Medium,Resolved,13
CP1882,C10461,2025-07-22,Payment,Low,Resolved,16
CP1883,C10127,2026-07-19,Technical,Low,Open,5
CP1884,C10957,2025-07-30,Technical,Low,Resolved,1
CP1885,C10470,2026-08-24,Payment,Low,Resolved,22
CP1886,C10386,2025-09-17,Technical,Low,Pending,14
CP1887,C10114,2025-04-13,Technical,Medium,Pending,13
CP1888,C10701,2025-10-12,Delivery,Low,Pending,28
CP1889,C10845,2026-06-20,Payment,Low,Open,5
CP1890,C10813,2025-09-09,Service,High,Resolved,15
CP1891,C10645,2025-04-16,Payment,Medium,Pending,27
CP1892,C10964,2025-11-05,Technical,Medium,Resolved,30
CP1893,C10951,2026-06-02,Pricing,Low,Open,12
CP1894,C10266,2026-07-23,Pricing,Low,Resolved,4
CP1895,C10560,2025-01-16,Technical,High,Resolved,27
CP1896,C10264,2026-06-08,Delivery,Low,Resolved,29
CP1897,C10605,2025-11-13,Delivery,Low,Open,21
CP1898,C10586,2025-10-05,Service,Low,Resolved,18
CP1899,C10061,2025-03-15,Payment,Medium,Pending,7
CP1900,C10824,2025-08-10,Payment,Low,Open,7
CP1901,C10325,2026-04-27,Service,Medium,Resolved,14
CP1902,C10062,2025-09-08,Delivery,Low,Resolved,16
CP1903,C10498,2025-05-07,Pricing,Low,Open,11
CP1904,C10218,2025-11-23,Pricing,Low,Pending,18
CP1905,C10946,2025-05-26,Technical,High,Open,24
CP1906,C10826,2025-09-02,Account,Low,Resolved,17
CP1907,C10974,2025-03-17,Account,Medium,Open,2
CP1908,C10276,2026-06-03,Service,High,Resolved,27
CP1909,C10306,2025-08-17,Pricing,Medium,Resolved,3
CP1910,C10404,2025-10-14,Delivery,Low,Resolved,13
CP1911,C10235,2025-05-04,Payment,Medium,Resolved,10
CP1912,C10142,2025-10-17,Delivery,Low,Resolved,26
CP1913,C10665,2025-07-06,Service,Low,Resolved,2
CP1914,C10466,2025-03-17,Technical,Low,Open,10
CP1915,C10637,2025-03-14,Account,Low,Resolved,26
CP1916,C10953,2025-05-16,Delivery,Low,Resolved,20
CP1917,C10499,2026-04-12,Delivery,Low,Open,26
CP1918,C10174,2025-05-03,Service,Low,Resolved,3
CP1919,C10181,2025-12-30,Service,Low,Pending,13
CP1920,C10995,2025-09-04,Technical,Low,Resolved,1
CP1921,C10767,2026-01-24,Payment,Low,Pending,20
CP1922,C10747,2025-02-20,Account,Low,Open,6
CP1923,C10031,2025-07-09,Pricing,Low,Pending,4
CP1924,C10574,2025-12-16,Payment,High,Open,25
CP1925,C10512,2025-08-07,Delivery,Low,Resolved,28
CP1926,C10397,2026-01-10,Pricing,Low,Resolved,24
CP1927,C10848,2025-09-09,Delivery,Low,Resolved,21
CP1928,C10014,2025-04-24,Service,Medium,Pending,7
CP1929,C10107,2025-12-14,Pricing,Low,Open,9
CP1930,C10647,2025-05-25,Payment,Medium,Pending,17
CP1931,C10444,2025-10-09,Service,Low,Resolved,15
CP1932,C10518,2026-04-22,Pricing,Low,Resolved,30
CP1933,C10840,2026-01-03,Service,Low,Resolved,9
CP1934,C10870,2026-08-25,Payment,Low,Pending,10
CP1935,C10053,2026-05-12,Delivery,Low,Resolved,27
CP1936,C10348,2025-09-06,Delivery,High,Open,13
CP1937,C10017,2026-02-16,Service,Low,Resolved,13
CP1938,C10676,2026-06-03,Service,High,Open,25
CP1939,C10212,2025-10-15,Technical,High,Pending,11
CP1940,C10372,2025-10-13,Delivery,Medium,Resolved,8
CP1941,C10920,2025-04-03,Pricing,Low,Resolved,19
CP1942,C10095,2026-05-29,Payment,Medium,Resolved,29
CP1943,C10009,2025-07-14,Delivery,Low,Resolved,9
CP1944,C10651,2025-03-21,Pricing,Medium,Open,22
CP1945,C10244,2025-08-31,Service,Low,Resolved,2
CP1946,C10320,2025-03-01,Delivery,Low,Resolved,7
CP1947,C10442,2025-07-06,Payment,High,Pending,2
CP1948,C10985,2025-04-18,Account,Low,Open,10
CP1949,C10338,2025-11-25,Account,Medium,Resolved,26
CP1950,C10853,2025-04-03,Service,Low,Open,12
CP1951,C10934,2025-09-07,Payment,Low,Pending,16
CP1952,C10950,2025-08-01,Account,Medium,Resolved,16
CP1953,C10310,2026-04-30,Payment,Low,Pending,5
CP1954,C10263,2026-05-18,Technical,Medium,Resolved,25
CP1955,C10933,2025-07-15,Delivery,High,Open,26
CP1956,C10933,2025-12-13,Account,Medium,Resolved,17
CP1957,C10115,2026-06-16,Service,Medium,Resolved,9
CP1958,C10866,2026-02-20,Delivery,Medium,Resolved,6
CP1959,C10634,2026-07-16,Payment,Medium,Resolved,22
CP1960,C10756,2026-03-12,Payment,Low,Resolved,11
CP1961,C10045,2025-05-06,Account,High,Open,4
CP1962,C10892,2026-04-09,Pricing,Medium,Pending,30
CP1963,C10788,2025-02-14,Service,Low,Resolved,25
CP1964,C10327,2026-02-23,Payment,Low,Resolved,9
CP1965,C10616,2025-02-01,Technical,High,Resolved,19
CP1966,C10902,2026-02-21,Account,Low,Open,30
CP1967,C10063,2025-04-09,Service,Medium,Pending,6
CP1968,C10315,2025-08-19,Payment,Low,Resolved,4
CP1969,C10238,2025-10-25,Delivery,Medium,Resolved,24
CP1970,C10405,2025-09-12,Delivery,Low,Open,4
CP1971,C10791,2025-11-12,Payment,Medium,Open,3
CP1972,C10753,2025-06-23,Delivery,High,Resolved,15
CP1973,C10006,2025-10-16,Delivery,Low,Resolved,16
CP1974,C10201,2025-10-19,Account,Medium,Resolved,18
CP1975,C10396,2025-07-21,Payment,Medium,Resolved,29
CP1976,C10732,2026-03-10,Payment,Medium,Resolved,1
CP1977,C10013,2026-03-08,Delivery,Medium,Resolved,5
CP1978,C10608,2025-01-23,Payment,Medium,Resolved,23
CP1979,C10775,2026-03-07,Technical,Low,Open,10
CP1980,C10416,2026-07-10,Pricing,Low,Pending,27
CP1981,C10457,2025-09-27,Payment,Medium,Resolved,22
CP1982,C10991,2025-09-24,Pricing,Low,Resolved,8
CP1983,C10085,2025-11-16,Delivery,Low,Resolved,9
CP1984,C10531,2026-02-09,Payment,Medium,Resolved,24
CP1985,C10908,2025-08-02,Service,Low,Open,3
CP1986,C10283,2026-07-18,Technical,Low,Resolved,5
CP1987,C10358,2025-06-09,Service,High,Open,26
CP1988,C10416,2026-06-25,Delivery,Medium,Open,3
CP1989,C10551,2026-03-14,Service,Low,Open,1
CP1990,C10599,2025-07-26,Service,Medium,Resolved,22
CP1991,C10066,2025-10-02,Service,Low,Resolved,8
CP1992,C10695,2026-07-21,Pricing,Medium,Resolved,30
CP1993,C10109,2025-01-17,Pricing,Medium,Open,12
CP1994,C10038,2025-09-24,Service,Low,Pending,23
CP1995,C10526,2026-01-23,Account,Low,Resolved,27
CP1996,C10355,2026-05-11,Delivery,Low,Pending,19
CP1997,C10713,2025-02-10,Account,Low,Resolved,13
CP1998,C10996,2025-05-13,Technical,Medium,Resolved,2
CP1999,C10491,2025-08-03,Delivery,Medium,Resolved,4
CP2000,C10825,2026-07-15,Service,Medium,Resolved,8
CP2001,C10611,2026-06-29,Delivery,Low,Open,4
CP2002,C10748,2026-03-24,Delivery,Low,Pending,23
CP2003,C10667,2025-05-28,Technical,Low,Pending,20
CP2004,C10372,2025-04-12,Pricing,Low,Resolved,30
CP2005,C10521,2025-12-05,Pricing,High,Open,16
CP2006,C10868,2026-01-10,Service,Low,Pending,3
CP2007,C10447,2025-10-02,Technical,Low,Resolved,12
CP2008,C10616,2026-05-18,Service,Medium,Resolved,28
CP2009,C10348,2025-01-16,Delivery,Low,Resolved,16
CP2010,C10534,2025-08-13,Technical,Low,Resolved,16
CP2011,C10447,2025-07-03,Account,Medium,Open,27
CP2012,C10702,2025-05-23,Delivery,Medium,Resolved,8
CP2013,C10467,2026-07-12,Pricing,Low,Resolved,20
CP2014,C10009,2025-05-02,Service,Medium,Resolved,8
CP2015,C10339,2025-04-05,Account,Low,Resolved,24
CP2016,C10668,2026-06-12,Delivery,Medium,Resolved,8
CP2017,C10076,2025-10-29,Delivery,High,Pending,26
CP2018,C10893,2025-10-08,Pricing,Low,Resolved,29
CP2019,C10175,2025-08-15,Delivery,High,Pending,8
CP2020,C10483,2025-03-15,Pricing,Medium,Resolved,4
CP2021,C10513,2026-06-23,Pricing,Medium,Pending,20
CP2022,C10664,2025-10-21,Delivery,Medium,Resolved,13
CP2023,C10693,2025-07-22,Payment,Medium,Resolved,19
CP2024,C10915,2025-08-03,Service,Low,Resolved,14
CP2025,C10345,2025-08-28,Account,Low,Resolved,17
CP2026,C10006,2025-06-11,Service,Low,Resolved,27
CP2027,C10779,2025-04-26,Technical,Medium,Open,27
CP2028,C10677,2026-05-26,Delivery,Medium,Resolved,23
CP2029,C10652,2026-04-11,Delivery,Low,Pending,16
CP2030,C10133,2025-04-16,Payment,Low,Resolved,23
CP2031,C10179,2025-04-22,Technical,Low,Resolved,21
CP2032,C10075,2025-08-31,Pricing,Low,Pending,16
CP2033,C10122,2025-05-12,Pricing,Low,Resolved,8
CP2034,C10066,2025-06-03,Pricing,Low,Open,20
CP2035,C10125,2026-08-12,Delivery,Medium,Open,24
CP2036,C10702,2026-05-03,Technical,Medium,Resolved,1
CP2037,C10582,2026-06-22,Delivery,Low,Resolved,2
CP2038,C10372,2025-01-22,Account,Low,Resolved,24
CP2039,C10961,2025-03-23,Service,Low,Resolved,5
CP2040,C10746,2026-01-07,Service,Low,Resolved,5
CP2041,C10479,2026-03-31,Account,Low,Resolved,27
CP2042,C10895,2025-12-12,Pricing,Low,Open,16
CP2043,C10125,2026-03-01,Delivery,High,Open,28
CP2044,C10735,2025-10-29,Delivery,Low,Pending,9
CP2045,C10389,2026-03-17,Pricing,High,Resolved,10
CP2046,C10046,2026-05-15,Pricing,Medium,Pending,13
CP2047,C10272,2025-09-22,Account,Low,Pending,17
CP2048,C10942,2026-04-19,Pricing,Medium,Open,15
CP2049,C10940,2025-03-18,Account,Low,Resolved,20
CP2050,C10982,2026-03-26,Service,Medium,Open,27
CP2051,C10295,2026-01-29,Pricing,Low,Open,26
CP2052,C10024,2025-06-21,Pricing,Low,Pending,17
CP2053,C10522,2026-04-19,Account,Medium,Open,1
CP2054,C10875,2025-07-16,Service,Medium,Resolved,28
CP2055,C10652,2026-07-20,Technical,Low,Resolved,29
CP2056,C10628,2025-01-31,Pricing,Low,Resolved,7
CP2057,C10644,2025-07-17,Pricing,Medium,Resolved,4
CP2058,C10555,2026-06-01,Delivery,Medium,Resolved,15
CP2059,C10235,2026-02-09,Delivery,High,Pending,13
CP2060,C10285,2025-12-30,Delivery,High,Resolved,25
CP2061,C10579,2025-11-04,Account,Medium,Pending,4
CP2062,C10321,2025-06-17,Payment,Low,Resolved,23
CP2063,C10936,2025-04-19,Payment,High,Resolved,30
CP2064,C10557,2025-09-20,Pricing,Low,Resolved,11
CP2065,C10052,2025-12-05,Service,Low,Resolved,8
CP2066,C10361,2026-01-24,Service,Medium,Pending,30
CP2067,C10227,2026-07-05,Delivery,Medium,Resolved,27
CP2068,C10232,2026-01-21,Technical,Low,Resolved,25
CP2069,C10135,2025-09-07,Pricing,Medium,Open,1
CP2070,C10092,2025-08-06,Delivery,Medium,Pending,2
CP2071,C10833,2025-03-30,Payment,Medium,Open,3
CP2072,C10321,2025-07-03,Account,Low,Open,7
CP2073,C10952,2026-07-20,Technical,Medium,Open,17
CP2074,C10328,2025-01-25,Delivery,Low,Resolved,17
CP2075,C10670,2025-01-01,Payment,Low,Resolved,26
CP2076,C10357,2025-11-17,Account,Low,Resolved,1
CP2077,C10848,2026-01-30,Pricing,Low,Resolved,13
CP2078,C10782,2025-04-30,Service,High,Open,7
CP2079,C10980,2026-07-03,Account,Medium,Pending,19
CP2080,C10573,2025-12-06,Pricing,Medium,Pending,23
CP2081,C10629,2025-10-02,Technical,Medium,Resolved,27
CP2082,C10464,2025-08-05,Account,Medium,Resolved,16
CP2083,C10845,2026-06-28,Pricing,High,Open,19
CP2084,C10605,2025-10-03,Pricing,Medium,Resolved,9
CP2085,C10426,2026-07-05,Account,Medium,Resolved,26
CP2086,C10753,2026-01-02,Service,High,Resolved,3
CP2087,C10326,2026-08-17,Pricing,Medium,Resolved,27
CP2088,C10908,2026-04-08,Account,Medium,Resolved,2
CP2089,C10975,2025-11-16,Account,Medium,Open,3
CP2090,C10295,2025-11-12,Service,Medium,Pending,7
CP2091,C10654,2025-06-01,Pricing,Medium,Resolved,22
CP2092,C10552,2025-10-18,Delivery,Low,Resolved,18
CP2093,C10497,2026-01-17,Payment,Medium,Resolved,11
CP2094,C10728,2025-06-10,Delivery,High,Pending,10
CP2095,C10303,2026-08-21,Pricing,Medium,Resolved,12
CP2096,C10845,2025-11-19,Service,High,Resolved,13
CP2097,C10576,2025-06-06,Account,Medium,Open,29
CP2098,C10745,2026-07-27,Delivery,Medium,Resolved,16
CP2099,C10666,2025-12-06,Technical,Medium,Resolved,10
CP2100,C10044,2025-04-05,Technical,Low,Pending,17
CP2101,C10449,2026-03-03,Technical,Low,Open,13
CP2102,C10093,2025-08-06,Account,Medium,Pending,3
CP2103,C10852,2025-04-14,Payment,Medium,Resolved,8
CP2104,C10963,2025-12-28,Pricing,Medium,Pending,14
CP2105,C10367,2026-06-01,Payment,Low,Resolved,9
CP2106,C10897,2025-12-20,Payment,Medium,Resolved,30
CP2107,C10503,2025-05-05,Service,Medium,Resolved,21
CP2108,C10826,2026-05-30,Payment,Low,Resolved,22
CP2109,C10961,2026-02-16,Delivery,Medium,Resolved,28
CP2110,C10592,2025-11-04,Service,Low,Resolved,9
CP2111,C10166,2026-01-14,Service,High,Resolved,8
CP2112,C10692,2025-06-20,Service,Low,Resolved,21
CP2113,C10117,2026-02-24,Technical,Medium,Resolved,7
CP2114,C10430,2026-07-02,Delivery,Low,Resolved,1
CP2115,C10501,2026-04-30,Account,Low,Pending,8
CP2116,C10932,2025-06-12,Technical,High,Resolved,9
CP2117,C10387,2026-03-12,Payment,Medium,Pending,3
CP2118,C10027,2025-03-10,Pricing,Low,Resolved,8
CP2119,C10761,2026-04-07,Service,Low,Pending,13
CP2120,C10063,2026-02-04,Technical,Low,Resolved,14
CP2121,C10800,2026-02-16,Account,Medium,Open,22
CP2122,C10985,2025-06-22,Service,Medium,Open,30
CP2123,C10399,2026-01-01,Payment,Low,Resolved,22
CP2124,C10641,2026-04-27,Account,Low,Resolved,19
CP2125,C10747,2026-07-30,Service,High,Resolved,8
CP2126,C10386,2026-06-07,Payment,Medium,Pending,25
CP2127,C10891,2026-03-30,Technical,Medium,Resolved,5
CP2128,C10580,2026-02-14,Service,Low,Resolved,18
CP2129,C10104,2025-02-28,Account,Medium,Resolved,21
CP2130,C10456,2025-04-25,Account,Medium,Pending,24
CP2131,C10261,2026-01-28,Payment,Low,Resolved,23
CP2132,C10074,2025-03-25,Delivery,Low,Resolved,6
CP2133,C10423,2025-10-22,Pricing,Low,Open,11
CP2134,C10190,2026-03-15,Delivery,High,Resolved,24
CP2135,C10783,2025-05-25,Account,Low,Resolved,11
CP2136,C10425,2025-05-02,Account,High,Open,30
CP2137,C10220,2026-01-21,Pricing,Medium,Resolved,24
CP2138,C10578,2026-04-17,Payment,Medium,Resolved,28
CP2139,C10775,2026-03-01,Delivery,Low,Resolved,21
CP2140,C10058,2026-07-25,Delivery,Low,Open,17
CP2141,C10790,2025-06-02,Delivery,Medium,Resolved,22
CP2142,C10992,2025-08-03,Technical,Low,Resolved,15
CP2143,C10133,2025-07-11,Delivery,Low,Resolved,22
CP2144,C10882,2026-06-24,Payment,Low,Pending,2
CP2145,C10938,2026-07-31,Service,Low,Pending,19
CP2146,C10820,2025-01-11,Delivery,Low,Open,30
CP2147,C10303,2026-06-02,Service,Medium,Pending,10
CP2148,C10422,2025-12-02,Service,Low,Resolved,4
CP2149,C10935,2026-04-27,Pricing,Low,Open,8
CP2150,C10623,2025-10-17,Pricing,Medium,Open,4
CP2151,C10247,2025-11-28,Account,Medium,Resolved,5
CP2152,C10598,2026-03-23,Service,Medium,Resolved,16
CP2153,C10389,2025-10-22,Pricing,Medium,Resolved,20
CP2154,C10707,2026-08-27,Payment,Low,Resolved,11
CP2155,C10486,2026-04-12,Technical,High,Pending,17
CP2156,C10329,2025-03-11,Technical,Low,Open,17
CP2157,C10632,2025-06-17,Payment,Low,Resolved,8
CP2158,C10502,2025-01-04,Account,Low,Resolved,24
CP2159,C10715,2025-12-06,Pricing,Low,Pending,1
CP2160,C10602,2026-03-03,Payment,High,Open,9
CP2161,C10311,2025-12-25,Technical,High,Resolved,8
CP2162,C10346,2026-07-19,Pricing,High,Resolved,26
CP2163,C10870,2025-01-21,Pricing,Low,Resolved,25
CP2164,C10622,2026-06-26,Payment,Low,Pending,20
CP2165,C10329,2026-01-27,Technical,Low,Resolved,7
CP2166,C10321,2026-03-06,Service,Medium,Resolved,21
CP2167,C10249,2025-12-31,Delivery,Low,Resolved,25
CP2168,C10735,2025-10-21,Delivery,High,Resolved,16
CP2169,C10006,2025-10-26,Pricing,Low,Resolved,6
CP2170,C10543,2025-08-10,Pricing,Low,Open,3
CP2171,C10494,2025-10-07,Service,Low,Resolved,7
CP2172,C10554,2025-08-24,Payment,Low,Resolved,9
CP2173,C10911,2025-08-24,Delivery,Low,Resolved,6
CP2174,C10038,2026-04-10,Technical,Low,Open,12
CP2175,C10172,2025-06-27,Technical,Medium,Pending,26
CP2176,C10272,2025-02-25,Account,Low,Open,16
CP2177,C10494,2026-05-23,Account,Low,Resolved,2
CP2178,C10412,2025-01-22,Pricing,High,Resolved,4
CP2179,C10735,2026-01-07,Account,Low,Open,14
CP2180,C10506,2026-03-21,Delivery,Medium,Open,9
CP2181,C10347,2026-05-01,Payment,High,Resolved,4
CP2182,C10449,2026-05-20,Pricing,Low,Pending,28
CP2183,C10921,2025-11-19,Delivery,Medium,Resolved,16
CP2184,C10141,2025-09-18,Pricing,Low,Resolved,12
CP2185,C10342,2025-10-05,Delivery,Low,Open,11
CP2186,C10288,2026-03-31,Technical,Low,Resolved,12
CP2187,C10135,2025-01-19,Pricing,Low,Resolved,1
CP2188,C10925,2026-06-20,Technical,Low,Resolved,7
CP2189,C10221,2026-04-06,Payment,High,Resolved,16
CP2190,C10514,2025-10-20,Delivery,Low,Resolved,18
CP2191,C10043,2025-02-13,Pricing,Medium,Open,26
CP2192,C10082,2026-08-14,Pricing,Medium,Open,15
CP2193,C10815,2025-10-06,Technical,Low,Resolved,24
CP2194,C10880,2025-03-28,Account,Low,Resolved,11
CP2195,C10230,2026-08-26,Payment,Medium,Resolved,26
CP2196,C10235,2026-08-06,Payment,Low,Resolved,26
CP2197,C10908,2026-06-12,Service,Low,Open,12
CP2198,C10522,2025-11-07,Technical,High,Resolved,6
CP2199,C10556,2025-06-05,Payment,Low,Pending,26
CP2200,C10596,2025-03-21,Account,Medium,Pending,20
CP2201,C10025,2025-07-02,Account,Low,Resolved,2
CP2202,C10265,2025-07-14,Service,Medium,Resolved,19
CP2203,C10636,2026-03-22,Delivery,Medium,Resolved,20
CP2204,C10212,2026-05-28,Payment,Medium,Pending,20
CP2205,C10780,2025-07-12,Delivery,High,Pending,7
CP2206,C10678,2025-06-15,Delivery,Medium,Open,14
CP2207,C10109,2025-12-26,Technical,Medium,Resolved,6
CP2208,C10333,2025-12-06,Service,Low,Resolved,7
CP2209,C10908,2026-04-24,Account,Low,Resolved,21
CP2210,C10583,2025-04-21,Technical,Medium,Open,9
CP2211,C10491,2025-10-28,Delivery,High,Open,28
CP2212,C10847,2026-08-17,Account,Medium,Open,27
CP2213,C10319,2025-06-19,Payment,Medium,Open,29
CP2214,C10092,2025-12-11,Account,Medium,Resolved,23
CP2215,C10583,2025-10-25,Technical,Low,Open,13
CP2216,C10129,2025-12-29,Payment,Low,Resolved,7
CP2217,C10852,2025-04-26,Technical,Medium,Open,29
CP2218,C10420,2026-01-24,Service,Medium,Pending,30
CP2219,C10835,2025-10-09,Service,High,Open,16
CP2220,C10139,2025-02-07,Account,Low,Resolved,21
CP2221,C10098,2025-12-24,Technical,Medium,Resolved,26
CP2222,C10431,2025-10-06,Technical,High,Resolved,28
CP2223,C10255,2026-04-03,Payment,Medium,Open,28
CP2224,C10156,2026-05-10,Delivery,Low,Resolved,7
CP2225,C10457,2025-07-23,Technical,Low,Resolved,26
CP2226,C10307,2025-03-20,Technical,High,Open,11
CP2227,C10975,2026-08-22,Delivery,Low,Resolved,6
CP2228,C10028,2025-01-22,Account,Low,Resolved,8
CP2229,C10245,2025-03-26,Pricing,Low,Resolved,30
CP2230,C10265,2025-05-27,Service,Low,Resolved,24
CP2231,C10054,2025-11-01,Delivery,Low,Open,15
CP2232,C10770,2025-09-12,Pricing,Medium,Resolved,7
CP2233,C10491,2025-01-01,Technical,High,Open,29
CP2234,C10515,2026-05-29,Pricing,Medium,Resolved,5
CP2235,C10023,2025-11-04,Pricing,High,Resolved,26
CP2236,C10265,2025-04-02,Service,Low,Resolved,17
CP2237,C10886,2026-06-14,Service,Medium,Resolved,19
CP2238,C10417,2025-10-22,Account,Medium,Resolved,11
CP2239,C10380,2026-04-28,Payment,Medium,Resolved,3
CP2240,C10346,2025-12-13,Pricing,Low,Pending,28
CP2241,C10968,2025-04-05,Payment,Low,Resolved,3
CP2242,C10104,2025-11-04,Payment,Low,Resolved,11
CP2243,C10225,2025-04-08,Service,Low,Resolved,24
CP2244,C10770,2026-03-13,Service,Medium,Resolved,7
CP2245,C10995,2025-08-06,Pricing,Low,Resolved,2
CP2246,C10608,2025-12-25,Technical,Low,Resolved,5
CP2247,C10760,2025-08-11,Payment,Low,Pending,4
CP2248,C10861,2026-01-29,Technical,Low,Pending,5
CP2249,C10068,2025-05-29,Pricing,High,Resolved,7
CP2250,C10849,2026-05-05,Technical,Medium,Resolved,15
CP2251,C10610,2025-09-28,Payment,Medium,Resolved,22
CP2252,C10773,2026-01-21,Pricing,Medium,Resolved,16
CP2253,C10150,2025-09-11,Technical,High,Resolved,7
CP2254,C10159,2025-06-03,Payment,Low,Open,16
CP2255,C10875,2025-02-04,Service,High,Resolved,19
CP2256,C10526,2026-03-28,Technical,Low,Pending,10
CP2257,C10473,2026-07-06,Pricing,High,Pending,3
CP2258,C10999,2025-02-20,Delivery,Low,Open,19
CP2259,C10220,2025-11-27,Technical,High,Resolved,2
CP2260,C10761,2026-06-09,Pricing,Low,Open,27
CP2261,C10195,2025-06-19,Delivery,Medium,Resolved,9
CP2262,C10504,2026-02-22,Payment,Medium,Resolved,4
CP2263,C10165,2026-05-05,Account,Medium,Open,13
CP2264,C10536,2026-03-02,Service,Low,Open,17
CP2265,C10360,2025-09-06,Delivery,Medium,Resolved,24
CP2266,C10380,2025-10-06,Technical,Low,Open,3
CP2267,C10715,2025-08-14,Payment,Low,Resolved,16
CP2268,C10118,2025-04-16,Payment,High,Pending,26
CP2269,C10315,2026-04-16,Pricing,Medium,Pending,8
CP2270,C10970,2025-01-28,Pricing,Low,Resolved,26
CP2271,C10362,2025-06-13,Pricing,Medium,Resolved,17
CP2272,C10882,2025-06-01,Payment,Medium,Open,16
CP2273,C10715,2026-03-29,Delivery,Low,Pending,22
CP2274,C10453,2025-10-20,Service,Low,Resolved,14
CP2275,C10469,2026-02-21,Technical,Low,Resolved,27
CP2276,C10020,2026-05-04,Service,Low,Resolved,18
CP2277,C10637,2025-01-20,Service,High,Resolved,23
CP2278,C10661,2026-04-29,Account,High,Resolved,29
CP2279,C10073,2026-01-15,Service,Low,Resolved,12
CP2280,C10977,2025-09-09,Account,Medium,Resolved,7
CP2281,C10559,2025-01-16,Delivery,High,Open,1
CP2282,C10819,2025-07-09,Technical,Low,Pending,26
CP2283,C10206,2025-09-04,Technical,Low,Resolved,17
CP2284,C10518,2025-03-05,Service,High,Pending,20
CP2285,C10012,2025-07-27,Technical,Low,Open,24
CP2286,C10773,2026-06-01,Account,Low,Resolved,24
CP2287,C10440,2026-01-05,Delivery,Medium,Open,25
CP2288,C10941,2026-04-23,Technical,Medium,Resolved,30
CP2289,C10100,2026-08-15,Delivery,Medium,Resolved,18
CP2290,C10603,2026-06-13,Account,Low,Pending,22
CP2291,C10915,2026-03-14,Pricing,Medium,Resolved,7
CP2292,C10432,2025-01-16,Pricing,Low,Resolved,19
CP2293,C10928,2025-01-13,Payment,High,Resolved,25
CP2294,C10394,2025-09-06,Payment,Medium,Resolved,9
CP2295,C10230,2025-03-20,Technical,Low,Open,18
CP2296,C10086,2025-10-10,Service,Low,Resolved,2
CP2297,C10188,2025-04-12,Payment,Low,Resolved,19
CP2298,C10186,2025-12-29,Service,Low,Resolved,2
CP2299,C10066,2025-08-30,Delivery,Medium,Open,25
CP2300,C10536,2026-03-06,Service,High,Resolved,12
CP2301,C10240,2025-04-10,Payment,High,Resolved,5
CP2302,C10088,2025-03-27,Service,Low,Resolved,21
CP2303,C10636,2025-09-14,Delivery,Low,Open,26
CP2304,C10145,2026-02-01,Payment,Medium,Resolved,22
CP2305,C10993,2025-10-05,Service,Medium,Pending,9
CP2306,C10691,2025-08-04,Pricing,Low,Open,21
CP2307,C10064,2025-11-05,Technical,Low,Resolved,21
CP2308,C10473,2026-05-06,Payment,Medium,Pending,13
CP2309,C10231,2025-03-10,Delivery,Low,Resolved,28
CP2310,C10281,2026-06-05,Delivery,Medium,Resolved,20
CP2311,C10966,2026-04-10,Delivery,Medium,Open,1
CP2312,C10023,2025-10-06,Delivery,Low,Open,11
CP2313,C10130,2025-04-30,Payment,Medium,Resolved,16
CP2314,C10532,2025-08-22,Account,High,Resolved,8
CP2315,C10818,2025-04-15,Payment,Low,Open,25
CP2316,C10247,2026-08-02,Technical,Medium,Open,24
CP2317,C10439,2025-03-04,Payment,Low,Resolved,16
CP2318,C10524,2025-04-08,Account,Medium,Pending,11
CP2319,C10943,2025-03-25,Technical,Low,Open,29
CP2320,C10772,2025-10-09,Payment,High,Pending,5
CP2321,C10958,2026-02-18,Service,Low,Open,29
CP2322,C10523,2026-05-20,Pricing,High,Open,16
CP2323,C10262,2025-12-04,Service,Medium,Pending,4
CP2324,C10537,2025-03-18,Service,Low,Open,7
CP2325,C10268,2026-08-20,Technical,Medium,Resolved,11
CP2326,C10336,2025-06-20,Service,Medium,Pending,11
CP2327,C10249,2025-11-14,Technical,Medium,Pending,16
CP2328,C10331,2026-08-21,Account,Low,Resolved,4
CP2329,C10136,2026-06-28,Payment,Low,Resolved,10
CP2330,C10002,2025-09-29,Payment,Medium,Open,4
CP2331,C10610,2026-03-19,Pricing,High,Resolved,14
CP2332,C10134,2025-12-31,Pricing,Low,Open,24
CP2333,C10552,2026-08-22,Delivery,Low,Resolved,12
CP2334,C10506,2026-05-27,Payment,Low,Open,23
CP2335,C10201,2026-05-20,Account,Medium,Resolved,26
CP2336,C10099,2025-05-09,Account,High,Resolved,18
CP2337,C10509,2025-11-25,Payment,Medium,Resolved,2
CP2338,C10542,2026-03-27,Technical,High,Resolved,6
CP2339,C10648,2026-04-30,Technical,Medium,Resolved,12
CP2340,C10356,2026-01-22,Delivery,Low,Open,3
CP2341,C10377,2026-04-08,Payment,Medium,Pending,11
CP2342,C10360,2026-01-18,Payment,Low,Open,9
CP2343,C10062,2026-08-27,Account,Low,Resolved,13
CP2344,C10354,2025-02-07,Payment,Low,Resolved,28
CP2345,C10654,2025-10-15,Technical,Low,Pending,30
CP2346,C10743,2026-02-26,Technical,Low,Resolved,21
CP2347,C10637,2025-05-11,Service,Low,Open,27
CP2348,C10382,2025-07-18,Pricing,Low,Resolved,21
CP2349,C10911,2025-05-15,Pricing,Medium,Open,29
CP2350,C10441,2025-07-22,Payment,Low,Resolved,2
CP2351,C10062,2025-02-02,Pricing,High,Resolved,14
CP2352,C10687,2025-07-12,Delivery,Low,Open,18
CP2353,C10035,2025-04-23,Technical,Low,Pending,19
CP2354,C10238,2025-05-10,Service,Medium,Resolved,29
CP2355,C10186,2025-11-25,Payment,High,Resolved,23
CP2356,C10848,2026-01-07,Account,Medium,Open,9
CP2357,C10546,2025-07-25,Service,High,Open,25
CP2358,C10198,2026-07-30,Service,Medium,Resolved,27
CP2359,C10223,2026-01-07,Delivery,Low,Open,2
CP2360,C10528,2026-06-06,Account,Low,Resolved,10
CP2361,C10370,2026-08-17,Service,Low,Pending,24
CP2362,C10040,2025-09-28,Pricing,High,Resolved,30
CP2363,C10292,2026-09-01,Pricing,Low,Resolved,2
CP2364,C10803,2025-03-16,Technical,Low,Pending,5
CP2365,C10933,2025-07-15,Pricing,Low,Open,30
CP2366,C10914,2025-11-15,Technical,Medium,Resolved,5
CP2367,C10744,2025-02-22,Technical,Low,Resolved,21
CP2368,C10778,2026-02-27,Technical,Medium,Pending,5
CP2369,C10041,2026-08-14,Service,Low,Pending,14
CP2370,C10631,2025-10-11,Delivery,Low,Resolved,8
CP2371,C10687,2025-01-08,Service,Medium,Pending,2
CP2372,C10536,2025-02-21,Technical,Medium,Resolved,9
CP2373,C10459,2026-07-18,Technical,Low,Open,30
CP2374,C10584,2025-10-17,Delivery,High,Resolved,4
CP2375,C10290,2026-05-12,Technical,High,Resolved,30
CP2376,C10239,2025-12-15,Payment,Low,Resolved,25
CP2377,C10004,2026-07-06,Payment,Low,Resolved,9
CP2378,C10045,2026-02-06,Payment,Low,Resolved,9
CP2379,C10997,2026-07-05,Pricing,Low,Resolved,5
CP2380,C10318,2025-05-28,Technical,Low,Open,14
CP2381,C10669,2025-09-16,Account,Low,Open,8
CP2382,C10355,2025-03-25,Service,Low,Pending,27
CP2383,C10876,2026-01-06,Pricing,High,Pending,18
CP2384,C10416,2026-08-12,Technical,Low,Open,25
CP2385,C10915,2026-07-10,Delivery,Medium,Resolved,20
CP2386,C10515,2025-01-09,Payment,Low,Open,10
CP2387,C10739,2026-02-07,Service,Low,Open,10
CP2388,C10465,2025-07-29,Technical,Low,Open,12
CP2389,C10786,2026-04-20,Delivery,Low,Open,15
CP2390,C10948,2026-01-31,Pricing,Low,Resolved,19
CP2391,C10774,2025-01-29,Pricing,Low,Resolved,11
CP2392,C10645,2025-03-30,Payment,Medium,Resolved,17
CP2393,C10773,2025-12-21,Account,Low,Pending,7
CP2394,C10854,2025-01-16,Service,Low,Resolved,28
CP2395,C10365,2025-09-13,Account,Low,Pending,8
CP2396,C10163,2025-10-31,Delivery,Low,Resolved,2
CP2397,C10466,2025-03-15,Delivery,Medium,Open,13
CP2398,C10008,2026-04-27,Pricing,Low,Resolved,29
CP2399,C10936,2025-02-16,Pricing,Low,Open,24
CP2400,C10391,2026-08-26,Technical,Low,Open,20
CP2401,C10570,2026-06-09,Pricing,Medium,Resolved,20
CP2402,C10667,2025-10-10,Technical,Medium,Resolved,28
CP2403,C10132,2026-03-08,Pricing,Low,Resolved,13
CP2404,C10806,2025-06-23,Delivery,High,Resolved,23
CP2405,C10343,2025-06-21,Technical,Medium,Pending,16
CP2406,C10380,2025-01-18,Delivery,Low,Resolved,21
CP2407,C10800,2025-07-10,Payment,High,Open,1
CP2408,C10003,2026-07-11,Pricing,Medium,Pending,6
CP2409,C10553,2025-03-11,Pricing,Low,Resolved,27
CP2410,C10237,2026-01-17,Service,Low,Resolved,3
CP2411,C10174,2026-07-13,Service,Low,Resolved,9
CP2412,C10599,2025-08-22,Pricing,Medium,Open,6
CP2413,C10671,2025-07-12,Account,Medium,Resolved,26
CP2414,C10669,2026-04-20,Service,Medium,Resolved,25
CP2415,C10215,2025-08-08,Account,High,Resolved,15
CP2416,C10011,2025-07-14,Technical,Low,Pending,13
CP2417,C10409,2025-10-08,Account,Medium,Resolved,29
CP2418,C10150,2026-02-28,Delivery,Medium,Resolved,23
CP2419,C10932,2025-01-12,Account,Low,Open,17
CP2420,C10108,2025-11-14,Payment,Low,Resolved,15
CP2421,C10655,2026-07-02,Account,High,Resolved,16
CP2422,C10673,2025-04-28,Technical,Low,Resolved,5
CP2423,C10337,2025-06-29,Service,Low,Resolved,2
CP2424,C10043,2025-05-14,Payment,Low,Resolved,29
CP2425,C10256,2025-07-21,Service,Low,Open,18
CP2426,C10183,2025-12-22,Payment,Medium,Open,3
CP2427,C10581,2025-09-22,Delivery,Low,Open,25
CP2428,C10895,2025-12-10,Pricing,Low,Open,23
CP2429,C10435,2025-12-17,Technical,Medium,Resolved,13
CP2430,C10050,2026-02-26,Technical,Medium,Resolved,3
CP2431,C10981,2026-08-02,Pricing,Medium,Resolved,23
CP2432,C10081,2025-07-04,Payment,Low,Open,26
CP2433,C10134,2025-08-15,Account,Low,Resolved,16
CP2434,C10811,2026-02-17,Payment,High,Resolved,28
CP2435,C10933,2025-10-10,Technical,Low,Resolved,6
CP2436,C10942,2026-08-01,Delivery,Low,Resolved,16
CP2437,C10365,2025-04-21,Account,Medium,Resolved,21
CP2438,C10247,2026-06-18,Technical,Medium,Open,27
CP2439,C10812,2025-10-24,Service,Low,Resolved,13
CP2440,C10340,2026-05-20,Service,Low,Pending,14
CP2441,C10123,2026-03-31,Pricing,Low,Open,18
CP2442,C10447,2025-12-08,Payment,Low,Pending,28
CP2443,C10515,2025-08-13,Payment,Low,Resolved,5
CP2444,C10544,2025-02-15,Payment,Medium,Resolved,29
CP2445,C10270,2025-05-09,Account,Medium,Open,7
CP2446,C10858,2025-04-01,Account,Medium,Resolved,6
CP2447,C10932,2026-03-29,Payment,Low,Pending,23
CP2448,C10430,2026-07-12,Pricing,Low,Open,2
CP2449,C10381,2025-02-25,Service,Low,Resolved,4
CP2450,C10060,2025-06-01,Technical,Low,Pending,20
CP2451,C10239,2025-08-22,Account,High,Resolved,6
CP2452,C10045,2026-07-04,Pricing,Low,Resolved,13
CP2453,C10574,2025-04-05,Service,Low,Open,15
CP2454,C10234,2025-10-03,Pricing,Low,Resolved,25
CP2455,C10563,2025-02-06,Account,Medium,Resolved,12
CP2456,C10922,2026-01-26,Account,High,Pending,6
CP2457,C10784,2025-12-22,Technical,Medium,Resolved,21
CP2458,C10696,2026-04-22,Account,High,Pending,1
CP2459,C10057,2026-08-30,Payment,Low,Resolved,11
CP2460,C10030,2025-03-17,Service,Medium,Resolved,5
CP2461,C10691,2026-02-24,Delivery,Low,Resolved,7
CP2462,C10398,2026-05-27,Pricing,Low,Resolved,29
CP2463,C10683,2026-08-12,Account,Low,Open,1
CP2464,C10195,2026-07-06,Delivery,Low,Resolved,16
CP2465,C10465,2025-04-01,Service,High,Resolved,1
CP2466,C10290,2026-02-24,Pricing,Medium,Open,11
CP2467,C10763,2025-06-13,Technical,Low,Pending,24
CP2468,C10348,2025-12-04,Account,High,Pending,22
CP2469,C10972,2026-04-26,Service,High,Open,10
CP2470,C10468,2025-12-30,Delivery,Medium,Resolved,24
CP2471,C10653,2025-01-18,Payment,Low,Pending,27
CP2472,C10952,2025-10-09,Service,Low,Resolved,2
CP2473,C10819,2025-07-25,Account,Medium,Resolved,19
CP2474,C10529,2025-07-26,Account,High,Pending,18
CP2475,C10068,2026-09-01,Service,Low,Open,10
CP2476,C10968,2026-08-17,Delivery,Low,Resolved,4
CP2477,C10046,2026-06-21,Technical,Low,Resolved,20
CP2478,C10423,2026-03-01,Service,Low,Resolved,9
CP2479,C10095,2025-07-21,Delivery,Medium,Open,3
CP2480,C10051,2026-02-28,Pricing,Low,Resolved,12
CP2481,C10768,2025-01-01,Service,High,Open,28
CP2482,C10950,2025-10-02,Payment,Low,Open,14
CP2483,C10682,2026-01-05,Payment,Low,Resolved,29
CP2484,C10038,2026-04-02,Account,Low,Open,27
CP2485,C10835,2025-09-01,Pricing,Medium,Pending,10
CP2486,C10340,2025-03-29,Technical,Low,Pending,28
CP2487,C10068,2026-08-08,Technical,Low,Pending,9
CP2488,C10163,2025-11-03,Delivery,Medium,Open,29
CP2489,C10728,2025-04-16,Pricing,High,Resolved,20
CP2490,C10971,2026-01-17,Pricing,Low,Pending,5
CP2491,C10216,2026-05-04,Pricing,High,Resolved,25
CP2492,C10731,2025-08-16,Service,Low,Resolved,2
CP2493,C10197,2026-03-28,Service,Low,Resolved,26
CP2494,C10986,2025-05-11,Pricing,Medium,Open,21
CP2495,C10543,2026-07-27,Payment,Medium,Pending,23
CP2496,C10185,2026-03-27,Payment,Low,Open,10
CP2497,C10487,2025-01-14,Pricing,Low,Resolved,12
CP2498,C10657,2025-07-22,Delivery,Medium,Resolved,18
CP2499,C10808,2025-01-28,Technical,Medium,Resolved,30
CP2500,C10051,2026-03-22,Delivery,Low,Pending,18
CP2501,C10403,2025-04-26,Service,High,Resolved,29
CP2502,C10746,2025-04-16,Service,Medium,Open,30
CP2503,C10510,2025-11-22,Service,Medium,Resolved,24
CP2504,C10241,2025-05-07,Service,Low,Resolved,24
CP2505,C10427,2025-01-18,Delivery,Low,Resolved,10
CP2506,C10916,2025-01-25,Payment,Medium,Resolved,1
CP2507,C10467,2025-03-13,Service,Low,Resolved,8
CP2508,C10637,2025-07-23,Payment,Low,Resolved,21
CP2509,C10653,2026-04-09,Delivery,Low,Resolved,18
CP2510,C10359,2025-02-10,Pricing,Medium,Resolved,17
CP2511,C10765,2026-05-17,Delivery,High,Resolved,9
CP2512,C10392,2025-08-11,Service,Medium,Open,7
CP2513,C10383,2026-08-04,Technical,Medium,Resolved,3
CP2514,C10108,2025-01-19,Delivery,Low,Resolved,26
CP2515,C10230,2025-01-27,Account,Medium,Pending,28
CP2516,C10431,2025-11-29,Pricing,Low,Resolved,29
CP2517,C10041,2025-04-15,Technical,Low,Resolved,4
CP2518,C10463,2025-03-14,Account,Low,Resolved,15
CP2519,C10258,2026-06-26,Account,High,Open,12
CP2520,C10652,2026-01-22,Account,Medium,Open,29
CP2521,C10438,2025-12-10,Payment,Low,Pending,16
CP2522,C10801,2026-03-02,Pricing,Low,Resolved,24
CP2523,C10759,2025-07-20,Pricing,Low,Resolved,23
CP2524,C10285,2026-02-03,Account,Low,Open,3
CP2525,C10903,2026-03-31,Service,Low,Pending,20
CP2526,C10744,2025-07-16,Account,Low,Resolved,4
CP2527,C10250,2026-01-22,Account,Medium,Resolved,10
CP2528,C10067,2025-09-28,Technical,Low,Open,28
CP2529,C10715,2025-05-15,Payment,Low,Pending,8
CP2530,C10775,2025-10-08,Payment,Low,Resolved,7
CP2531,C10547,2026-03-24,Pricing,Medium,Resolved,19
CP2532,C10024,2025-03-30,Delivery,Medium,Resolved,17
CP2533,C10620,2026-08-17,Pricing,High,Open,15
CP2534,C10238,2026-04-02,Delivery,Medium,Resolved,19
CP2535,C10310,2026-01-23,Delivery,Low,Resolved,17
CP2536,C10247,2026-01-17,Pricing,Medium,Resolved,24
CP2537,C10136,2025-07-31,Payment,Medium,Resolved,10
CP2538,C10383,2026-04-03,Delivery,High,Resolved,25
CP2539,C10487,2026-07-17,Account,Medium,Resolved,6
CP2540,C10667,2026-03-02,Payment,Medium,Resolved,6
CP2541,C10062,2025-03-31,Pricing,High,Pending,6
CP2542,C10283,2025-11-17,Account,Low,Open,13
CP2543,C10283,2025-05-13,Technical,Low,Pending,21
CP2544,C10398,2025-08-15,Payment,Medium,Open,20
CP2545,C10202,2026-05-22,Technical,Low,Resolved,26
CP2546,C10162,2026-08-16,Pricing,Medium,Resolved,22
CP2547,C10566,2025-09-15,Payment,High,Pending,24
CP2548,C10167,2025-09-27,Technical,Low,Open,18
CP2549,C10518,2026-01-11,Service,Medium,Resolved,24
CP2550,C10250,2026-07-26,Account,Low,Resolved,28
CP2551,C10602,2026-06-16,Account,Low,Resolved,4
CP2552,C10607,2025-02-22,Pricing,Low,Resolved,2
CP2553,C10474,2025-01-06,Service,Low,Resolved,27
CP2554,C10975,2026-02-10,Technical,Medium,Resolved,30
CP2555,C10073,2025-03-09,Account,High,Resolved,26
CP2556,C10142,2025-01-07,Service,Medium,Resolved,22
CP2557,C10819,2025-02-20,Payment,Medium,Resolved,27
CP2558,C10553,2026-04-29,Pricing,Low,Resolved,17
CP2559,C10182,2025-10-09,Payment,Low,Resolved,9
CP2560,C10511,2026-06-08,Technical,Low,Resolved,7
CP2561,C10064,2025-12-26,Account,Medium,Resolved,26
CP2562,C10816,2025-06-26,Delivery,Low,Pending,10
CP2563,C10042,2026-03-08,Delivery,Low,Resolved,3
CP2564,C10972,2025-10-13,Delivery,Medium,Resolved,25
CP2565,C10335,2025-08-30,Pricing,Low,Resolved,22
CP2566,C10379,2026-01-23,Service,Low,Open,15
CP2567,C10665,2026-02-25,Delivery,Medium,Resolved,27
CP2568,C10411,2025-06-24,Account,Low,Resolved,3
CP2569,C10326,2025-10-11,Technical,Low,Resolved,10
CP2570,C10337,2025-08-22,Pricing,Medium,Resolved,27
CP2571,C10465,2025-01-18,Service,Medium,Resolved,24
CP2572,C10922,2025-12-29,Account,Low,Resolved,29
CP2573,C10080,2026-01-19,Payment,Medium,Resolved,10
CP2574,C10497,2025-09-12,Service,Low,Resolved,22
CP2575,C10914,2026-05-27,Payment,High,Resolved,6
CP2576,C10357,2025-08-03,Pricing,High,Resolved,16
CP2577,C10754,2025-06-16,Service,Medium,Open,11
CP2578,C10329,2025-12-15,Payment,Low,Resolved,24
CP2579,C10476,2025-02-09,Service,Medium,Resolved,29
CP2580,C10905,2026-01-08,Service,Low,Open,9
CP2581,C10084,2025-01-24,Technical,Low,Resolved,12
CP2582,C10542,2025-10-16,Payment,High,Pending,20
CP2583,C10693,2025-01-20,Payment,Low,Resolved,5
CP2584,C10186,2026-07-31,Pricing,Medium,Resolved,23
CP2585,C10306,2025-12-10,Technical,Medium,Open,19
CP2586,C10875,2025-05-04,Delivery,Low,Resolved,30
CP2587,C10757,2025-12-23,Delivery,Medium,Resolved,5
CP2588,C10688,2025-09-29,Account,Medium,Resolved,14
CP2589,C10808,2025-01-25,Service,Low,Pending,28
CP2590,C10787,2025-01-01,Pricing,Medium,Pending,20
CP2591,C10273,2025-03-26,Account,Low,Open,4
CP2592,C10457,2026-06-13,Payment,Low,Resolved,20
CP2593,C10420,2025-10-05,Pricing,Low,Resolved,30
CP2594,C10003,2026-06-21,Service,Medium,Pending,9
CP2595,C10739,2025-06-07,Service,Medium,Open,14
CP2596,C10630,2025-11-12,Payment,Low,Pending,29
CP2597,C10036,2025-10-27,Payment,Low,Resolved,6
CP2598,C10111,2025-11-14,Technical,Medium,Resolved,16
CP2599,C10104,2025-05-19,Service,Medium,Resolved,23
CP2600,C10145,2026-05-27,Delivery,Medium,Resolved,3
CP2601,C10469,2026-08-22,Delivery,High,Resolved,9
CP2602,C10173,2026-04-12,Pricing,Medium,Resolved,24
CP2603,C10846,2026-08-20,Technical,Low,Pending,10
CP2604,C10691,2025-06-22,Technical,High,Resolved,18
CP2605,C10228,2025-01-03,Account,Medium,Open,27
CP2606,C10234,2026-04-27,Service,Low,Open,22
CP2607,C10563,2025-07-13,Pricing,Medium,Resolved,28
CP2608,C10612,2026-01-24,Account,Medium,Resolved,2
CP2609,C10401,2025-01-08,Account,Low,Resolved,8
CP2610,C10430,2025-07-14,Delivery,Low,Resolved,26
CP2611,C10945,2025-05-12,Delivery,Medium,Pending,22
CP2612,C10898,2025-05-18,Delivery,Low,Resolved,12
CP2613,C10237,2025-12-02,Payment,Low,Resolved,13
CP2614,C10295,2026-01-23,Service,Medium,Resolved,5
CP2615,C10917,2026-04-11,Pricing,Low,Resolved,13
CP2616,C10218,2026-01-26,Service,Low,Pending,4
CP2617,C10439,2025-02-28,Delivery,Low,Pending,1
CP2618,C10754,2026-06-21,Payment,Low,Resolved,13
CP2619,C10383,2025-09-11,Service,High,Resolved,12
CP2620,C10569,2025-09-19,Payment,Low,Resolved,22
CP2621,C10752,2025-09-09,Delivery,Low,Open,5
CP2622,C10592,2025-12-15,Service,Low,Open,22
CP2623,C10191,2026-04-10,Pricing,Low,Open,22
CP2624,C10409,2025-11-25,Service,Medium,Pending,21
CP2625,C10575,2025-04-19,Service,Low,Resolved,29
CP2626,C10926,2025-08-16,Payment,Medium,Open,11
CP2627,C10166,2026-06-03,Delivery,Low,Open,3
CP2628,C10939,2025-07-17,Technical,Medium,Open,30
CP2629,C10236,2025-10-03,Pricing,Low,Pending,26
CP2630,C10712,2026-08-06,Pricing,Low,Resolved,25
CP2631,C10363,2025-11-05,Service,Low,Resolved,23
CP2632,C10680,2025-09-15,Technical,Low,Resolved,10
CP2633,C10545,2025-06-27,Service,Medium,Resolved,22
CP2634,C10062,2025-01-27,Delivery,High,Resolved,8
CP2635,C10922,2026-08-13,Service,Low,Resolved,19
CP2636,C10883,2025-05-12,Technical,Low,Open,18
CP2637,C10903,2025-10-01,Pricing,Medium,Resolved,11
CP2638,C10528,2025-12-26,Pricing,Medium,Pending,3
CP2639,C10551,2025-07-25,Pricing,Medium,Resolved,13
CP2640,C10843,2025-03-27,Account,Low,Open,26
CP2641,C10571,2025-04-07,Service,Medium,Resolved,17
CP2642,C10876,2026-01-22,Pricing,Low,Open,13
CP2643,C10599,2025-05-06,Pricing,Low,Resolved,21
CP2644,C10555,2025-08-26,Pricing,Low,Resolved,27
CP2645,C10684,2026-08-30,Payment,Medium,Resolved,6
CP2646,C10761,2025-06-24,Pricing,Low,Resolved,16
CP2647,C10692,2025-04-18,Account,Low,Resolved,20
CP2648,C10156,2025-07-27,Account,Low,Resolved,14
CP2649,C10819,2026-03-03,Payment,Low,Resolved,27
CP2650,C10996,2025-12-04,Pricing,Medium,Resolved,16
CP2651,C10204,2026-02-19,Delivery,Medium,Open,8
CP2652,C10324,2026-02-05,Pricing,Low,Open,9
CP2653,C10657,2025-08-27,Account,Medium,Resolved,14
CP2654,C10358,2025-05-29,Technical,High,Open,28
CP2655,C10972,2025-11-03,Service,Low,Open,4
CP2656,C10375,2026-03-02,Pricing,High,Resolved,24
CP2657,C10884,2026-01-01,Delivery,High,Pending,4
CP2658,C10527,2026-07-23,Account,Low,Pending,15
CP2659,C10509,2025-11-10,Payment,Low,Resolved,16
CP2660,C10614,2025-08-02,Technical,High,Pending,1
CP2661,C10860,2026-01-16,Pricing,Low,Resolved,29
CP2662,C10317,2025-06-21,Service,Medium,Resolved,6
CP2663,C10781,2026-01-09,Service,Medium,Open,28
CP2664,C10935,2026-01-06,Pricing,Low,Resolved,5
CP2665,C10213,2026-02-12,Service,High,Resolved,1
CP2666,C10595,2026-03-01,Pricing,Medium,Resolved,14
CP2667,C10156,2026-07-07,Service,Low,Open,5
CP2668,C10547,2026-06-09,Service,Medium,Pending,16
CP2669,C10351,2026-04-09,Delivery,High,Resolved,7
CP2670,C10508,2026-05-27,Account,Medium,Resolved,12
CP2671,C10139,2025-08-29,Technical,Low,Resolved,7
CP2672,C10213,2025-09-30,Payment,Medium,Open,12
CP2673,C10784,2025-12-02,Account,High,Resolved,24
CP2674,C10878,2025-03-31,Delivery,Medium,Open,25
CP2675,C10365,2026-02-19,Pricing,High,Resolved,3
CP2676,C10923,2026-08-09,Service,Low,Pending,3
CP2677,C10829,2026-08-08,Pricing,Low,Resolved,10
CP2678,C10845,2026-07-17,Technical,Medium,Resolved,4
CP2679,C10043,2025-04-12,Service,Medium,Pending,5
CP2680,C10544,2025-06-17,Account,High,Resolved,17
CP2681,C10829,2026-06-04,Service,Medium,Pending,22
CP2682,C10664,2025-10-08,Pricing,Low,Resolved,17
CP2683,C10236,2025-02-11,Payment,High,Open,28
CP2684,C10460,2026-01-24,Account,Medium,Open,20
CP2685,C10808,2025-11-08,Technical,Low,Resolved,17
CP2686,C10533,2025-12-21,Service,Medium,Resolved,2
CP2687,C10194,2025-12-28,Technical,Low,Resolved,2
CP2688,C10373,2026-01-23,Service,Medium,Pending,24
CP2689,C10639,2026-06-05,Service,High,Resolved,30
CP2690,C10257,2025-05-08,Pricing,Medium,Pending,6
CP2691,C10114,2025-03-22,Account,High,Resolved,22
CP2692,C10045,2026-05-23,Pricing,Low,Pending,11
CP2693,C10219,2026-03-18,Service,Low,Resolved,26
CP2694,C10563,2025-08-06,Pricing,Medium,Resolved,19
CP2695,C10223,2025-05-21,Service,Low,Resolved,24
CP2696,C10901,2025-11-12,Payment,Medium,Resolved,11
CP2697,C10223,2025-09-22,Service,Medium,Pending,14
CP2698,C10148,2025-11-24,Payment,Medium,Resolved,7
CP2699,C10774,2025-03-15,Delivery,High,Pending,12
CP2700,C10567,2025-12-21,Technical,Low,Resolved,14
CP2701,C10685,2026-09-01,Technical,Medium,Pending,21
CP2702,C10237,2026-05-19,Service,Low,Resolved,26
CP2703,C10275,2026-03-19,Service,Low,Resolved,30
CP2704,C10207,2026-05-31,Pricing,Low,Resolved,21
CP2705,C10548,2025-02-18,Delivery,Medium,Open,22
CP2706,C10050,2025-07-20,Delivery,Low,Resolved,12
CP2707,C10503,2025-07-04,Service,High,Resolved,1
CP2708,C10798,2026-02-13,Payment,Medium,Resolved,23
CP2709,C10249,2026-02-28,Delivery,Medium,Resolved,12
CP2710,C10682,2025-10-17,Account,Medium,Open,1
CP2711,C10569,2025-06-29,Technical,Low,Open,18
CP2712,C10349,2025-03-26,Service,High,Resolved,12
CP2713,C10571,2026-04-02,Pricing,Medium,Resolved,14
CP2714,C10394,2026-06-12,Account,Low,Resolved,22
CP2715,C10576,2026-07-16,Account,Medium,Resolved,17
CP2716,C10888,2025-04-07,Delivery,Low,Resolved,13
CP2717,C10174,2025-06-27,Account,Medium,Resolved,1
CP2718,C10922,2025-07-03,Payment,Low,Open,21
CP2719,C10221,2025-02-02,Service,High,Resolved,9
CP2720,C10613,2025-03-04,Pricing,Low,Pending,4
CP2721,C10661,2026-03-22,Account,Low,Resolved,28
CP2722,C10448,2026-07-11,Service,Low,Open,28
CP2723,C10470,2025-07-10,Payment,Medium,Resolved,23
CP2724,C10561,2025-09-08,Service,Medium,Pending,9
CP2725,C10231,2025-10-17,Technical,Low,Resolved,12
CP2726,C10324,2025-01-29,Account,Low,Resolved,19
CP2727,C10608,2025-05-07,Technical,Medium,Open,11
CP2728,C10541,2025-06-20,Pricing,Low,Open,23
CP2729,C10924,2025-03-30,Technical,Low,Resolved,17
CP2730,C10831,2026-04-07,Payment,High,Pending,27
CP2731,C10970,2025-01-17,Technical,Low,Resolved,11
CP2732,C10851,2025-04-07,Service,Medium,Resolved,12
CP2733,C10097,2026-04-01,Delivery,Medium,Resolved,7
CP2734,C10707,2025-06-10,Account,Medium,Resolved,29
CP2735,C10592,2026-05-29,Technical,Low,Open,14
CP2736,C10330,2026-04-02,Pricing,Low,Resolved,2
CP2737,C10647,2025-12-29,Payment,Low,Resolved,15
CP2738,C10021,2025-03-09,Payment,Medium,Resolved,26
CP2739,C10895,2026-05-01,Service,Low,Resolved,15
CP2740,C10833,2025-03-06,Account,Medium,Resolved,19
CP2741,C10293,2025-10-18,Payment,Low,Resolved,29
CP2742,C10744,2026-05-02,Pricing,Low,Resolved,30
CP2743,C10736,2025-01-01,Payment,Medium,Open,2
CP2744,C10418,2026-04-21,Service,Low,Open,24
CP2745,C10808,2026-07-01,Technical,High,Pending,20
CP2746,C10522,2025-06-02,Payment,Medium,Pending,3
CP2747,C10538,2025-03-29,Technical,Low,Resolved,12
CP2748,C10605,2026-02-09,Account,Medium,Resolved,24
CP2749,C10996,2025-09-07,Payment,High,Resolved,24
CP2750,C10099,2025-11-05,Payment,Medium,Pending,18
CP2751,C10843,2025-12-10,Pricing,Low,Open,1
CP2752,C10866,2025-10-06,Payment,Medium,Resolved,21
CP2753,C10119,2025-04-09,Account,High,Resolved,28
CP2754,C10480,2026-07-31,Pricing,High,Resolved,4
CP2755,C10885,2026-06-23,Technical,Medium,Resolved,4
CP2756,C10238,2025-11-11,Technical,Low,Open,2
CP2757,C10826,2026-03-27,Technical,Low,Resolved,25
CP2758,C10748,2025-09-25,Delivery,Medium,Open,2
CP2759,C10801,2025-03-26,Service,Medium,Resolved,27
CP2760,C10715,2025-05-16,Pricing,Low,Resolved,14
CP2761,C10138,2026-06-11,Account,Low,Open,29
CP2762,C10795,2025-02-23,Technical,Low,Pending,22
CP2763,C10829,2026-06-02,Service,Low,Resolved,25
CP2764,C10489,2025-07-27,Payment,Low,Pending,23
CP2765,C10847,2025-04-11,Delivery,Medium,Pending,22
CP2766,C10938,2025-07-30,Payment,Low,Resolved,24
CP2767,C10375,2025-11-03,Account,Low,Resolved,28
CP2768,C10354,2025-05-15,Technical,Medium,Pending,11
CP2769,C10099,2026-06-10,Account,Medium,Open,27
CP2770,C10953,2025-01-08,Pricing,Low,Resolved,22
CP2771,C10805,2025-08-30,Payment,Low,Open,20
CP2772,C10502,2025-07-22,Service,Low,Resolved,2
CP2773,C10065,2025-08-20,Payment,Medium,Resolved,22
CP2774,C10258,2025-12-15,Pricing,Low,Resolved,8
CP2775,C10789,2025-08-23,Payment,Low,Open,23
CP2776,C10069,2025-04-09,Account,High,Open,9
CP2777,C10296,2025-10-19,Payment,Low,Resolved,22
CP2778,C10336,2026-04-26,Technical,Medium,Pending,3
CP2779,C10501,2026-08-25,Pricing,Low,Resolved,28
CP2780,C10217,2025-03-24,Payment,Medium,Resolved,22
CP2781,C10568,2025-07-04,Payment,High,Resolved,23
CP2782,C10089,2025-05-02,Delivery,High,Resolved,5
CP2783,C10878,2025-11-04,Payment,Low,Open,23
CP2784,C10108,2026-07-12,Pricing,High,Resolved,20
CP2785,C10729,2025-05-30,Payment,Low,Resolved,22
CP2786,C10795,2025-02-14,Account,Low,Resolved,25
CP2787,C10974,2026-08-27,Technical,Low,Pending,18
CP2788,C10225,2026-07-07,Delivery,Low,Pending,28
CP2789,C10934,2026-06-07,Pricing,Low,Pending,10
CP2790,C10195,2026-08-16,Payment,Low,Resolved,1
CP2791,C10790,2025-11-17,Technical,Low,Open,10
CP2792,C10301,2026-08-02,Service,Low,Resolved,24
CP2793,C10910,2025-11-21,Payment,Low,Resolved,5
CP2794,C10400,2025-08-02,Service,Medium,Resolved,29
CP2795,C10099,2025-05-28,Technical,Low,Open,17
CP2796,C10093,2026-07-16,Delivery,Medium,Pending,18
CP2797,C10097,2026-08-02,Payment,Low,Open,7
CP2798,C10480,2025-07-14,Payment,Low,Resolved,7
CP2799,C10821,2026-01-17,Delivery,Medium,Resolved,6
CP2800,C10489,2026-04-05,Technical,Medium,Resolved,25
CP2801,C10793,2026-04-03,Account,Low,Resolved,1
CP2802,C10447,2025-04-04,Payment,Medium,Resolved,30
CP2803,C10303,2026-07-03,Delivery,Low,Resolved,2
CP2804,C10154,2026-07-26,Service,Low,Resolved,9
CP2805,C10300,2026-08-21,Account,Low,Resolved,17
CP2806,C10632,2026-03-19,Technical,Low,Resolved,19
CP2807,C10364,2026-03-01,Service,Low,Pending,24
CP2808,C10068,2025-10-13,Technical,Medium,Open,25
CP2809,C10266,2025-03-14,Payment,Medium,Resolved,19
CP2810,C10578,2025-12-10,Pricing,Medium,Open,12
CP2811,C10897,2026-07-18,Account,Low,Resolved,10
CP2812,C10076,2026-03-10,Delivery,Medium,Open,5
CP2813,C10469,2026-07-29,Service,Low,Resolved,1
CP2814,C10771,2025-05-24,Service,Low,Resolved,26
CP2815,C10857,2026-05-22,Service,Low,Resolved,29
CP2816,C10975,2026-03-11,Account,Low,Resolved,12
CP2817,C10137,2025-08-22,Technical,Medium,Resolved,8
CP2818,C10715,2025-02-14,Pricing,Low,Resolved,12
CP2819,C10497,2025-07-03,Technical,Low,Resolved,24
CP2820,C10640,2026-05-01,Delivery,Medium,Resolved,16
CP2821,C10359,2026-06-16,Payment,Low,Resolved,19
CP2822,C10859,2025-02-08,Pricing,Medium,Resolved,19
CP2823,C10075,2026-03-21,Payment,Low,Resolved,21
CP2824,C10049,2025-06-01,Delivery,Low,Resolved,14
CP2825,C10152,2025-12-21,Technical,Low,Resolved,28
CP2826,C10669,2026-01-03,Service,Medium,Pending,20
CP2827,C10547,2026-04-01,Account,Low,Resolved,26
CP2828,C10786,2025-06-10,Delivery,Low,Resolved,8
CP2829,C10169,2026-08-06,Pricing,Medium,Resolved,22
CP2830,C10218,2025-10-22,Service,Medium,Resolved,9
CP2831,C10538,2025-02-21,Pricing,Low,Resolved,20
CP2832,C10936,2026-01-12,Delivery,Medium,Resolved,30
CP2833,C10999,2026-08-05,Service,High,Resolved,7
CP2834,C10441,2025-03-15,Delivery,Low,Open,4
CP2835,C10730,2025-01-25,Payment,Low,Pending,9
CP2836,C10205,2026-03-27,Technical,Low,Resolved,5
CP2837,C10075,2026-05-24,Delivery,Low,Resolved,26
CP2838,C10702,2026-08-17,Pricing,Medium,Open,3
CP2839,C10736,2025-08-05,Service,Medium,Pending,15
CP2840,C10256,2025-06-24,Account,Low,Resolved,20
CP2841,C10989,2026-04-07,Account,High,Open,17
CP2842,C10054,2025-09-26,Account,Medium,Open,14
CP2843,C10330,2025-06-27,Account,High,Resolved,2
CP2844,C10264,2025-09-09,Account,Low,Resolved,5
CP2845,C10502,2025-01-21,Delivery,High,Resolved,1
CP2846,C10753,2026-03-07,Account,High,Resolved,23
CP2847,C10446,2025-11-12,Service,Medium,Pending,18
CP2848,C10280,2026-08-01,Delivery,Medium,Resolved,22
CP2849,C10119,2025-11-14,Account,Medium,Resolved,12
CP2850,C10719,2026-01-14,Account,Medium,Open,26
CP2851,C10938,2026-08-12,Service,Low,Resolved,1
CP2852,C10199,2025-11-17,Payment,Low,Open,8
CP2853,C10739,2026-09-01,Pricing,Medium,Open,28
CP2854,C10628,2025-05-14,Delivery,Medium,Resolved,29
CP2855,C10730,2026-07-24,Account,Low,Resolved,15
CP2856,C10449,2026-08-22,Service,Low,Open,1
CP2857,C10556,2026-04-16,Account,Medium,Resolved,2
CP2858,C10868,2025-10-08,Delivery,Medium,Resolved,23
CP2859,C10655,2026-07-25,Pricing,Low,Resolved,13
CP2860,C10794,2025-02-22,Account,Medium,Resolved,28
CP2861,C10751,2025-04-03,Pricing,Low,Resolved,18
CP2862,C10607,2025-06-23,Technical,Low,Pending,6
CP2863,C10734,2025-07-06,Account,Low,Resolved,7
CP2864,C10601,2026-05-10,Pricing,Low,Open,17
CP2865,C10791,2025-01-16,Technical,Low,Open,21
CP2866,C10009,2026-03-26,Service,Low,Resolved,22
CP2867,C10055,2026-08-07,Pricing,Medium,Resolved,5
CP2868,C10534,2025-01-16,Pricing,Low,Resolved,13
CP2869,C10303,2025-05-26,Pricing,Low,Pending,2
CP2870,C10060,2026-01-22,Payment,Low,Open,24
CP2871,C10816,2025-03-08,Payment,High,Resolved,18
CP2872,C10312,2025-04-10,Pricing,Low,Resolved,10
CP2873,C10959,2025-11-29,Payment,Medium,Open,13
CP2874,C10072,2026-08-08,Account,Low,Open,30
CP2875,C10221,2025-11-01,Delivery,Medium,Resolved,10
CP2876,C10851,2026-01-11,Delivery,Low,Resolved,24
CP2877,C10431,2026-01-31,Payment,Low,Resolved,27
CP2878,C10937,2026-05-04,Delivery,Low,Resolved,26
CP2879,C10998,2025-09-19,Pricing,Low,Resolved,17
CP2880,C10611,2025-12-03,Pricing,Medium,Resolved,25
CP2881,C10423,2026-08-04,Delivery,Low,Open,28
CP2882,C10755,2026-08-23,Payment,Low,Pending,1
CP2883,C10962,2025-04-02,Pricing,Low,Resolved,5
CP2884,C10547,2025-11-21,Service,Low,Resolved,20
CP2885,C10516,2026-04-29,Account,Low,Resolved,7
CP2886,C10317,2025-06-02,Pricing,Medium,Resolved,4
CP2887,C10533,2025-12-10,Technical,Medium,Resolved,24
CP2888,C10316,2025-07-07,Pricing,Medium,Open,10
CP2889,C10339,2025-10-12,Payment,Low,Pending,25
CP2890,C10775,2025-03-26,Payment,Medium,Open,23
CP2891,C10949,2025-12-27,Pricing,Low,Resolved,21
CP2892,C10159,2025-08-28,Service,Medium,Resolved,7
CP2893,C10087,2026-03-19,Service,Low,Resolved,30
CP2894,C10793,2025-01-14,Service,Low,Pending,20
CP2895,C10753,2025-04-28,Service,High,Resolved,11
CP2896,C10636,2026-03-21,Account,Medium,Pending,18
CP2897,C10164,2025-11-04,Payment,Low,Open,19
CP2898,C10881,2026-01-09,Service,Low,Resolved,15
CP2899,C10825,2025-01-23,Service,Medium,Pending,22
CP2900,C10919,2026-06-08,Pricing,High,Resolved,12
CP2901,C10658,2026-03-08,Delivery,Low,Resolved,22
CP2902,C10700,2025-05-11,Delivery,Low,Resolved,8
CP2903,C10601,2025-05-31,Service,Low,Open,21
CP2904,C10403,2025-08-06,Service,Medium,Open,11
CP2905,C10379,2025-09-11,Delivery,High,Resolved,18
CP2906,C10472,2025-03-17,Service,Medium,Open,20
CP2907,C10570,2026-07-02,Service,Low,Open,12
CP2908,C10131,2026-01-26,Pricing,Medium,Resolved,20
CP2909,C10604,2025-12-21,Payment,Low,Resolved,7
CP2910,C10640,2025-06-02,Delivery,Low,Resolved,30
CP2911,C10667,2025-03-07,Service,Low,Open,24
CP2912,C10748,2026-05-14,Payment,Medium,Resolved,25
CP2913,C10109,2025-02-20,Technical,Low,Open,29
CP2914,C10242,2026-06-07,Account,Low,Pending,20
CP2915,C10560,2025-04-24,Service,Medium,Resolved,18
CP2916,C10654,2025-10-17,Service,Low,Resolved,24
CP2917,C10671,2025-03-10,Delivery,Medium,Resolved,22
CP2918,C10704,2026-01-30,Pricing,Medium,Open,22
CP2919,C10220,2026-07-04,Technical,Medium,Resolved,27
CP2920,C10746,2025-03-28,Service,Medium,Resolved,17
CP2921,C10993,2025-12-05,Service,Low,Open,22
CP2922,C10452,2026-04-16,Service,Medium,Open,17
CP2923,C10119,2025-01-08,Delivery,Low,Pending,12
CP2924,C10589,2026-03-08,Delivery,Low,Resolved,25
CP2925,C10380,2025-06-23,Service,Medium,Resolved,23
CP2926,C10374,2025-12-22,Delivery,Medium,Open,27
CP2927,C10379,2026-05-17,Delivery,Low,Resolved,18
CP2928,C10293,2025-08-20,Delivery,High,Resolved,1
CP2929,C10436,2026-02-18,Payment,Low,Open,22
CP2930,C10532,2025-11-08,Payment,Medium,Open,24
CP2931,C10562,2026-04-10,Account,Low,Resolved,24
CP2932,C10595,2025-01-30,Technical,High,Pending,29
CP2933,C10045,2026-01-14,Service,Low,Resolved,13
CP2934,C10573,2025-04-22,Technical,Low,Resolved,24
CP2935,C10950,2026-04-16,Account,Medium,Pending,25
CP2936,C10925,2025-09-02,Technical,Medium,Resolved,6
CP2937,C10119,2025-08-16,Account,Low,Resolved,19
CP2938,C10730,2026-07-12,Pricing,Medium,Open,7
CP2939,C10924,2025-12-11,Delivery,Medium,Open,9
CP2940,C10466,2025-06-16,Account,Medium,Resolved,12
CP2941,C10872,2025-05-19,Technical,Low,Open,16
CP2942,C10722,2025-10-30,Pricing,Medium,Pending,14
CP2943,C10224,2025-12-08,Delivery,Low,Resolved,10
CP2944,C10950,2025-02-09,Pricing,Medium,Resolved,11
CP2945,C10515,2025-01-08,Pricing,Low,Open,8
CP2946,C10972,2025-08-31,Payment,High,Resolved,9
CP2947,C10684,2026-08-02,Pricing,Medium,Resolved,29
CP2948,C10026,2025-06-27,Delivery,Medium,Resolved,10
CP2949,C10984,2025-06-04,Account,Low,Resolved,27
CP2950,C10799,2025-03-29,Pricing,Low,Resolved,26
CP2951,C10418,2026-03-13,Pricing,Low,Resolved,17
CP2952,C10597,2025-09-03,Pricing,Medium,Resolved,29
CP2953,C10354,2026-02-24,Account,Low,Resolved,15
CP2954,C10895,2025-10-13,Pricing,Medium,Resolved,29
CP2955,C10819,2025-09-28,Pricing,Medium,Open,5
CP2956,C10251,2025-07-18,Technical,High,Pending,9
CP2957,C10020,2025-06-02,Pricing,Low,Resolved,12
CP2958,C10154,2026-05-02,Account,Low,Resolved,14
CP2959,C10733,2025-07-05,Technical,Low,Resolved,18
CP2960,C10054,2025-08-30,Service,Low,Pending,19
CP2961,C10756,2026-01-11,Service,Low,Open,5
CP2962,C10223,2025-05-15,Pricing,Low,Open,2
CP2963,C10499,2026-07-17,Account,High,Resolved,12
CP2964,C10060,2025-05-04,Delivery,Medium,Open,15
CP2965,C10871,2025-06-10,Payment,Low,Resolved,18
CP2966,C10434,2025-08-03,Technical,High,Resolved,20
CP2967,C10729,2025-05-20,Pricing,High,Open,1
CP2968,C10221,2025-02-27,Delivery,Medium,Resolved,25
CP2969,C10269,2025-06-20,Payment,High,Resolved,12
CP2970,C10036,2025-07-04,Delivery,High,Resolved,26
CP2971,C10126,2026-08-04,Payment,Low,Resolved,18
CP2972,C10438,2026-04-06,Payment,Medium,Resolved,10
CP2973,C10290,2026-02-09,Account,Low,Pending,16
CP2974,C10867,2025-10-04,Pricing,High,Pending,24
CP2975,C10347,2025-02-17,Service,Medium,Pending,25
CP2976,C10043,2025-05-12,Account,Low,Pending,13
CP2977,C10878,2026-02-05,Delivery,Low,Open,20
CP2978,C10112,2025-02-01,Delivery,Medium,Resolved,17
CP2979,C10460,2025-05-11,Account,Low,Resolved,27
CP2980,C10125,2026-01-12,Pricing,Medium,Pending,26
CP2981,C10098,2025-08-12,Account,Low,Open,10
CP2982,C10564,2025-05-24,Technical,Low,Resolved,8
CP2983,C10549,2025-08-19,Service,Medium,Pending,18
CP2984,C10560,2026-04-02,Delivery,High,Resolved,18
CP2985,C10651,2025-06-11,Payment,Low,Resolved,21
CP2986,C10631,2025-04-17,Pricing,Low,Pending,22
CP2987,C10445,2025-08-20,Delivery,Medium,Resolved,30
CP2988,C10646,2025-06-29,Account,High,Pending,25
CP2989,C10371,2025-04-13,Service,Low,Pending,25
CP2990,C10177,2025-03-18,Technical,Low,Resolved,19
CP2991,C10014,2025-09-23,Payment,Medium,Pending,1
CP2992,C10370,2025-11-30,Account,Low,Open,12
CP2993,C10033,2026-04-22,Delivery,Low,Resolved,30
CP2994,C10267,2025-09-03,Account,Medium,Resolved,19
CP2995,C10760,2026-02-06,Delivery,Low,Open,28
CP2996,C10498,2026-07-22,Pricing,Low,Open,11
CP2997,C10941,2026-04-12,Payment,Low,Resolved,13
CP2998,C10645,2025-05-23,Technical,Low,Resolved,16
CP2999,C10475,2026-08-18,Service,High,Open,13
CP3000,C10683,2025-07-06,Delivery,Low,Resolved,2
