customer_id,name,age,region,segment,income,tenure_months,churned,transaction_count,total_transaction_amount,avg_transaction_amount,complaint_count,avg_resolution_days,high_severity_complaints,open_complaints,call_count,positive_calls,negative_calls,total_products,active_products,closed_products,total_interactions,support_interactions,complaint_interactions,negative_call_rate,positive_call_rate,open_complaint_rate,closed_product_rate,support_interaction_rate,churn_probability
C10000,Customer_1,59,North,Premium,220425,8,0,51,67617.35,1325.830392156863,4.0,24.25,0.0,0.0,5.0,1.0,3.0,0.0,0.0,0.0,11,1,2,0.6,0.2,0.0,0.0,0.09090909090909091,0.188
C10001,Customer_2,49,North,Business,51762,60,0,40,77422.55,1935.56375,3.0,9.0,1.0,1.0,9.0,2.0,5.0,1.0,0.0,1.0,7,1,1,0.5555555555555556,0.2222222222222222,0.3333333333333333,1.0,0.14285714285714285,0.3244444444444445
C10002,Customer_3,35,Central,Premium,169355,71,0,42,85659.5,2039.5119047619048,3.0,4.666666666666667,0.0,1.0,2.0,1.0,0.0,4.0,4.0,0.0,12,3,3,0.0,0.5,0.3333333333333333,0.0,0.25,0.10999999999999999
C10003,Customer_4,63,Central,Premium,219994,30,0,41,69207.39,1687.9851219512195,6.0,14.5,0.0,0.0,4.0,2.0,2.0,3.0,2.0,1.0,3,1,0,0.5,0.5,0.0,0.3333333333333333,0.3333333333333333,0.27666666666666667
C10004,Customer_5,28,West,Standard,195492,64,1,45,93118.93,2069.3095555555556,1.0,9.0,0.0,0.0,6.0,1.0,5.0,3.0,2.0,1.0,8,0,1,0.8333333333333334,0.16666666666666666,0.0,0.3333333333333333,0.0,0.2383333333333333
C10005,Customer_6,41,East,Standard,80568,43,1,46,78785.59,1712.7302173913042,5.0,20.0,0.0,1.0,4.0,3.0,1.0,2.0,1.0,0.0,11,2,3,0.25,0.75,0.2,0.0,0.18181818181818182,0.17200000000000001
C10006,Customer_7,59,North,Standard,110090,71,1,47,74582.7,1586.8659574468084,5.0,16.2,1.0,2.0,7.0,3.0,2.0,1.0,1.0,0.0,12,5,1,0.2857142857142857,0.42857142857142855,0.4,0.0,0.4166666666666667,0.23185714285714284
C10007,Customer_8,39,East,Premium,45219,84,0,50,77199.09,1543.9818,0.0,0.0,0.0,0.0,3.0,2.0,0.0,3.0,1.0,1.0,10,2,3,0.0,0.6666666666666666,0.0,0.3333333333333333,0.2,0.05666666666666667
C10008,Customer_9,43,East,Standard,82169,92,0,44,86568.70999999999,1967.4706818181817,3.0,19.333333333333332,0.0,0.0,8.0,5.0,0.0,1.0,1.0,0.0,15,4,2,0.0,0.625,0.0,0.0,0.26666666666666666,0.065
C10009,Customer_10,31,Central,Premium,99965,86,0,56,114606.13,2046.5380357142858,4.0,14.0,0.0,1.0,6.0,3.0,2.0,1.0,0.0,1.0,6,3,1,0.3333333333333333,0.5,0.25,1.0,0.5,0.25666666666666665
C10010,Customer_11,31,West,Business,202912,43,1,47,104288.23999999999,2218.898723404255,2.0,12.5,0.0,1.0,7.0,2.0,2.0,2.0,2.0,0.0,11,0,2,0.2857142857142857,0.2857142857142857,0.5,0.0,0.0,0.16785714285714284
C10011,Customer_12,44,South,Premium,200767,51,0,49,108587.92,2216.08,4.0,17.5,0.0,1.0,5.0,1.0,1.0,2.0,2.0,0.0,6,2,2,0.2,0.2,0.25,0.0,0.3333333333333333,0.15600000000000003
C10012,Customer_13,56,West,Standard,109754,93,0,57,106521.53,1868.7987719298246,3.0,21.666666666666668,0.0,2.0,8.0,4.0,1.0,2.0,0.0,1.0,11,1,3,0.125,0.5,0.6666666666666666,0.5,0.09090909090909091,0.22999999999999998
C10013,Customer_14,60,West,Standard,102988,51,0,60,98910.51,1648.5085,1.0,5.0,0.0,0.0,3.0,0.0,1.0,2.0,1.0,1.0,9,3,3,0.3333333333333333,0.0,0.0,0.5,0.3333333333333333,0.12666666666666668
C10014,Customer_15,44,East,Standard,214414,78,0,37,62774.9,1696.618918918919,2.0,4.0,0.0,0.0,3.0,1.0,1.0,1.0,1.0,0.0,9,2,2,0.3333333333333333,0.3333333333333333,0.0,0.0,0.2222222222222222,0.09666666666666668
C10015,Customer_16,23,West,Premium,175023,73,0,66,113579.82,1720.9063636363637,0.0,0.0,0.0,0.0,3.0,1.0,1.0,3.0,1.0,0.0,8,1,1,0.3333333333333333,0.3333333333333333,0.0,0.0,0.125,0.06666666666666667
C10016,Customer_17,42,North,Premium,157379,5,0,59,108298.52,1835.5681355932204,1.0,21.0,0.0,0.0,6.0,1.0,2.0,0.0,0.0,0.0,17,2,4,0.3333333333333333,0.16666666666666666,0.0,0.0,0.11764705882352941,0.10166666666666668
C10017,Customer_18,22,East,Business,105388,12,0,57,70046.49,1228.8857894736843,1.0,13.0,0.0,0.0,4.0,1.0,1.0,2.0,0.0,0.0,14,2,3,0.25,0.25,0.0,0.0,0.14285714285714285,0.07500000000000001
C10018,Customer_19,44,North,Standard,115768,100,0,59,116054.74,1967.0294915254237,5.0,24.8,0.0,0.0,6.0,0.0,3.0,1.0,1.0,0.0,9,2,2,0.5,0.0,0.0,0.0,0.2222222222222222,0.195
C10019,Customer_20,64,South,Business,60428,91,0,37,51095.770000000004,1380.966756756757,2.0,11.5,0.0,1.0,6.0,3.0,1.0,3.0,2.0,1.0,12,2,4,0.16666666666666666,0.5,0.5,0.3333333333333333,0.16666666666666666,0.175
C10020,Customer_21,50,East,Premium,117021,37,0,63,103239.5,1638.7222222222222,5.0,15.4,0.0,2.0,4.0,0.0,2.0,2.0,2.0,0.0,10,2,3,0.5,0.0,0.4,0.0,0.2,0.24900000000000003
C10021,Customer_22,58,South,Standard,143418,82,0,44,57624.85,1309.6556818181818,1.0,26.0,0.0,0.0,10.0,4.0,2.0,1.0,1.0,0.0,11,2,2,0.2,0.4,0.0,0.0,0.18181818181818182,0.09100000000000001
C10022,Customer_23,22,East,Premium,231846,4,0,55,109429.61,1989.6292727272728,3.0,11.666666666666666,1.0,1.0,7.0,4.0,1.0,1.0,1.0,0.0,18,4,3,0.14285714285714285,0.5714285714285714,0.3333333333333333,0.0,0.2222222222222222,0.14142857142857143
C10023,Customer_24,41,Central,Standard,195047,26,0,56,95847.49,1711.5623214285715,8.0,22.5,4.0,2.0,2.0,1.0,0.0,4.0,4.0,0.0,3,1,1,0.0,0.5,0.25,0.0,0.3333333333333333,0.255
C10024,Customer_25,53,West,Standard,157212,76,0,50,94198.24,1883.9648000000002,4.0,17.75,0.0,0.0,9.0,2.0,2.0,2.0,1.0,0.0,11,3,2,0.2222222222222222,0.2222222222222222,0.0,0.0,0.2727272727272727,0.13777777777777778
C10025,Customer_26,32,Central,Premium,180914,40,0,55,122801.62,2232.7567272727274,1.0,2.0,0.0,0.0,4.0,1.0,1.0,2.0,1.0,1.0,11,3,3,0.25,0.25,0.0,0.5,0.2727272727272727,0.12000000000000002
C10026,Customer_27,42,South,Standard,51421,24,0,60,95739.31,1595.6551666666667,2.0,16.5,0.0,0.0,3.0,1.0,1.0,1.0,0.0,1.0,17,5,3,0.3333333333333333,0.3333333333333333,0.0,1.0,0.29411764705882354,0.16666666666666669
C10027,Customer_28,64,West,Premium,26708,28,0,52,67664.56,1301.2415384615383,6.0,13.666666666666666,1.0,2.0,8.0,1.0,3.0,1.0,1.0,0.0,8,2,3,0.375,0.125,0.3333333333333333,0.0,0.25,0.27
C10028,Customer_29,45,East,Premium,159702,45,0,45,85542.91,1900.9535555555556,2.0,16.5,0.0,1.0,6.0,3.0,1.0,2.0,2.0,0.0,10,2,2,0.16666666666666666,0.5,0.5,0.0,0.2,0.13833333333333334
C10029,Customer_30,69,West,Standard,175667,57,1,58,101969.65,1758.0974137931034,2.0,25.5,0.0,2.0,8.0,4.0,1.0,1.0,1.0,0.0,12,2,2,0.125,0.5,1.0,0.0,0.16666666666666666,0.19
C10030,Customer_31,47,North,Standard,101021,41,0,63,88223.51,1400.3731746031744,1.0,5.0,0.0,0.0,2.0,0.0,1.0,1.0,1.0,0.0,7,1,0,0.5,0.0,0.0,0.0,0.14285714285714285,0.095
C10031,Customer_32,62,West,Standard,184380,93,1,60,143106.43,2385.1071666666667,1.0,4.0,0.0,0.0,4.0,1.0,3.0,3.0,1.0,1.0,4,1,1,0.75,0.25,0.0,0.3333333333333333,0.25,0.24166666666666664
C10032,Customer_33,48,North,Standard,69789,31,1,43,67275.16,1564.5386046511628,1.0,7.0,0.0,0.0,5.0,2.0,1.0,1.0,0.0,0.0,8,3,1,0.2,0.4,0.0,0.0,0.375,0.07100000000000001
C10033,Customer_34,36,West,Standard,211762,113,0,46,98311.52,2137.2069565217394,1.0,30.0,0.0,0.0,6.0,1.0,2.0,2.0,2.0,0.0,10,1,4,0.3333333333333333,0.16666666666666666,0.0,0.0,0.1,0.10166666666666668
C10034,Customer_35,35,North,Standard,51086,104,0,50,78213.63,1564.2726,1.0,7.0,0.0,1.0,4.0,3.0,1.0,2.0,2.0,0.0,15,4,3,0.25,0.75,1.0,0.0,0.26666666666666666,0.16
C10035,Customer_36,67,South,Standard,41859,22,0,51,73533.96,1441.8423529411766,2.0,21.0,0.0,0.0,4.0,1.0,3.0,1.0,0.0,1.0,12,1,3,0.75,0.25,0.0,1.0,0.08333333333333333,0.24
C10036,Customer_37,64,Central,Standard,32684,93,0,48,62775.7,1307.8270833333333,4.0,17.75,2.0,0.0,5.0,2.0,1.0,2.0,1.0,1.0,14,5,3,0.2,0.4,0.0,0.5,0.35714285714285715,0.161
C10037,Customer_38,23,East,Standard,116088,43,0,52,99074.94,1905.2873076923076,1.0,16.0,0.0,0.0,4.0,2.0,1.0,1.0,1.0,0.0,14,4,2,0.25,0.5,0.0,0.0,0.2857142857142857,0.07500000000000001
C10038,Customer_39,57,West,Premium,157279,56,0,45,97068.27,2157.072666666667,5.0,17.6,0.0,2.0,6.0,2.0,3.0,2.0,0.0,1.0,10,2,1,0.5,0.3333333333333333,0.4,0.5,0.2,0.31400000000000006
C10039,Customer_40,27,Central,Premium,71099,22,0,42,92273.79,2196.995,0.0,0.0,0.0,0.0,5.0,4.0,1.0,4.0,3.0,0.0,12,1,3,0.2,0.8,0.0,0.0,0.08333333333333333,0.056
C10040,Customer_41,41,East,Standard,223568,110,1,33,54116.94,1639.9072727272728,4.0,13.0,2.0,1.0,3.0,2.0,1.0,2.0,0.0,0.0,14,5,0,0.3333333333333333,0.6666666666666666,0.25,0.0,0.35714285714285715,0.16666666666666669
C10041,Customer_42,29,East,Standard,91093,21,0,61,112002.33,1836.1037704918033,4.0,7.0,0.0,0.0,4.0,1.0,1.0,3.0,3.0,0.0,8,1,1,0.25,0.25,0.0,0.0,0.125,0.12000000000000001
C10042,Customer_43,59,North,Business,185761,86,1,53,86952.45,1640.6122641509432,2.0,15.0,0.0,0.0,5.0,1.0,4.0,1.0,1.0,0.0,7,2,2,0.8,0.2,0.0,0.0,0.2857142857142857,0.194
C10043,Customer_44,38,South,Premium,73651,101,0,55,93167.02,1693.9458181818184,6.0,13.833333333333334,0.0,1.0,3.0,1.0,1.0,3.0,3.0,0.0,11,3,3,0.3333333333333333,0.3333333333333333,0.16666666666666666,0.0,0.2727272727272727,0.19166666666666668
C10044,Customer_45,24,South,Business,38893,113,0,35,59173.91,1690.683142857143,4.0,20.25,1.0,0.0,5.0,4.0,0.0,1.0,0.0,1.0,12,4,1,0.0,0.8,0.0,1.0,0.3333333333333333,0.15000000000000002
C10045,Customer_46,45,Central,Premium,91418,68,0,54,98442.01,1823.000185185185,7.0,10.428571428571429,2.0,1.0,3.0,3.0,0.0,0.0,0.0,0.0,4,0,1,0.0,1.0,0.14285714285714285,0.0,0.0,0.20857142857142857
C10046,Customer_47,34,South,Standard,150074,32,0,54,83970.56,1555.0103703703703,5.0,13.2,0.0,0.0,3.0,2.0,0.0,1.0,0.0,1.0,10,4,3,0.0,0.6666666666666666,0.0,1.0,0.4,0.165
C10047,Customer_48,70,West,Standard,128065,55,0,40,53001.54,1325.0385,3.0,16.0,0.0,0.0,6.0,3.0,1.0,1.0,1.0,0.0,4,2,1,0.16666666666666666,0.5,0.0,0.0,0.5,0.14833333333333334
C10048,Customer_49,29,South,Standard,155351,36,0,54,111809.08,2070.5385185185187,3.0,19.0,0.0,3.0,7.0,2.0,1.0,2.0,2.0,0.0,5,0,1,0.14285714285714285,0.2857142857142857,1.0,0.0,0.0,0.23142857142857143
C10049,Customer_50,46,Central,Standard,216083,24,1,38,81877.67,2154.6755263157893,4.0,20.75,2.0,2.0,4.0,2.0,1.0,2.0,1.0,1.0,13,2,1,0.25,0.5,0.5,0.5,0.15384615384615385,0.245
C10050,Customer_51,22,South,Standard,63635,69,0,49,104989.35,2142.6397959183673,5.0,7.4,0.0,1.0,4.0,1.0,3.0,3.0,3.0,0.0,13,2,5,0.75,0.25,0.2,0.0,0.15384615384615385,0.252
C10051,Customer_52,40,West,Standard,212187,8,0,68,106881.42,1571.7855882352942,6.0,14.666666666666666,2.0,1.0,9.0,5.0,1.0,1.0,1.0,0.0,9,1,1,0.1111111111111111,0.5555555555555556,0.16666666666666666,0.0,0.1111111111111111,0.1738888888888889
C10052,Customer_53,48,North,Standard,120071,81,0,52,116864.03,2247.3851923076923,1.0,8.0,0.0,0.0,1.0,1.0,0.0,5.0,5.0,0.0,7,1,1,0.0,1.0,0.0,0.0,0.14285714285714285,0.035
C10053,Customer_54,67,Central,Premium,234477,29,0,42,79247.41,1886.8430952380954,1.0,27.0,0.0,0.0,5.0,2.0,3.0,0.0,0.0,0.0,14,2,3,0.6,0.4,0.0,0.0,0.14285714285714285,0.14300000000000002
C10054,Customer_55,27,North,Premium,228774,12,0,55,111249.24,2022.7134545454546,5.0,14.4,0.0,4.0,1.0,0.0,1.0,1.0,1.0,0.0,10,1,0,1.0,0.0,0.8,0.0,0.1,0.343
C10055,Customer_56,64,North,Standard,103518,75,0,46,65428.19,1422.351956521739,1.0,5.0,0.0,0.0,7.0,2.0,3.0,2.0,2.0,0.0,12,3,5,0.42857142857142855,0.2857142857142857,0.0,0.0,0.25,0.12928571428571428
C10056,Customer_57,28,North,Premium,131233,99,0,56,102894.5,1837.4017857142858,1.0,1.0,0.0,0.0,2.0,1.0,0.0,1.0,1.0,0.0,7,0,4,0.0,0.5,0.0,0.0,0.0,0.035
C10057,Customer_58,67,East,Standard,128651,98,0,46,83016.1,1804.6978260869566,4.0,12.0,0.0,0.0,3.0,1.0,2.0,0.0,0.0,0.0,7,3,1,0.6666666666666666,0.3333333333333333,0.0,0.0,0.42857142857142855,0.17333333333333334
C10058,Customer_59,55,East,Premium,97805,50,1,49,100132.81999999999,2043.52693877551,3.0,10.0,0.0,1.0,8.0,2.0,4.0,2.0,1.0,1.0,13,2,1,0.5,0.25,0.3333333333333333,0.5,0.15384615384615385,0.275
C10059,Customer_60,34,North,Standard,215026,72,0,47,75935.29,1615.6444680851062,2.0,18.0,0.0,0.0,5.0,2.0,2.0,2.0,1.0,1.0,6,2,1,0.4,0.4,0.0,0.5,0.3333333333333333,0.16699999999999998
C10060,Customer_61,37,Central,Business,184136,107,0,40,81899.4,2047.485,3.0,19.666666666666668,0.0,2.0,9.0,7.0,0.0,1.0,1.0,0.0,12,2,2,0.0,0.7777777777777778,0.6666666666666666,0.0,0.16666666666666666,0.155
C10061,Customer_62,56,West,Premium,147813,61,0,49,104214.0,2126.816326530612,3.0,13.0,0.0,1.0,6.0,3.0,2.0,3.0,3.0,0.0,9,2,1,0.3333333333333333,0.5,0.3333333333333333,0.0,0.2222222222222222,0.17666666666666667
C10062,Customer_63,70,West,Standard,104063,102,0,47,65791.78,1399.8251063829787,8.0,11.125,4.0,1.0,8.0,3.0,5.0,3.0,0.0,1.0,5,1,1,0.625,0.375,0.125,0.3333333333333333,0.2,0.3591666666666667
C10063,Customer_64,60,South,Standard,27454,61,0,37,58123.58,1570.9075675675676,2.0,10.0,0.0,0.0,4.0,2.0,1.0,1.0,1.0,0.0,10,5,3,0.25,0.5,0.0,0.0,0.5,0.09000000000000001
C10064,Customer_65,24,Central,Standard,45878,4,0,49,90585.78,1848.689387755102,3.0,17.333333333333332,0.0,0.0,7.0,3.0,4.0,1.0,1.0,0.0,11,2,2,0.5714285714285714,0.42857142857142855,0.0,0.0,0.18181818181818182,0.19071428571428573
C10065,Customer_66,22,East,Standard,207170,31,0,60,115935.22,1932.2536666666667,2.0,11.5,0.0,0.0,7.0,2.0,3.0,1.0,1.0,0.0,6,0,3,0.42857142857142855,0.2857142857142857,0.0,0.0,0.0,0.1442857142857143
C10066,Customer_67,26,North,Standard,218226,70,1,47,77595.23,1650.962340425532,5.0,14.2,0.0,2.0,4.0,1.0,2.0,1.0,1.0,0.0,13,4,3,0.5,0.25,0.4,0.0,0.3076923076923077,0.24900000000000003
C10067,Customer_68,62,South,Premium,169063,67,0,52,71438.93,1373.8255769230768,4.0,19.75,0.0,2.0,4.0,3.0,1.0,1.0,0.0,1.0,10,4,1,0.25,0.75,0.5,1.0,0.4,0.27
C10068,Customer_69,24,West,Standard,93344,85,1,54,91667.36,1697.5437037037036,6.0,15.833333333333334,1.0,3.0,5.0,2.0,1.0,1.0,1.0,0.0,6,0,1,0.2,0.4,0.5,0.0,0.0,0.251
C10069,Customer_70,49,East,Premium,129946,28,0,45,108638.96,2414.199111111111,2.0,11.5,1.0,1.0,9.0,5.0,3.0,1.0,1.0,0.0,11,5,2,0.3333333333333333,0.5555555555555556,0.5,0.0,0.45454545454545453,0.19166666666666665
C10070,Customer_71,38,East,Business,61593,91,0,47,105583.82,2246.4642553191493,5.0,11.4,1.0,1.0,5.0,4.0,0.0,2.0,2.0,0.0,16,4,1,0.0,0.8,0.2,0.0,0.25,0.132
C10071,Customer_72,46,North,Standard,61304,12,1,52,113752.44,2187.546923076923,3.0,18.333333333333332,2.0,1.0,5.0,2.0,2.0,4.0,1.0,1.0,4,1,1,0.4,0.4,0.3333333333333333,0.25,0.25,0.2645
C10072,Customer_73,64,West,Standard,186458,55,1,53,193989.12,3660.172075471698,1.0,30.0,0.0,1.0,3.0,1.0,1.0,0.0,0.0,0.0,7,1,1,0.3333333333333333,0.3333333333333333,1.0,0.0,0.14285714285714285,0.16666666666666666
C10073,Customer_74,54,Central,Standard,211292,81,0,55,107046.22,1946.2949090909092,6.0,16.166666666666668,2.0,2.0,2.0,2.0,0.0,2.0,0.0,1.0,9,4,3,0.0,1.0,0.3333333333333333,0.5,0.4444444444444444,0.22499999999999998
C10074,Customer_75,30,East,Premium,138613,61,0,50,89585.23,1791.7046,2.0,3.5,0.0,0.0,5.0,1.0,2.0,1.0,1.0,0.0,18,3,3,0.4,0.2,0.0,0.0,0.16666666666666666,0.122
C10075,Customer_76,56,North,Standard,225410,24,0,46,101425.32,2204.8982608695655,6.0,17.833333333333332,0.0,1.0,4.0,2.0,0.0,4.0,2.0,2.0,12,1,4,0.0,0.5,0.16666666666666666,0.5,0.08333333333333333,0.21000000000000002
C10076,Customer_77,34,Central,Business,177155,53,0,67,131520.08,1962.9862686567162,2.0,15.5,1.0,1.0,7.0,2.0,3.0,2.0,1.0,0.0,13,3,3,0.42857142857142855,0.2857142857142857,0.5,0.0,0.23076923076923078,0.1992857142857143
C10077,Customer_78,51,West,Premium,43354,50,1,51,102987.01,2019.3531372549019,3.0,15.333333333333334,1.0,3.0,3.0,2.0,0.0,2.0,2.0,0.0,14,1,1,0.0,0.6666666666666666,1.0,0.0,0.07142857142857142,0.2
C10078,Customer_79,68,East,Standard,47190,23,0,59,94020.43000000001,1593.5666101694917,2.0,24.0,0.0,0.0,7.0,1.0,2.0,2.0,2.0,0.0,10,1,1,0.2857142857142857,0.14285714285714285,0.0,0.0,0.1,0.11285714285714285
C10079,Customer_80,35,Central,Standard,31142,24,0,53,72295.85,1364.072641509434,1.0,26.0,0.0,0.0,6.0,2.0,1.0,0.0,0.0,0.0,8,1,2,0.16666666666666666,0.3333333333333333,0.0,0.0,0.125,0.06833333333333334
C10080,Customer_81,28,Central,Premium,184470,102,0,46,95542.26,2077.005652173913,2.0,13.5,0.0,0.0,5.0,3.0,1.0,3.0,3.0,0.0,4,1,0,0.2,0.6,0.0,0.0,0.25,0.136
C10081,Customer_82,34,Central,Premium,208043,100,0,60,111951.18,1865.8529999999998,5.0,13.0,0.0,3.0,4.0,3.0,0.0,5.0,5.0,0.0,13,2,1,0.0,0.75,0.6,0.0,0.15384615384615385,0.20600000000000002
C10082,Customer_83,43,East,Standard,66862,32,0,54,75306.86,1394.5714814814814,1.0,15.0,0.0,1.0,7.0,3.0,1.0,0.0,0.0,0.0,12,1,2,0.14285714285714285,0.42857142857142855,1.0,0.0,0.08333333333333333,0.15142857142857144
C10083,Customer_84,60,East,Standard,209482,27,0,45,92428.47,2053.966,0.0,0.0,0.0,0.0,5.0,1.0,1.0,1.0,1.0,0.0,9,2,2,0.2,0.2,0.0,0.0,0.2222222222222222,0.056
C10084,Customer_85,41,South,Premium,175575,111,0,47,80793.73,1719.0155319148935,2.0,20.0,0.0,1.0,2.0,1.0,0.0,1.0,1.0,0.0,13,3,3,0.0,0.5,0.5,0.0,0.23076923076923078,0.10500000000000001
C10085,Customer_86,36,West,Standard,150438,30,0,44,97441.98,2214.5904545454546,2.0,12.0,0.0,0.0,4.0,1.0,0.0,0.0,0.0,0.0,11,0,1,0.0,0.25,0.0,0.0,0.0,0.05
C10086,Customer_87,65,North,Business,73456,67,0,62,98584.49,1590.0724193548388,2.0,10.0,0.0,0.0,5.0,3.0,0.0,1.0,1.0,0.0,12,3,1,0.0,0.6,0.0,0.0,0.25,0.05
C10087,Customer_88,38,Central,Standard,125167,115,0,49,88758.35,1811.3948979591837,2.0,23.5,1.0,0.0,4.0,1.0,1.0,2.0,1.0,1.0,12,3,3,0.25,0.25,0.0,0.5,0.25,0.135
C10088,Customer_89,67,South,Standard,107035,47,0,63,117252.94,1861.1577777777777,2.0,23.0,0.0,1.0,10.0,7.0,2.0,2.0,1.0,0.0,9,2,1,0.2,0.7,0.5,0.0,0.2222222222222222,0.161
C10089,Customer_90,44,North,Premium,33016,70,0,58,106103.43,1829.3694827586205,3.0,15.0,2.0,0.0,1.0,1.0,0.0,4.0,3.0,1.0,7,2,1,0.0,1.0,0.0,0.25,0.2857142857142857,0.0975
C10090,Customer_91,46,South,Standard,27384,9,0,41,72810.59,1775.8680487804877,1.0,16.0,1.0,0.0,9.0,5.0,2.0,0.0,0.0,0.0,14,3,3,0.2222222222222222,0.5555555555555556,0.0,0.0,0.21428571428571427,0.09277777777777779
C10091,Customer_92,45,East,Standard,218392,51,0,46,91952.38,1998.9647826086957,1.0,11.0,0.0,0.0,3.0,3.0,0.0,3.0,2.0,1.0,8,1,2,0.0,1.0,0.0,0.3333333333333333,0.125,0.07166666666666667
C10092,Customer_93,65,Central,Standard,171144,11,0,54,98983.73,1833.032037037037,2.0,12.5,0.0,0.0,7.0,1.0,4.0,1.0,1.0,0.0,10,1,3,0.5714285714285714,0.14285714285714285,0.0,0.0,0.1,0.1757142857142857
C10093,Customer_94,61,North,Standard,127239,38,0,43,71337.27,1659.0062790697675,2.0,10.5,0.0,0.0,5.0,3.0,2.0,0.0,0.0,0.0,12,3,2,0.4,0.6,0.0,0.0,0.25,0.122
C10094,Customer_95,49,North,Premium,136431,85,0,54,81809.12,1514.9837037037037,1.0,19.0,0.0,0.0,5.0,2.0,1.0,0.0,0.0,0.0,12,3,5,0.2,0.4,0.0,0.0,0.25,0.07100000000000001
C10095,Customer_96,35,North,Standard,105018,3,0,46,69809.82,1517.6047826086958,5.0,14.8,1.0,1.0,6.0,2.0,3.0,4.0,2.0,1.0,9,1,3,0.5,0.3333333333333333,0.2,0.25,0.1111111111111111,0.2645
C10096,Customer_97,65,North,Standard,65510,12,0,44,90368.06999999999,2053.8197727272727,0.0,0.0,0.0,0.0,8.0,2.0,5.0,3.0,3.0,0.0,13,4,2,0.625,0.25,0.0,0.0,0.3076923076923077,0.17
C10097,Customer_98,21,North,Premium,205005,38,0,46,77579.7,1686.5152173913043,2.0,7.0,0.0,1.0,5.0,3.0,1.0,3.0,2.0,1.0,15,1,3,0.2,0.6,0.5,0.3333333333333333,0.06666666666666667,0.17766666666666667
C10098,Customer_99,45,South,Premium,46826,75,1,44,110141.27,2503.210681818182,3.0,21.333333333333332,0.0,2.0,2.0,0.0,1.0,1.0,1.0,0.0,8,3,1,0.5,0.0,0.6666666666666666,0.0,0.375,0.21499999999999997
C10099,Customer_100,27,Central,Standard,93026,111,1,39,59834.78,1534.2251282051282,5.0,20.8,1.0,3.0,6.0,1.0,2.0,0.0,0.0,0.0,7,1,1,0.3333333333333333,0.16666666666666666,0.6,0.0,0.14285714285714285,0.27266666666666667
C10100,Customer_101,29,East,Standard,146668,48,1,47,83083.16,1767.7268085106384,1.0,18.0,0.0,0.0,5.0,1.0,2.0,3.0,3.0,0.0,10,2,0,0.4,0.2,0.0,0.0,0.2,0.10700000000000001
C10101,Customer_102,44,East,Business,181590,108,0,42,80469.67,1915.9445238095238,1.0,28.0,0.0,0.0,9.0,4.0,3.0,4.0,4.0,0.0,6,2,1,0.3333333333333333,0.4444444444444444,0.0,0.0,0.3333333333333333,0.12166666666666667
C10102,Customer_103,21,East,Premium,49045,34,0,56,121510.68000000001,2169.8335714285718,1.0,27.0,1.0,1.0,4.0,2.0,1.0,3.0,3.0,0.0,8,2,3,0.25,0.5,1.0,0.0,0.25,0.16
C10103,Customer_104,64,East,Standard,206948,34,0,47,96080.56,2044.2672340425531,2.0,19.0,0.0,0.0,7.0,5.0,2.0,4.0,2.0,1.0,9,1,3,0.2857142857142857,0.7142857142857143,0.0,0.25,0.1111111111111111,0.14535714285714285
C10104,Customer_105,28,South,Standard,248518,8,0,59,77988.03,1321.8310169491526,7.0,18.142857142857142,1.0,1.0,4.0,2.0,1.0,1.0,1.0,0.0,10,2,1,0.25,0.5,0.14285714285714285,0.0,0.2,0.19857142857142854
C10105,Customer_106,44,West,Standard,115102,50,0,67,126061.13,1881.5094029850748,1.0,5.0,0.0,0.0,6.0,4.0,1.0,1.0,1.0,0.0,12,1,5,0.16666666666666666,0.6666666666666666,0.0,0.0,0.08333333333333333,0.06833333333333334
C10106,Customer_107,31,Central,Premium,76919,40,0,60,81467.33,1357.7888333333333,2.0,30.0,1.0,2.0,7.0,3.0,1.0,2.0,2.0,0.0,6,0,0,0.14285714285714285,0.42857142857142855,1.0,0.0,0.0,0.19142857142857145
C10107,Customer_108,37,North,Premium,124441,19,0,41,78851.01,1923.1953658536584,3.0,19.666666666666668,0.0,1.0,8.0,1.0,3.0,3.0,2.0,1.0,14,3,4,0.375,0.125,0.3333333333333333,0.3333333333333333,0.21428571428571427,0.23666666666666664
C10108,Customer_109,28,West,Premium,183175,76,0,40,73340.62,1833.5155,5.0,21.2,2.0,0.0,3.0,0.0,2.0,3.0,3.0,0.0,7,1,3,0.6666666666666666,0.0,0.0,0.0,0.14285714285714285,0.18833333333333335
C10109,Customer_110,55,East,Premium,192260,116,1,53,118719.43,2239.9892452830186,4.0,15.25,0.0,2.0,3.0,0.0,3.0,3.0,3.0,0.0,12,4,3,1.0,0.0,0.5,0.0,0.3333333333333333,0.30000000000000004
C10110,Customer_111,55,West,Premium,161917,29,0,55,87613.0,1592.9636363636364,3.0,17.0,0.0,1.0,5.0,2.0,3.0,0.0,0.0,0.0,11,4,0,0.6,0.4,0.3333333333333333,0.0,0.36363636363636365,0.21799999999999997
C10111,Customer_112,53,Central,Standard,242770,56,0,63,110335.9,1751.363492063492,2.0,19.0,0.0,0.0,5.0,3.0,0.0,2.0,2.0,0.0,10,0,2,0.0,0.6,0.0,0.0,0.0,0.05
C10112,Customer_113,25,North,Standard,192746,52,0,44,66913.04,1520.7509090909089,4.0,12.0,1.0,0.0,6.0,2.0,1.0,3.0,2.0,1.0,10,2,2,0.16666666666666666,0.3333333333333333,0.0,0.3333333333333333,0.2,0.15
C10113,Customer_114,62,North,Standard,143325,37,0,52,95486.61,1836.2809615384615,1.0,26.0,0.0,0.0,3.0,1.0,0.0,5.0,5.0,0.0,4,1,1,0.0,0.3333333333333333,0.0,0.0,0.25,0.085
C10114,Customer_115,59,Central,Standard,44337,118,0,58,129843.73,2238.685,5.0,15.0,1.0,1.0,3.0,0.0,2.0,3.0,3.0,0.0,12,5,2,0.6666666666666666,0.0,0.2,0.0,0.4166666666666667,0.22533333333333336
C10115,Customer_116,61,Central,Premium,178385,87,0,40,49851.53,1246.28825,4.0,14.0,0.0,0.0,3.0,2.0,1.0,3.0,1.0,2.0,8,1,0,0.3333333333333333,0.6666666666666666,0.0,0.6666666666666666,0.125,0.2
C10116,Customer_117,48,East,Standard,183015,27,0,51,88570.54,1736.6772549019606,2.0,21.5,0.0,0.0,3.0,1.0,1.0,1.0,1.0,0.0,8,2,3,0.3333333333333333,0.3333333333333333,0.0,0.0,0.25,0.09666666666666668
C10117,Customer_118,27,North,Standard,102949,30,0,55,104407.93000000001,1898.3260000000002,3.0,17.333333333333332,0.0,1.0,5.0,2.0,0.0,2.0,1.0,1.0,11,3,2,0.0,0.4,0.3333333333333333,0.5,0.2727272727272727,0.15499999999999997
C10118,Customer_119,29,West,Standard,25276,113,0,55,96989.86,1763.452,7.0,17.571428571428573,2.0,2.0,5.0,3.0,2.0,4.0,4.0,0.0,8,1,2,0.4,0.6,0.2857142857142857,0.0,0.125,0.2641428571428571
C10119,Customer_120,28,South,Standard,76151,17,0,44,83800.38,1904.554090909091,4.0,17.75,1.0,0.0,5.0,2.0,2.0,3.0,3.0,0.0,7,2,1,0.4,0.4,0.0,0.0,0.2857142857142857,0.152
C10120,Customer_121,32,South,Standard,173683,6,0,52,97983.59,1884.2998076923077,2.0,10.0,0.0,1.0,4.0,1.0,2.0,1.0,1.0,0.0,10,3,3,0.5,0.25,0.5,0.0,0.3,0.185
C10121,Customer_122,54,Central,Standard,168016,95,0,42,63750.85,1517.877380952381,0.0,0.0,0.0,0.0,5.0,1.0,1.0,4.0,4.0,0.0,12,5,2,0.2,0.2,0.0,0.0,0.4166666666666667,0.056
C10122,Customer_123,53,East,Premium,77887,75,0,50,72484.59,1449.6917999999998,2.0,18.5,0.0,1.0,3.0,2.0,1.0,2.0,1.0,1.0,9,1,4,0.3333333333333333,0.6666666666666666,0.5,0.5,0.1111111111111111,0.19666666666666666
C10123,Customer_124,68,South,Standard,106442,29,1,43,83417.4,1939.9395348837209,2.0,18.0,0.0,1.0,4.0,2.0,1.0,1.0,0.0,0.0,10,3,3,0.25,0.5,0.5,0.0,0.3,0.14500000000000002
C10124,Customer_125,43,North,Premium,74847,28,1,48,70580.48,1470.4266666666665,3.0,16.333333333333332,0.0,3.0,4.0,1.0,1.0,3.0,2.0,1.0,12,3,3,0.25,0.25,1.0,0.3333333333333333,0.25,0.27666666666666667
C10125,Customer_126,44,Central,Standard,83653,21,0,48,85429.04,1779.7716666666665,6.0,18.5,1.0,2.0,7.0,3.0,2.0,1.0,0.0,1.0,12,3,3,0.2857142857142857,0.42857142857142855,0.3333333333333333,1.0,0.25,0.31285714285714283
C10126,Customer_127,57,West,Standard,242144,94,0,37,85625.48,2314.202162162162,2.0,15.0,0.0,0.0,3.0,1.0,1.0,1.0,1.0,0.0,8,2,2,0.3333333333333333,0.3333333333333333,0.0,0.0,0.25,0.09666666666666668
C10127,Customer_128,55,Central,Standard,81622,19,0,49,74127.7,1512.8102040816325,4.0,8.25,0.0,1.0,7.0,2.0,0.0,1.0,0.0,1.0,4,1,1,0.0,0.2857142857142857,0.25,1.0,0.25,0.24
C10128,Customer_129,64,West,Standard,52810,45,1,56,80056.32,1429.577142857143,2.0,15.0,0.0,1.0,6.0,3.0,2.0,1.0,1.0,0.0,9,2,2,0.3333333333333333,0.5,0.5,0.0,0.2222222222222222,0.17166666666666666
C10129,Customer_130,60,Central,Premium,102842,43,0,55,104615.85,1902.1063636363638,3.0,8.333333333333334,0.0,0.0,8.0,3.0,3.0,0.0,0.0,0.0,11,1,1,0.375,0.375,0.0,0.0,0.09090909090909091,0.155
C10130,Customer_131,42,Central,Standard,147225,44,0,46,90295.31,1962.9415217391304,2.0,13.0,0.0,0.0,2.0,1.0,1.0,3.0,3.0,0.0,4,0,3,0.5,0.5,0.0,0.0,0.0,0.16000000000000003
C10131,Customer_132,47,Central,Standard,35503,52,0,57,91877.65,1611.8885964912279,3.0,15.333333333333334,1.0,0.0,3.0,0.0,2.0,0.0,0.0,0.0,11,2,1,0.6666666666666666,0.0,0.0,0.0,0.18181818181818182,0.15833333333333333
C10132,Customer_133,55,West,Premium,109761,86,1,67,122872.49,1833.91776119403,2.0,14.5,1.0,0.0,4.0,0.0,3.0,2.0,2.0,0.0,10,3,1,0.75,0.0,0.0,0.0,0.3,0.16999999999999998
C10133,Customer_134,21,West,Standard,193048,111,0,49,94738.62,1933.4412244897958,3.0,25.0,0.0,0.0,1.0,0.0,1.0,3.0,2.0,0.0,11,0,2,1.0,0.0,0.0,0.0,0.0,0.165
C10134,Customer_135,55,Central,Standard,151439,42,0,44,65605.31,1491.0297727272728,6.0,18.5,0.0,1.0,4.0,2.0,1.0,1.0,1.0,0.0,11,3,1,0.25,0.5,0.16666666666666666,0.0,0.2727272727272727,0.185
C10135,Customer_136,57,South,Premium,36590,41,0,48,89235.5,1859.0729166666667,3.0,8.666666666666666,0.0,2.0,3.0,2.0,0.0,2.0,2.0,0.0,7,1,2,0.0,0.6666666666666666,0.6666666666666666,0.0,0.14285714285714285,0.155
C10136,Customer_137,67,East,Premium,166958,115,0,45,71730.78,1594.0173333333332,6.0,13.5,0.0,1.0,4.0,2.0,1.0,1.0,1.0,0.0,4,2,0,0.25,0.5,0.16666666666666666,0.0,0.5,0.235
C10137,Customer_138,34,East,Standard,168938,119,0,46,133089.72,2893.2547826086957,4.0,14.0,0.0,0.0,3.0,2.0,1.0,4.0,3.0,0.0,8,1,3,0.3333333333333333,0.6666666666666666,0.0,0.0,0.125,0.12666666666666668
C10138,Customer_139,23,East,Business,91624,25,0,42,62622.65,1491.0154761904762,5.0,16.8,2.0,1.0,5.0,2.0,3.0,4.0,4.0,0.0,11,1,2,0.6,0.4,0.2,0.0,0.09090909090909091,0.24000000000000002
C10139,Customer_140,21,West,Premium,224971,113,0,46,88412.94,1922.0204347826088,6.0,20.666666666666668,1.0,0.0,4.0,2.0,1.0,3.0,3.0,0.0,8,0,1,0.25,0.5,0.0,0.0,0.0,0.15
C10140,Customer_141,25,West,Standard,188864,98,0,44,94726.5,2152.875,2.0,17.5,0.0,0.0,6.0,3.0,3.0,5.0,5.0,0.0,7,1,1,0.5,0.5,0.0,0.0,0.14285714285714285,0.15
C10141,Customer_142,46,South,Premium,165836,54,0,47,53857.86,1145.911914893617,1.0,12.0,0.0,0.0,4.0,1.0,1.0,0.0,0.0,0.0,14,2,2,0.25,0.25,0.0,0.0,0.14285714285714285,0.07500000000000001
C10142,Customer_143,34,East,Standard,145356,49,0,49,63415.25,1294.188775510204,5.0,16.0,0.0,0.0,2.0,0.0,2.0,0.0,0.0,0.0,11,1,3,1.0,0.0,0.0,0.0,0.09090909090909091,0.21500000000000002
C10143,Customer_144,59,East,Standard,242228,65,0,43,88049.81,2047.6699999999998,1.0,16.0,0.0,0.0,3.0,1.0,0.0,1.0,1.0,0.0,8,1,3,0.0,0.3333333333333333,0.0,0.0,0.125,0.035
C10144,Customer_145,47,Central,Standard,67727,99,0,46,81404.56999999999,1769.664565217391,3.0,23.666666666666668,0.0,0.0,3.0,2.0,0.0,1.0,0.0,1.0,12,2,1,0.0,0.6666666666666666,0.0,1.0,0.16666666666666666,0.135
C10145,Customer_146,29,West,Standard,103471,112,1,63,102238.20000000001,1622.8285714285716,5.0,13.2,0.0,2.0,4.0,1.0,1.0,3.0,3.0,0.0,11,3,0,0.25,0.25,0.4,0.0,0.2727272727272727,0.209
C10146,Customer_147,35,East,Premium,33068,71,0,49,97070.88,1981.038367346939,6.0,15.166666666666666,1.0,4.0,2.0,1.0,1.0,0.0,0.0,0.0,11,3,2,0.5,0.5,0.6666666666666666,0.0,0.2727272727272727,0.31
C10147,Customer_148,35,South,Standard,141923,45,0,41,103434.17,2522.7846341463414,1.0,2.0,1.0,0.0,5.0,2.0,2.0,2.0,2.0,0.0,10,3,0,0.4,0.4,0.0,0.0,0.3,0.10700000000000001
C10148,Customer_149,46,South,Premium,163367,50,1,62,118860.69,1917.1079032258065,2.0,5.5,0.0,0.0,12.0,5.0,5.0,1.0,1.0,0.0,9,1,1,0.4166666666666667,0.4166666666666667,0.0,0.0,0.1111111111111111,0.18333333333333335
C10149,Customer_150,62,East,Premium,197232,36,0,42,91044.79,2167.7330952380953,1.0,23.0,1.0,0.0,6.0,2.0,3.0,2.0,2.0,0.0,13,2,2,0.5,0.3333333333333333,0.0,0.0,0.15384615384615385,0.135
C10150,Customer_151,33,West,Standard,36390,42,0,37,69483.01,1877.919189189189,3.0,15.333333333333334,1.0,0.0,7.0,1.0,3.0,2.0,1.0,1.0,13,2,1,0.42857142857142855,0.14285714285714285,0.0,0.5,0.15384615384615385,0.20428571428571426
C10151,Customer_152,52,South,Premium,131752,77,1,46,65487.2,1423.6347826086956,3.0,21.0,0.0,2.0,7.0,3.0,3.0,0.0,0.0,0.0,16,3,1,0.42857142857142855,0.42857142857142855,0.6666666666666666,0.0,0.1875,0.24928571428571428
C10152,Customer_153,59,Central,Standard,176203,63,1,48,98075.52,2043.24,2.0,21.0,0.0,1.0,3.0,2.0,1.0,1.0,1.0,0.0,9,2,4,0.3333333333333333,0.6666666666666666,0.5,0.0,0.2222222222222222,0.15166666666666667
C10153,Customer_154,69,South,Standard,119754,52,0,46,71398.59,1552.1432608695652,1.0,25.0,0.0,0.0,3.0,1.0,1.0,2.0,2.0,0.0,12,2,4,0.3333333333333333,0.3333333333333333,0.0,0.0,0.16666666666666666,0.08166666666666667
C10154,Customer_155,52,North,Premium,100969,69,0,56,108651.83,1940.21125,4.0,11.0,0.0,0.0,3.0,1.0,1.0,2.0,1.0,1.0,7,1,0,0.3333333333333333,0.3333333333333333,0.0,0.5,0.14285714285714285,0.17166666666666666
C10155,Customer_156,24,North,Standard,171110,64,0,54,98936.22,1832.1522222222222,1.0,2.0,1.0,0.0,5.0,1.0,0.0,3.0,3.0,0.0,7,0,1,0.0,0.2,0.0,0.0,0.0,0.035
C10156,Customer_157,50,West,Standard,208399,60,0,54,90287.63,1671.9931481481483,5.0,12.4,0.0,2.0,5.0,2.0,2.0,1.0,1.0,0.0,8,1,2,0.4,0.4,0.4,0.0,0.125,0.24100000000000002
C10157,Customer_158,57,East,Standard,249790,35,0,51,92847.8,1820.5450980392156,3.0,15.0,0.0,0.0,3.0,2.0,0.0,6.0,3.0,1.0,8,2,2,0.0,0.6666666666666666,0.0,0.16666666666666666,0.25,0.09333333333333334
C10158,Customer_159,43,West,Standard,102064,77,0,37,66421.98,1795.1886486486485,1.0,13.0,1.0,0.0,9.0,2.0,3.0,3.0,2.0,0.0,5,0,0,0.3333333333333333,0.2222222222222222,0.0,0.0,0.0,0.12166666666666667
C10159,Customer_160,59,West,Standard,46281,18,0,54,164497.96,3046.2585185185185,6.0,18.333333333333332,0.0,2.0,6.0,5.0,0.0,2.0,1.0,1.0,8,2,1,0.0,0.8333333333333334,0.3333333333333333,0.5,0.25,0.22499999999999998
C10160,Customer_161,65,West,Standard,79189,84,0,53,85611.06999999999,1615.3032075471697,0.0,0.0,0.0,0.0,1.0,1.0,0.0,3.0,2.0,1.0,11,0,4,0.0,1.0,0.0,0.3333333333333333,0.0,0.05666666666666667
C10161,Customer_162,35,West,Business,73511,96,0,53,78031.04,1472.2837735849055,4.0,11.25,1.0,1.0,4.0,0.0,1.0,2.0,2.0,0.0,12,2,2,0.25,0.0,0.25,0.0,0.16666666666666666,0.16000000000000003
C10162,Customer_163,63,Central,Standard,147115,50,0,44,69796.65,1586.2875,6.0,13.5,0.0,2.0,6.0,3.0,1.0,3.0,3.0,0.0,13,1,2,0.16666666666666666,0.5,0.3333333333333333,0.0,0.07692307692307693,0.21333333333333335
C10163,Customer_164,49,Central,Standard,33605,12,0,42,55015.45,1309.8916666666667,5.0,10.6,0.0,1.0,8.0,3.0,3.0,3.0,1.0,1.0,8,1,1,0.375,0.375,0.2,0.3333333333333333,0.125,0.25866666666666666
C10164,Customer_165,56,South,Standard,125318,84,1,55,93369.97,1697.6358181818182,3.0,21.666666666666668,1.0,1.0,5.0,4.0,0.0,2.0,1.0,0.0,9,1,2,0.0,0.8,0.3333333333333333,0.0,0.1111111111111111,0.10999999999999999
C10165,Customer_166,33,North,Standard,157453,40,0,53,103121.08,1945.6807547169813,3.0,6.333333333333333,0.0,1.0,5.0,1.0,2.0,0.0,0.0,0.0,12,3,0,0.4,0.2,0.3333333333333333,0.0,0.25,0.182
C10166,Customer_167,52,West,Business,222706,21,0,51,82787.23,1623.279019607843,2.0,5.5,1.0,1.0,5.0,3.0,2.0,1.0,1.0,0.0,9,2,1,0.4,0.6,0.5,0.0,0.2222222222222222,0.177
C10167,Customer_168,27,South,Premium,44810,38,0,50,91909.31,1838.1861999999999,2.0,13.5,0.0,1.0,6.0,2.0,2.0,2.0,2.0,0.0,6,3,0,0.3333333333333333,0.3333333333333333,0.5,0.0,0.5,0.17166666666666666
C10168,Customer_169,42,North,Premium,180394,61,1,59,113876.49,1930.1100000000001,2.0,1.0,0.0,0.0,4.0,3.0,1.0,1.0,1.0,0.0,8,2,1,0.25,0.75,0.0,0.0,0.25,0.09000000000000001
C10169,Customer_170,48,East,Standard,66869,65,0,41,66821.98,1629.8043902439024,2.0,12.5,1.0,0.0,5.0,2.0,2.0,2.0,1.0,0.0,8,2,1,0.4,0.4,0.0,0.0,0.25,0.122
C10170,Customer_171,22,Central,Standard,57955,79,0,47,78647.31,1673.3470212765958,2.0,19.0,0.0,0.0,3.0,3.0,0.0,3.0,2.0,1.0,6,3,0,0.0,1.0,0.0,0.3333333333333333,0.5,0.08666666666666667
C10171,Customer_172,62,North,Standard,86388,48,1,51,94182.01000000001,1846.7060784313728,3.0,13.333333333333334,1.0,1.0,5.0,2.0,0.0,1.0,1.0,0.0,7,2,2,0.0,0.4,0.3333333333333333,0.0,0.2857142857142857,0.10999999999999999
C10172,Customer_173,65,East,Premium,35207,5,0,52,94299.04,1813.443076923077,3.0,13.666666666666666,0.0,0.0,6.0,1.0,1.0,3.0,3.0,0.0,5,0,1,0.16666666666666666,0.16666666666666666,0.0,0.0,0.0,0.09833333333333334
C10173,Customer_174,26,North,Standard,243401,76,0,48,59561.72,1240.8691666666666,1.0,24.0,0.0,0.0,3.0,1.0,0.0,4.0,2.0,1.0,12,3,4,0.0,0.3333333333333333,0.0,0.25,0.25,0.0675
C10174,Customer_175,48,Central,Standard,223700,104,0,52,102773.4,1976.4115384615384,7.0,10.714285714285714,1.0,1.0,9.0,2.0,5.0,3.0,3.0,0.0,6,3,1,0.5555555555555556,0.2222222222222222,0.14285714285714285,0.0,0.5,0.303015873015873
C10175,Customer_176,48,Central,Business,184292,67,1,54,124282.72,2301.531851851852,3.0,17.333333333333332,1.0,1.0,5.0,1.0,2.0,2.0,2.0,0.0,9,2,2,0.4,0.2,0.3333333333333333,0.0,0.2222222222222222,0.182
C10176,Customer_177,64,South,Standard,240122,93,0,48,115847.65,2413.492708333333,1.0,9.0,0.0,0.0,1.0,0.0,0.0,1.0,1.0,0.0,7,0,0,0.0,0.0,0.0,0.0,0.0,0.035
C10177,Customer_178,64,West,Standard,230157,112,0,48,68628.22,1429.7545833333334,3.0,8.0,0.0,0.0,8.0,4.0,1.0,2.0,1.0,1.0,14,2,3,0.125,0.5,0.0,0.5,0.14285714285714285,0.14
C10178,Customer_179,40,North,Standard,47031,10,0,55,87359.27,1588.3503636363637,0.0,0.0,0.0,0.0,3.0,1.0,0.0,2.0,2.0,0.0,8,1,2,0.0,0.3333333333333333,0.0,0.0,0.125,0.02
C10179,Customer_180,50,North,Business,226793,53,0,67,132223.98,1973.4922388059704,1.0,21.0,0.0,0.0,5.0,3.0,1.0,2.0,2.0,0.0,10,2,2,0.2,0.6,0.0,0.0,0.2,0.07100000000000001
C10180,Customer_181,31,East,Standard,105807,112,0,49,111339.64,2272.2375510204083,2.0,14.0,1.0,2.0,5.0,2.0,1.0,2.0,1.0,0.0,9,2,2,0.2,0.4,1.0,0.0,0.2222222222222222,0.196
C10181,Customer_182,48,Central,Premium,96312,108,0,48,65535.99,1365.3331249999999,2.0,13.0,0.0,0.0,7.0,3.0,2.0,2.0,2.0,0.0,10,1,3,0.2857142857142857,0.42857142857142855,0.0,0.0,0.1,0.11285714285714285
C10182,Customer_183,45,North,Premium,84766,83,0,51,89861.04000000001,1761.9811764705885,2.0,8.0,0.0,0.0,4.0,2.0,1.0,2.0,2.0,0.0,17,3,2,0.25,0.5,0.0,0.0,0.17647058823529413,0.09000000000000001
C10183,Customer_184,59,Central,Standard,168521,75,0,47,74339.70999999999,1581.6959574468083,1.0,3.0,0.0,1.0,5.0,1.0,3.0,2.0,1.0,0.0,11,0,5,0.6,0.2,1.0,0.0,0.0,0.228
C10184,Customer_185,53,North,Premium,114833,8,0,37,60097.380000000005,1624.2535135135136,2.0,6.0,0.0,0.0,4.0,1.0,2.0,4.0,3.0,1.0,11,2,2,0.5,0.25,0.0,0.25,0.18181818181818182,0.1625
C10185,Customer_186,21,South,Standard,212771,109,0,57,91041.39,1597.2173684210527,2.0,18.5,0.0,1.0,6.0,5.0,1.0,1.0,0.0,0.0,3,1,0,0.16666666666666666,0.8333333333333334,0.5,0.0,0.3333333333333333,0.18833333333333335
C10186,Customer_187,47,West,Standard,237325,91,0,44,57989.53,1317.9438636363636,5.0,18.6,1.0,0.0,7.0,3.0,3.0,3.0,2.0,1.0,4,2,1,0.42857142857142855,0.42857142857142855,0.0,0.3333333333333333,0.5,0.27595238095238095
C10187,Customer_188,33,North,Premium,136041,41,0,42,71698.4,1707.1047619047617,2.0,18.5,0.0,0.0,7.0,4.0,1.0,0.0,0.0,0.0,5,1,0,0.14285714285714285,0.5714285714285714,0.0,0.0,0.2,0.08142857142857143
C10188,Customer_189,61,Central,Premium,141185,115,0,59,91712.17,1554.443559322034,4.0,17.75,0.0,1.0,3.0,2.0,0.0,1.0,1.0,0.0,13,3,0,0.0,0.6666666666666666,0.25,0.0,0.23076923076923078,0.12000000000000001
C10189,Customer_190,23,South,Premium,202164,62,0,32,65813.3,2056.665625,2.0,11.5,0.0,0.0,2.0,1.0,1.0,1.0,1.0,0.0,9,3,2,0.5,0.5,0.0,0.0,0.3333333333333333,0.11000000000000001
C10190,Customer_191,59,North,Standard,219743,30,1,48,92721.88,1931.7058333333334,2.0,18.5,1.0,0.0,2.0,1.0,1.0,0.0,0.0,0.0,10,2,2,0.5,0.5,0.0,0.0,0.2,0.11000000000000001
C10191,Customer_192,26,East,Standard,35350,99,0,41,85601.41,2087.839268292683,1.0,22.0,0.0,1.0,6.0,1.0,4.0,3.0,0.0,1.0,8,3,1,0.6666666666666666,0.16666666666666666,1.0,0.3333333333333333,0.375,0.29
C10192,Customer_193,28,West,Standard,125859,56,0,43,78151.66,1817.4804651162792,1.0,19.0,0.0,0.0,5.0,3.0,0.0,1.0,0.0,1.0,11,2,1,0.0,0.6,0.0,1.0,0.18181818181818182,0.10500000000000001
C10193,Customer_194,47,North,Standard,93487,39,0,46,86307.81999999999,1876.2569565217389,3.0,25.0,1.0,0.0,3.0,2.0,0.0,3.0,1.0,2.0,8,1,1,0.0,0.6666666666666666,0.0,0.6666666666666666,0.125,0.13833333333333334
C10194,Customer_195,29,South,Standard,173694,11,0,39,59406.48,1523.243076923077,2.0,6.5,0.0,1.0,4.0,1.0,2.0,5.0,4.0,1.0,13,2,2,0.5,0.25,0.5,0.2,0.15384615384615385,0.215
C10195,Customer_196,57,East,Standard,148853,84,0,51,75045.84999999999,1471.4872549019606,5.0,12.6,0.0,1.0,5.0,2.0,1.0,0.0,0.0,0.0,4,2,1,0.2,0.4,0.2,0.0,0.5,0.21800000000000003
C10196,Customer_197,53,South,Standard,226335,58,0,47,96791.06,2059.384255319149,2.0,17.5,0.0,0.0,4.0,3.0,1.0,1.0,0.0,1.0,11,3,2,0.25,0.75,0.0,1.0,0.2727272727272727,0.16000000000000003
C10197,Customer_198,62,South,Standard,78117,61,0,42,43601.62,1038.1338095238095,2.0,23.5,0.0,0.0,3.0,1.0,0.0,0.0,0.0,0.0,11,5,1,0.0,0.3333333333333333,0.0,0.0,0.45454545454545453,0.05
C10198,Customer_199,64,East,Standard,214466,87,0,49,87028.83,1776.0985714285714,3.0,22.333333333333332,0.0,0.0,2.0,1.0,0.0,3.0,1.0,2.0,10,4,2,0.0,0.5,0.0,0.6666666666666666,0.4,0.13833333333333334
C10199,Customer_200,44,South,Standard,126084,4,0,47,89781.27,1910.2397872340428,6.0,17.0,0.0,3.0,1.0,0.0,0.0,5.0,5.0,0.0,9,1,1,0.0,0.0,0.5,0.0,0.1111111111111111,0.215
C10200,Customer_201,35,East,Premium,48782,63,0,48,91225.81,1900.5377083333333,7.0,16.714285714285715,2.0,4.0,8.0,2.0,5.0,3.0,3.0,0.0,10,2,4,0.625,0.25,0.5714285714285714,0.0,0.2,0.40928571428571425
C10201,Customer_202,52,North,Standard,53454,60,1,65,132945.18,2045.3104615384614,2.0,22.0,0.0,0.0,4.0,2.0,1.0,2.0,1.0,1.0,11,2,1,0.25,0.5,0.0,0.5,0.18181818181818182,0.135
C10202,Customer_203,52,East,Business,92904,109,0,48,80024.35,1667.1739583333335,4.0,17.75,1.0,0.0,5.0,1.0,2.0,4.0,3.0,0.0,7,2,1,0.4,0.2,0.0,0.0,0.2857142857142857,0.152
C10203,Customer_204,44,East,Premium,154936,62,0,48,98157.44,2044.9466666666667,0.0,0.0,0.0,0.0,4.0,2.0,1.0,2.0,1.0,0.0,5,1,1,0.25,0.5,0.0,0.0,0.2,0.06
C10204,Customer_205,61,West,Standard,171664,104,0,52,66248.26,1274.0049999999999,3.0,12.666666666666666,1.0,2.0,4.0,2.0,1.0,1.0,0.0,1.0,9,3,2,0.25,0.5,0.6666666666666666,1.0,0.3333333333333333,0.265
C10205,Customer_206,69,East,Premium,178245,42,1,34,63260.34,1860.5982352941176,5.0,20.0,1.0,0.0,3.0,0.0,2.0,1.0,1.0,0.0,10,2,3,0.6666666666666666,0.0,0.0,0.0,0.2,0.18833333333333335
C10206,Customer_207,69,East,Standard,189276,38,1,56,124539.81,2223.9251785714287,2.0,20.0,0.0,1.0,6.0,4.0,1.0,1.0,1.0,0.0,11,3,0,0.16666666666666666,0.6666666666666666,0.5,0.0,0.2727272727272727,0.13833333333333334
C10207,Customer_208,32,North,Standard,191668,116,0,49,86458.99,1764.4691836734694,1.0,21.0,0.0,0.0,5.0,2.0,3.0,0.0,0.0,0.0,10,1,2,0.6,0.4,0.0,0.0,0.1,0.14300000000000002
C10208,Customer_209,59,West,Standard,190396,109,1,63,86705.6,1376.279365079365,3.0,13.666666666666666,0.0,1.0,6.0,3.0,1.0,3.0,2.0,1.0,13,5,1,0.16666666666666666,0.5,0.3333333333333333,0.3333333333333333,0.38461538461538464,0.18
C10209,Customer_210,22,Central,Standard,147258,39,0,51,65219.0,1278.8039215686274,2.0,12.0,0.0,0.0,6.0,1.0,1.0,2.0,1.0,1.0,8,6,0,0.16666666666666666,0.16666666666666666,0.0,0.5,0.75,0.12833333333333335
C10210,Customer_211,23,North,Standard,136668,81,0,46,90686.3,1971.4413043478262,1.0,22.0,0.0,0.0,3.0,3.0,0.0,4.0,3.0,1.0,4,1,0,0.0,1.0,0.0,0.25,0.25,0.11750000000000001
C10211,Customer_212,69,North,Standard,217274,94,0,57,94501.69,1657.9243859649123,1.0,19.0,1.0,1.0,8.0,5.0,1.0,1.0,1.0,0.0,14,3,0,0.125,0.625,1.0,0.0,0.21428571428571427,0.15
C10212,Customer_213,57,Central,Premium,245472,20,0,48,67940.38,1415.4245833333334,5.0,18.0,1.0,1.0,6.0,3.0,1.0,1.0,1.0,0.0,11,2,3,0.16666666666666666,0.5,0.2,0.0,0.18181818181818182,0.16533333333333333
C10213,Customer_214,69,East,Premium,149184,100,0,66,89301.22,1353.0487878787878,4.0,9.75,1.0,2.0,3.0,1.0,0.0,2.0,2.0,0.0,4,1,2,0.0,0.3333333333333333,0.5,0.0,0.25,0.21000000000000002
C10214,Customer_215,37,South,Standard,186822,65,0,53,90533.59,1708.1809433962264,1.0,30.0,0.0,0.0,3.0,0.0,1.0,4.0,3.0,0.0,9,2,1,0.3333333333333333,0.0,0.0,0.0,0.2222222222222222,0.08166666666666667
C10215,Customer_216,69,West,Premium,232184,24,0,65,85136.36,1309.7901538461538,6.0,18.0,1.0,1.0,3.0,2.0,0.0,3.0,3.0,0.0,12,1,2,0.0,0.6666666666666666,0.16666666666666666,0.0,0.08333333333333333,0.14500000000000002
C10216,Customer_217,22,South,Standard,41566,13,0,47,73816.9,1570.5723404255318,4.0,19.0,2.0,0.0,4.0,2.0,0.0,0.0,0.0,0.0,14,5,5,0.0,0.5,0.0,0.0,0.35714285714285715,0.08
C10217,Customer_218,22,Central,Standard,163262,60,0,45,55224.0,1227.2,2.0,25.5,0.0,0.0,6.0,3.0,1.0,2.0,1.0,0.0,2,0,0,0.16666666666666666,0.5,0.0,0.0,0.0,0.13333333333333336
C10218,Customer_219,48,North,Premium,244679,59,0,57,96849.82,1699.1196491228072,8.0,12.5,0.0,1.0,8.0,4.0,1.0,1.0,1.0,0.0,5,3,1,0.125,0.5,0.125,0.0,0.6,0.20249999999999999
C10219,Customer_220,43,North,Standard,63333,79,0,53,97092.81,1831.9398113207546,4.0,19.5,1.0,0.0,7.0,4.0,2.0,0.0,0.0,0.0,5,1,0,0.2857142857142857,0.5714285714285714,0.0,0.0,0.2,0.14285714285714285
C10220,Customer_221,57,West,Standard,146929,6,0,61,113559.47,1861.630655737705,7.0,18.571428571428573,2.0,2.0,3.0,0.0,3.0,0.0,0.0,0.0,10,3,3,1.0,0.0,0.2857142857142857,0.0,0.3,0.33214285714285713
C10221,Customer_222,52,North,Standard,236977,88,0,45,75686.37,1681.9193333333333,6.0,15.333333333333334,2.0,2.0,8.0,3.0,1.0,0.0,0.0,0.0,11,1,4,0.125,0.375,0.3333333333333333,0.0,0.09090909090909091,0.21
C10222,Customer_223,53,North,Standard,114571,9,1,43,65218.96,1516.72,3.0,16.333333333333332,0.0,0.0,7.0,4.0,1.0,3.0,3.0,0.0,5,2,0,0.14285714285714285,0.5714285714285714,0.0,0.0,0.4,0.09642857142857143
C10223,Customer_224,21,West,Business,145263,63,0,38,67156.81,1767.2844736842105,6.0,9.0,1.0,3.0,10.0,8.0,0.0,6.0,3.0,2.0,7,3,1,0.0,0.8,0.5,0.3333333333333333,0.42857142857142855,0.27166666666666667
C10224,Customer_225,39,West,Standard,157661,109,0,60,92672.1,1544.535,3.0,12.0,0.0,0.0,2.0,1.0,1.0,1.0,1.0,0.0,15,2,4,0.5,0.5,0.0,0.0,0.13333333333333333,0.125
C10225,Customer_226,22,Central,Business,50235,56,0,49,101221.31,2065.7410204081634,3.0,26.0,0.0,0.0,4.0,2.0,1.0,2.0,2.0,0.0,8,1,2,0.25,0.5,0.0,0.0,0.125,0.10500000000000001
C10226,Customer_227,64,North,Standard,25159,90,0,54,69516.39,1287.3405555555555,1.0,11.0,0.0,0.0,6.0,3.0,2.0,2.0,1.0,1.0,13,2,2,0.3333333333333333,0.5,0.0,0.5,0.15384615384615385,0.1466666666666667
C10227,Customer_228,46,North,Standard,168217,70,0,54,114008.31,2111.265,2.0,17.5,0.0,0.0,3.0,1.0,1.0,1.0,1.0,0.0,10,2,3,0.3333333333333333,0.3333333333333333,0.0,0.0,0.2,0.09666666666666668
C10228,Customer_229,52,Central,Standard,236981,94,0,46,86379.48,1877.8147826086956,3.0,21.0,0.0,2.0,7.0,1.0,5.0,1.0,1.0,0.0,7,1,2,0.7142857142857143,0.14285714285714285,0.6666666666666666,0.0,0.14285714285714285,0.3121428571428571
C10229,Customer_230,26,East,Premium,187993,81,0,52,87036.58,1673.7803846153847,1.0,25.0,1.0,0.0,3.0,2.0,1.0,2.0,1.0,1.0,6,4,1,0.3333333333333333,0.6666666666666666,0.0,0.5,0.6666666666666666,0.12666666666666668
C10230,Customer_231,52,East,Standard,129859,3,0,54,110537.6,2046.9925925925927,5.0,22.2,0.0,1.0,6.0,0.0,3.0,2.0,2.0,0.0,14,0,6,0.5,0.0,0.2,0.0,0.0,0.232
C10231,Customer_232,24,East,Premium,172309,57,0,58,117024.56999999999,2017.665,2.0,20.0,0.0,0.0,7.0,5.0,1.0,0.0,0.0,0.0,11,2,4,0.14285714285714285,0.7142857142857143,0.0,0.0,0.18181818181818182,0.08142857142857143
C10232,Customer_233,31,Central,Premium,132507,5,0,54,96937.77,1795.143888888889,2.0,23.0,1.0,0.0,7.0,2.0,3.0,3.0,2.0,0.0,8,3,1,0.42857142857142855,0.2857142857142857,0.0,0.0,0.375,0.1442857142857143
C10233,Customer_234,37,North,Standard,164316,80,0,59,116969.05,1982.5262711864407,0.0,0.0,0.0,0.0,2.0,0.0,1.0,3.0,1.0,2.0,10,4,0,0.5,0.0,0.0,0.6666666666666666,0.4,0.15333333333333332
C10234,Customer_235,58,Central,Business,39743,40,1,42,72204.68,1719.1590476190474,6.0,15.5,0.0,4.0,4.0,2.0,1.0,1.0,1.0,0.0,10,2,4,0.25,0.5,0.6666666666666666,0.0,0.2,0.29
C10235,Customer_236,44,Central,Premium,71101,116,0,40,42740.95,1068.5237499999998,6.0,17.666666666666668,1.0,0.0,4.0,3.0,1.0,1.0,1.0,0.0,9,2,2,0.25,0.75,0.0,0.0,0.2222222222222222,0.15
C10236,Customer_237,25,East,Premium,146534,3,0,47,114926.88,2445.252765957447,5.0,19.8,2.0,1.0,5.0,2.0,1.0,0.0,0.0,0.0,12,1,7,0.2,0.4,0.2,0.0,0.08333333333333333,0.168
C10237,Customer_238,54,South,Standard,109227,104,1,46,74747.06,1624.9360869565216,5.0,16.0,0.0,1.0,7.0,5.0,1.0,1.0,0.0,1.0,15,3,3,0.14285714285714285,0.7142857142857143,0.2,1.0,0.2,0.23342857142857143
C10238,Customer_239,26,North,Standard,212450,40,0,60,88198.66,1469.9776666666667,6.0,16.5,1.0,1.0,6.0,1.0,1.0,0.0,0.0,0.0,10,2,4,0.16666666666666666,0.16666666666666666,0.16666666666666666,0.0,0.2,0.17833333333333334
C10239,Customer_240,42,East,Standard,96126,87,0,57,117579.81,2062.803684210526,3.0,14.0,2.0,0.0,3.0,1.0,1.0,2.0,1.0,0.0,11,1,3,0.3333333333333333,0.3333333333333333,0.0,0.0,0.09090909090909091,0.11166666666666666
C10240,Customer_241,31,South,Standard,81071,114,0,48,123965.99,2582.6247916666666,4.0,12.25,1.0,0.0,3.0,2.0,1.0,1.0,0.0,0.0,9,2,0,0.3333333333333333,0.6666666666666666,0.0,0.0,0.2222222222222222,0.12666666666666668
C10241,Customer_242,68,South,Standard,227193,31,0,40,72491.14,1812.2785,2.0,20.0,0.0,0.0,7.0,3.0,0.0,4.0,4.0,0.0,5,2,1,0.0,0.42857142857142855,0.0,0.0,0.4,0.05
C10242,Customer_243,36,West,Premium,99763,7,0,56,135240.95,2415.0169642857145,4.0,17.75,0.0,2.0,3.0,2.0,0.0,2.0,1.0,0.0,10,4,2,0.0,0.6666666666666666,0.5,0.0,0.4,0.16
C10243,Customer_244,53,North,Standard,249886,115,0,54,138386.43,2562.7116666666666,2.0,17.5,0.0,1.0,5.0,4.0,0.0,1.0,1.0,0.0,9,1,1,0.0,0.8,0.5,0.0,0.1111111111111111,0.10500000000000001
C10244,Customer_245,29,South,Standard,168309,76,1,52,96597.12,1857.636923076923,3.0,11.333333333333334,0.0,0.0,3.0,3.0,0.0,1.0,1.0,0.0,12,4,1,0.0,1.0,0.0,0.0,0.3333333333333333,0.065
C10245,Customer_246,26,East,Business,171721,94,0,64,110772.98,1730.8278125,4.0,19.0,1.0,1.0,2.0,2.0,0.0,1.0,1.0,0.0,5,0,2,0.0,1.0,0.25,0.0,0.0,0.12000000000000001
C10246,Customer_247,36,West,Premium,193785,23,0,46,116733.56,2537.6860869565216,2.0,14.0,0.0,0.0,7.0,5.0,1.0,4.0,4.0,0.0,10,1,1,0.14285714285714285,0.7142857142857143,0.0,0.0,0.1,0.08142857142857143
C10247,Customer_248,49,North,Standard,229535,116,0,46,66199.1,1439.1108695652176,6.0,20.666666666666668,0.0,4.0,4.0,2.0,1.0,2.0,2.0,0.0,12,1,2,0.25,0.5,0.6666666666666666,0.0,0.08333333333333333,0.29
C10248,Customer_249,23,Central,Premium,201481,73,0,46,85097.27,1849.9406521739131,0.0,0.0,0.0,0.0,3.0,0.0,0.0,1.0,0.0,1.0,10,2,1,0.0,0.0,0.0,1.0,0.2,0.09
C10249,Customer_250,40,East,Standard,204838,69,0,43,95500.42,2220.94,7.0,16.142857142857142,0.0,3.0,13.0,8.0,3.0,3.0,3.0,0.0,4,0,1,0.23076923076923078,0.6153846153846154,0.42857142857142855,0.0,0.0,0.35417582417582416
C10250,Customer_251,56,South,Standard,71154,111,0,44,96700.78,2197.745,4.0,19.75,0.0,1.0,4.0,2.0,1.0,0.0,0.0,0.0,7,0,3,0.25,0.5,0.25,0.0,0.0,0.16000000000000003
C10251,Customer_252,39,South,Premium,32016,49,0,40,61094.71,1527.36775,5.0,15.4,1.0,2.0,5.0,2.0,1.0,2.0,2.0,0.0,13,4,2,0.2,0.4,0.4,0.0,0.3076923076923077,0.205
C10252,Customer_253,46,East,Standard,235635,86,0,52,94344.03,1814.3082692307692,2.0,11.0,0.0,0.0,2.0,1.0,1.0,4.0,3.0,1.0,3,0,0,0.5,0.5,0.0,0.25,0.0,0.1925
C10253,Customer_254,23,South,Standard,204760,85,0,48,91267.62,1901.4087499999998,2.0,20.5,0.0,1.0,3.0,1.0,2.0,2.0,2.0,0.0,14,4,4,0.6666666666666666,0.3333333333333333,0.5,0.0,0.2857142857142857,0.1983333333333333
C10254,Customer_255,39,West,Standard,114678,37,0,50,62093.03,1241.8606,0.0,0.0,0.0,0.0,5.0,3.0,1.0,3.0,1.0,1.0,10,3,1,0.2,0.6,0.0,0.3333333333333333,0.3,0.09266666666666666
C10255,Customer_256,40,North,Standard,137056,70,0,48,83092.8,1731.1000000000001,1.0,28.0,0.0,1.0,8.0,8.0,0.0,0.0,0.0,0.0,13,1,3,0.0,1.0,1.0,0.0,0.07692307692307693,0.12
C10256,Customer_257,52,West,Standard,79238,71,0,53,96070.45,1812.6499999999999,3.0,20.666666666666668,0.0,1.0,9.0,4.0,3.0,2.0,0.0,1.0,11,2,3,0.3333333333333333,0.4444444444444444,0.3333333333333333,0.5,0.18181818181818182,0.24166666666666664
C10257,Customer_258,27,South,Standard,83608,3,0,45,84561.91,1879.1535555555556,2.0,14.5,0.0,1.0,4.0,2.0,0.0,1.0,1.0,0.0,9,2,3,0.0,0.5,0.5,0.0,0.2222222222222222,0.10500000000000001
C10258,Customer_259,61,Central,Premium,114081,70,0,70,125634.99,1794.7855714285715,3.0,12.333333333333334,1.0,2.0,11.0,6.0,2.0,0.0,0.0,0.0,8,2,2,0.18181818181818182,0.5454545454545454,0.6666666666666666,0.0,0.25,0.20954545454545453
C10259,Customer_260,53,North,Premium,187969,14,1,57,96452.9,1692.1561403508772,5.0,22.6,1.0,1.0,10.0,6.0,1.0,4.0,3.0,1.0,10,2,5,0.1,0.6,0.2,0.25,0.2,0.1925
C10260,Customer_261,60,North,Standard,75961,62,0,54,103767.89,1921.6275925925927,0.0,0.0,0.0,0.0,2.0,1.0,1.0,1.0,1.0,0.0,12,2,4,0.5,0.5,0.0,0.0,0.16666666666666666,0.08
C10261,Customer_262,59,East,Standard,224775,29,0,45,60868.27,1352.6282222222221,2.0,23.5,0.0,0.0,5.0,3.0,2.0,4.0,3.0,0.0,11,1,4,0.4,0.6,0.0,0.0,0.09090909090909091,0.122
C10262,Customer_263,38,East,Standard,200829,58,1,49,114898.22,2344.8616326530614,1.0,4.0,0.0,0.0,4.0,1.0,2.0,6.0,4.0,1.0,12,3,3,0.5,0.25,0.0,0.16666666666666666,0.25,0.14333333333333334
C10263,Customer_264,60,Central,Standard,51917,108,0,46,88203.81,1917.4741304347826,3.0,25.0,0.0,1.0,8.0,5.0,2.0,2.0,2.0,0.0,14,4,2,0.25,0.625,0.3333333333333333,0.0,0.2857142857142857,0.16999999999999998
C10264,Customer_265,21,North,Premium,178808,25,0,50,78295.63,1565.9126,2.0,17.0,0.0,0.0,4.0,1.0,3.0,0.0,0.0,0.0,6,0,1,0.75,0.25,0.0,0.0,0.0,0.16999999999999998
C10265,Customer_266,31,Central,Standard,52990,27,0,58,121176.11,2089.243275862069,6.0,18.0,0.0,1.0,5.0,2.0,1.0,0.0,0.0,0.0,15,4,3,0.2,0.4,0.16666666666666666,0.0,0.26666666666666666,0.18100000000000002
C10266,Customer_267,48,East,Standard,87551,23,0,39,66272.0,1699.2820512820513,3.0,17.0,0.0,0.0,2.0,2.0,0.0,3.0,2.0,1.0,10,1,2,0.0,1.0,0.0,0.3333333333333333,0.1,0.10166666666666667
C10267,Customer_268,45,East,Premium,214233,63,0,38,57297.71,1507.8344736842105,5.0,11.6,1.0,2.0,4.0,2.0,1.0,1.0,1.0,0.0,11,3,5,0.25,0.5,0.4,0.0,0.2727272727272727,0.209
C10268,Customer_269,70,North,Premium,235695,65,0,59,90383.12,1531.9172881355933,4.0,15.75,0.0,0.0,6.0,4.0,0.0,2.0,2.0,0.0,8,1,1,0.0,0.6666666666666666,0.0,0.0,0.125,0.08
C10269,Customer_270,43,West,Premium,178512,54,0,57,81853.21,1436.0212280701755,5.0,14.6,2.0,1.0,4.0,1.0,1.0,0.0,0.0,0.0,9,0,4,0.25,0.25,0.2,0.0,0.0,0.17200000000000001
C10270,Customer_271,51,South,Standard,191277,90,0,61,129882.81,2129.226393442623,2.0,16.0,0.0,2.0,6.0,4.0,1.0,2.0,2.0,0.0,8,1,1,0.16666666666666666,0.6666666666666666,1.0,0.0,0.125,0.19333333333333336
C10271,Customer_272,50,East,Standard,105811,27,0,54,90795.23,1681.3931481481482,1.0,30.0,0.0,0.0,4.0,2.0,1.0,2.0,2.0,0.0,5,1,0,0.25,0.5,0.0,0.0,0.2,0.07500000000000001
C10272,Customer_273,62,East,Standard,80103,111,0,62,103294.5,1666.0403225806451,4.0,12.75,1.0,1.0,3.0,2.0,0.0,3.0,2.0,1.0,14,4,4,0.0,0.6666666666666666,0.25,0.3333333333333333,0.2857142857142857,0.15666666666666668
C10273,Customer_274,55,West,Standard,226884,57,0,41,51597.17,1258.4675609756098,2.0,11.0,0.0,1.0,6.0,2.0,2.0,1.0,1.0,0.0,10,2,2,0.3333333333333333,0.3333333333333333,0.5,0.0,0.2,0.17166666666666666
C10274,Customer_275,27,West,Premium,197699,48,0,43,85597.41,1990.6374418604653,3.0,8.333333333333334,0.0,1.0,2.0,2.0,0.0,2.0,2.0,0.0,7,1,2,0.0,1.0,0.3333333333333333,0.0,0.14285714285714285,0.10999999999999999
C10275,Customer_276,36,Central,Premium,131122,34,0,47,110528.69,2351.674255319149,3.0,28.333333333333332,1.0,0.0,6.0,1.0,3.0,1.0,1.0,0.0,5,2,1,0.5,0.16666666666666666,0.0,0.0,0.4,0.165
C10276,Customer_277,46,Central,Premium,44008,57,0,52,74073.33,1424.4871153846154,4.0,18.75,1.0,1.0,4.0,1.0,1.0,2.0,1.0,1.0,11,3,5,0.25,0.25,0.25,0.5,0.2727272727272727,0.20500000000000002
C10277,Customer_278,68,South,Premium,227346,98,0,52,106157.16,2041.4838461538461,0.0,0.0,0.0,0.0,7.0,3.0,2.0,4.0,3.0,0.0,10,3,3,0.2857142857142857,0.42857142857142855,0.0,0.0,0.3,0.08285714285714285
C10278,Customer_279,69,South,Standard,57402,7,0,46,61615.22,1339.4613043478262,1.0,2.0,0.0,1.0,2.0,1.0,1.0,4.0,2.0,1.0,17,5,6,0.5,0.5,1.0,0.25,0.29411764705882354,0.2125
C10279,Customer_280,22,North,Premium,209456,38,0,44,66901.49,1520.4884090909093,3.0,19.666666666666668,0.0,0.0,1.0,0.0,1.0,1.0,1.0,0.0,9,1,0,1.0,0.0,0.0,0.0,0.1111111111111111,0.165
C10280,Customer_281,21,Central,Standard,161865,112,0,53,62678.83,1182.619433962264,1.0,22.0,0.0,0.0,9.0,2.0,4.0,1.0,0.0,1.0,16,7,4,0.4444444444444444,0.2222222222222222,0.0,1.0,0.4375,0.22055555555555556
C10281,Customer_282,68,East,Standard,161643,108,0,39,61835.96,1585.537435897436,1.0,20.0,0.0,0.0,6.0,4.0,1.0,1.0,1.0,0.0,9,3,0,0.16666666666666666,0.6666666666666666,0.0,0.0,0.3333333333333333,0.06833333333333334
C10282,Customer_283,32,Central,Standard,172281,51,0,49,59034.37,1204.7830612244898,2.0,14.0,1.0,0.0,1.0,1.0,0.0,1.0,1.0,0.0,11,1,4,0.0,1.0,0.0,0.0,0.09090909090909091,0.05
C10283,Customer_284,25,East,Standard,138550,108,1,37,87949.81,2377.0218918918918,3.0,13.0,0.0,1.0,4.0,2.0,1.0,0.0,0.0,0.0,10,2,1,0.25,0.5,0.3333333333333333,0.0,0.2,0.15
C10284,Customer_285,57,West,Standard,247002,60,0,56,109924.42,1962.9360714285715,4.0,12.5,0.0,1.0,8.0,6.0,0.0,5.0,4.0,1.0,7,0,3,0.0,0.75,0.25,0.2,0.0,0.15000000000000002
C10285,Customer_286,52,Central,Business,199220,41,1,42,113108.15,2693.05119047619,4.0,14.25,1.0,1.0,7.0,3.0,0.0,1.0,0.0,0.0,6,2,0,0.0,0.42857142857142855,0.25,0.0,0.3333333333333333,0.12000000000000001
C10286,Customer_287,29,West,Standard,116218,82,0,44,106857.83,2428.5870454545457,2.0,20.0,0.0,0.0,1.0,0.0,1.0,2.0,2.0,0.0,16,1,3,1.0,0.0,0.0,0.0,0.0625,0.15000000000000002
C10287,Customer_288,61,South,Standard,158296,99,0,43,69444.24,1614.9823255813956,0.0,0.0,0.0,0.0,4.0,2.0,1.0,0.0,0.0,0.0,8,0,2,0.25,0.5,0.0,0.0,0.0,0.06
C10288,Customer_289,55,South,Standard,204767,115,0,45,78963.54,1754.7453333333333,3.0,10.333333333333334,0.0,0.0,6.0,3.0,1.0,0.0,0.0,0.0,11,1,4,0.16666666666666666,0.5,0.0,0.0,0.09090909090909091,0.09833333333333334
C10289,Customer_290,39,North,Premium,145779,87,0,45,67016.41,1489.2535555555555,3.0,13.0,0.0,0.0,3.0,2.0,0.0,1.0,0.0,1.0,3,1,0,0.0,0.6666666666666666,0.0,1.0,0.3333333333333333,0.185
C10290,Customer_291,68,Central,Standard,154714,63,1,34,58511.46,1720.9252941176471,6.0,15.666666666666666,3.0,1.0,3.0,1.0,2.0,5.0,2.0,1.0,10,1,0,0.6666666666666666,0.3333333333333333,0.16666666666666666,0.2,0.1,0.2683333333333333
C10291,Customer_292,36,West,Premium,57441,11,1,47,100437.77,2136.973829787234,0.0,0.0,0.0,0.0,5.0,2.0,2.0,1.0,1.0,0.0,6,1,3,0.4,0.4,0.0,0.0,0.16666666666666666,0.092
C10292,Customer_293,23,East,Standard,195201,8,0,70,167528.51,2393.2644285714287,3.0,17.0,1.0,0.0,6.0,2.0,1.0,4.0,3.0,0.0,10,1,2,0.16666666666666666,0.3333333333333333,0.0,0.0,0.1,0.09833333333333334
C10293,Customer_294,40,South,Premium,87368,117,0,54,115377.04,2136.611851851852,2.0,15.0,1.0,0.0,5.0,3.0,0.0,2.0,2.0,0.0,7,3,0,0.0,0.6,0.0,0.0,0.42857142857142855,0.05
C10294,Customer_295,44,South,Standard,117122,111,0,42,66815.13,1590.8364285714288,1.0,20.0,0.0,0.0,3.0,1.0,1.0,2.0,2.0,0.0,8,4,1,0.3333333333333333,0.3333333333333333,0.0,0.0,0.5,0.08166666666666667
C10295,Customer_296,53,East,Premium,69760,37,0,52,98651.38,1897.1419230769231,5.0,11.4,0.0,3.0,6.0,4.0,0.0,4.0,4.0,0.0,14,4,1,0.0,0.6666666666666666,0.6,0.0,0.2857142857142857,0.20600000000000002
C10296,Customer_297,44,West,Premium,48478,41,0,58,108235.8,1866.1344827586208,2.0,16.5,0.0,1.0,7.0,4.0,1.0,4.0,3.0,1.0,8,1,2,0.14285714285714285,0.5714285714285714,0.5,0.25,0.125,0.16892857142857143
C10297,Customer_298,31,West,Standard,152881,24,0,45,104611.72,2324.704888888889,2.0,20.5,0.0,1.0,5.0,2.0,1.0,3.0,2.0,0.0,13,2,4,0.2,0.4,0.5,0.0,0.15384615384615385,0.14100000000000001
C10298,Customer_299,69,Central,Standard,96854,43,0,40,58337.22,1458.4305,1.0,28.0,0.0,0.0,6.0,4.0,2.0,1.0,1.0,0.0,14,3,3,0.3333333333333333,0.6666666666666666,0.0,0.0,0.21428571428571427,0.10166666666666668
C10299,Customer_300,28,Central,Standard,119230,120,0,58,81376.79,1403.0481034482757,0.0,0.0,0.0,0.0,4.0,2.0,0.0,3.0,2.0,1.0,12,3,2,0.0,0.5,0.0,0.3333333333333333,0.25,0.05666666666666667
C10300,Customer_301,56,North,Standard,110716,7,1,43,73831.67,1717.0155813953488,4.0,22.0,1.0,0.0,5.0,3.0,1.0,4.0,3.0,1.0,15,3,3,0.2,0.6,0.0,0.25,0.2,0.14850000000000002
C10301,Customer_302,58,South,Standard,168252,44,0,60,96810.62,1613.5103333333332,2.0,26.5,0.0,0.0,3.0,2.0,0.0,1.0,1.0,0.0,11,2,2,0.0,0.6666666666666666,0.0,0.0,0.18181818181818182,0.05
C10302,Customer_303,60,Central,Premium,123538,89,0,47,76957.06,1637.384255319149,3.0,18.0,0.0,0.0,4.0,1.0,0.0,2.0,2.0,0.0,5,0,1,0.0,0.25,0.0,0.0,0.0,0.065
C10303,Customer_304,40,West,Standard,40372,83,0,58,98957.94,1706.171379310345,6.0,13.0,1.0,0.0,6.0,4.0,0.0,1.0,0.0,1.0,9,1,2,0.0,0.6666666666666666,0.0,1.0,0.1111111111111111,0.18
C10304,Customer_305,55,East,Standard,54796,78,0,39,81415.56999999999,2087.578717948718,2.0,17.0,1.0,2.0,2.0,2.0,0.0,2.0,2.0,0.0,11,2,1,0.0,1.0,1.0,0.0,0.18181818181818182,0.16
C10305,Customer_306,68,West,Standard,214344,89,0,49,79874.47,1630.0912244897959,0.0,0.0,0.0,0.0,4.0,2.0,1.0,4.0,2.0,2.0,8,3,0,0.25,0.5,0.0,0.5,0.375,0.125
C10306,Customer_307,45,South,Standard,246035,82,0,46,113515.37,2467.7254347826088,3.0,15.333333333333334,0.0,1.0,6.0,3.0,1.0,3.0,2.0,1.0,15,1,1,0.16666666666666666,0.5,0.3333333333333333,0.3333333333333333,0.06666666666666667,0.18
C10307,Customer_308,55,West,Premium,123826,69,0,54,138393.25,2562.837962962963,2.0,11.5,1.0,1.0,9.0,1.0,5.0,2.0,2.0,0.0,6,1,2,0.5555555555555556,0.1111111111111111,0.5,0.0,0.16666666666666666,0.24944444444444447
C10308,Customer_309,45,North,Standard,145592,32,0,53,89205.16,1683.1162264150944,0.0,0.0,0.0,0.0,4.0,3.0,0.0,2.0,2.0,0.0,15,3,3,0.0,0.75,0.0,0.0,0.2,0.02
C10309,Customer_310,49,South,Premium,118635,59,0,53,82479.20999999999,1556.2115094339622,0.0,0.0,0.0,0.0,6.0,3.0,1.0,3.0,1.0,1.0,12,1,4,0.16666666666666666,0.5,0.0,0.3333333333333333,0.08333333333333333,0.09
C10310,Customer_311,38,East,Premium,136022,88,0,52,166930.96,3210.210769230769,2.0,11.0,0.0,0.0,6.0,2.0,1.0,1.0,1.0,0.0,5,3,1,0.16666666666666666,0.3333333333333333,0.0,0.0,0.6,0.08333333333333334
C10311,Customer_312,66,North,Premium,79040,75,1,42,69636.58,1658.0138095238096,1.0,8.0,1.0,0.0,9.0,3.0,4.0,2.0,1.0,0.0,14,2,4,0.4444444444444444,0.3333333333333333,0.0,0.0,0.14285714285714285,0.15055555555555555
C10312,Customer_313,38,South,Premium,100357,31,1,37,60294.24,1629.574054054054,2.0,16.0,0.0,0.0,1.0,1.0,0.0,1.0,0.0,1.0,12,3,2,0.0,1.0,0.0,1.0,0.25,0.12000000000000001
C10313,Customer_314,22,East,Standard,227440,113,0,42,65644.41,1562.962142857143,1.0,11.0,0.0,0.0,3.0,1.0,0.0,0.0,0.0,0.0,8,3,0,0.0,0.3333333333333333,0.0,0.0,0.375,0.035
C10314,Customer_315,55,North,Business,103356,39,0,46,70576.2,1534.2652173913043,5.0,7.0,1.0,0.0,4.0,1.0,1.0,2.0,1.0,1.0,10,2,3,0.25,0.25,0.0,0.5,0.2,0.18
C10315,Customer_316,36,North,Standard,41211,89,0,52,68297.94,1313.4219230769231,3.0,10.0,0.0,0.0,6.0,2.0,2.0,1.0,1.0,0.0,12,1,2,0.3333333333333333,0.3333333333333333,0.0,0.0,0.08333333333333333,0.13166666666666668
C10316,Customer_317,61,South,Standard,130426,15,0,53,92101.37,1737.7616981132076,4.0,16.0,0.0,2.0,5.0,4.0,0.0,2.0,1.0,1.0,7,0,3,0.0,0.8,0.5,0.5,0.0,0.205
C10317,Customer_318,56,Central,Premium,30842,34,1,52,86568.31,1664.7751923076924,5.0,12.4,0.0,1.0,7.0,4.0,0.0,2.0,1.0,1.0,15,5,2,0.0,0.5714285714285714,0.2,0.5,0.3333333333333333,0.177
C10318,Customer_319,53,North,Business,219187,48,1,47,81977.46,1744.2012765957447,4.0,20.0,0.0,1.0,7.0,1.0,3.0,6.0,3.0,1.0,10,3,3,0.42857142857142855,0.14285714285714285,0.25,0.16666666666666666,0.3,0.24261904761904762
C10319,Customer_320,24,North,Premium,91852,118,0,55,94231.31999999999,1713.2967272727271,1.0,29.0,0.0,1.0,3.0,0.0,2.0,1.0,1.0,0.0,6,1,3,0.6666666666666666,0.0,1.0,0.0,0.16666666666666666,0.21333333333333335
C10320,Customer_321,53,East,Standard,150737,113,0,45,75019.92,1667.1093333333333,2.0,18.0,0.0,1.0,5.0,2.0,0.0,0.0,0.0,0.0,12,2,3,0.0,0.4,0.5,0.0,0.16666666666666666,0.10500000000000001
C10321,Customer_322,34,West,Standard,70968,114,0,49,100474.47,2050.499387755102,5.0,17.0,0.0,1.0,3.0,0.0,1.0,2.0,2.0,0.0,13,3,4,0.3333333333333333,0.0,0.2,0.0,0.23076923076923078,0.17866666666666667
C10322,Customer_323,41,South,Business,42508,25,0,43,75513.11,1756.1188372093022,1.0,30.0,0.0,0.0,4.0,1.0,0.0,2.0,2.0,0.0,10,2,2,0.0,0.25,0.0,0.0,0.2,0.035
C10323,Customer_324,68,South,Standard,178077,47,0,43,97681.71,2271.6676744186047,3.0,17.666666666666668,0.0,0.0,7.0,3.0,2.0,3.0,3.0,0.0,10,1,2,0.2857142857142857,0.42857142857142855,0.0,0.0,0.1,0.12785714285714286
C10324,Customer_325,40,Central,Premium,79575,19,0,52,136272.21,2620.619423076923,3.0,12.666666666666666,0.0,1.0,4.0,2.0,0.0,4.0,4.0,0.0,7,2,3,0.0,0.5,0.3333333333333333,0.0,0.2857142857142857,0.10999999999999999
C10325,Customer_326,28,Central,Premium,236814,106,0,41,89782.77,2189.8236585365853,3.0,8.0,0.0,0.0,3.0,3.0,0.0,0.0,0.0,0.0,13,3,3,0.0,1.0,0.0,0.0,0.23076923076923078,0.065
C10326,Customer_327,27,South,Standard,175043,87,0,59,130208.71,2206.9272881355932,7.0,14.0,1.0,2.0,5.0,2.0,2.0,1.0,1.0,0.0,4,0,1,0.4,0.4,0.2857142857142857,0.0,0.0,0.3141428571428571
C10327,Customer_328,23,Central,Standard,181671,68,0,54,88144.39,1632.3035185185186,4.0,18.5,1.0,1.0,7.0,3.0,3.0,2.0,2.0,0.0,9,0,2,0.42857142857142855,0.42857142857142855,0.25,0.0,0.0,0.2142857142857143
C10328,Customer_329,37,East,Standard,243664,103,0,62,118125.05,1905.242741935484,1.0,17.0,0.0,0.0,3.0,1.0,1.0,1.0,1.0,0.0,10,5,3,0.3333333333333333,0.3333333333333333,0.0,0.0,0.5,0.08166666666666667
C10329,Customer_330,53,South,Standard,91914,8,0,54,112784.63,2088.6042592592594,5.0,14.2,0.0,1.0,6.0,4.0,2.0,2.0,1.0,0.0,12,2,4,0.3333333333333333,0.6666666666666666,0.2,0.0,0.16666666666666666,0.19866666666666669
C10330,Customer_331,68,Central,Premium,92055,110,0,50,110270.54,2205.4107999999997,3.0,5.0,2.0,1.0,4.0,1.0,1.0,2.0,2.0,0.0,4,0,2,0.25,0.25,0.3333333333333333,0.0,0.0,0.2
C10331,Customer_332,32,South,Standard,112697,20,0,45,117952.12000000001,2621.1582222222223,2.0,6.5,0.0,1.0,4.0,2.0,1.0,0.0,0.0,0.0,14,3,3,0.25,0.5,0.5,0.0,0.21428571428571427,0.14500000000000002
C10332,Customer_333,42,West,Premium,131239,96,1,67,133475.11,1992.165820895522,0.0,0.0,0.0,0.0,5.0,2.0,1.0,2.0,1.0,1.0,9,0,3,0.2,0.4,0.0,0.5,0.0,0.101
C10333,Customer_334,42,North,Standard,148106,24,1,51,98409.6,1929.6000000000001,4.0,11.25,0.0,0.0,4.0,1.0,1.0,2.0,2.0,0.0,6,1,1,0.25,0.25,0.0,0.0,0.16666666666666666,0.12000000000000001
C10334,Customer_335,66,South,Business,30355,120,1,50,66640.96,1332.8192000000001,2.0,10.5,0.0,0.0,4.0,3.0,1.0,1.0,0.0,0.0,13,1,3,0.25,0.75,0.0,0.0,0.07692307692307693,0.09000000000000001
C10335,Customer_336,50,North,Standard,79120,35,1,55,93601.93,1701.8532727272725,3.0,17.333333333333332,0.0,0.0,0.0,0.0,0.0,1.0,1.0,0.0,9,2,3,0.0,0.0,0.0,0.0,0.2222222222222222,0.065
C10336,Customer_337,58,Central,Standard,230691,32,0,50,72433.62,1448.6724,3.0,11.333333333333334,1.0,0.0,7.0,5.0,1.0,2.0,2.0,0.0,11,3,2,0.14285714285714285,0.7142857142857143,0.0,0.0,0.2727272727272727,0.09642857142857143
C10337,Customer_338,58,North,Standard,63342,83,0,36,111131.5,3086.9861111111113,3.0,17.333333333333332,0.0,0.0,3.0,1.0,0.0,4.0,2.0,2.0,9,2,1,0.0,0.3333333333333333,0.0,0.5,0.2222222222222222,0.13
C10338,Customer_339,65,South,Premium,242064,109,0,62,123385.12,1990.0825806451612,3.0,16.333333333333332,0.0,1.0,5.0,1.0,2.0,1.0,0.0,0.0,7,0,2,0.4,0.2,0.3333333333333333,0.0,0.0,0.182
C10339,Customer_340,28,West,Premium,234932,34,1,47,104577.68000000001,2225.057021276596,4.0,18.25,0.0,0.0,7.0,0.0,6.0,1.0,0.0,1.0,10,3,2,0.8571428571428571,0.0,0.0,1.0,0.3,0.3385714285714286
C10340,Customer_341,47,Central,Premium,27257,44,0,51,113377.63,2223.0907843137256,5.0,16.6,0.0,0.0,4.0,1.0,3.0,3.0,3.0,0.0,16,4,4,0.75,0.25,0.0,0.0,0.25,0.215
C10341,Customer_342,47,South,Standard,52364,117,0,63,107428.31,1705.2112698412698,2.0,15.5,0.0,2.0,6.0,3.0,2.0,1.0,1.0,0.0,8,1,3,0.3333333333333333,0.5,1.0,0.0,0.125,0.22666666666666668
C10342,Customer_343,54,Central,Standard,181044,80,0,68,141557.99,2081.7351470588233,1.0,11.0,0.0,1.0,3.0,2.0,0.0,3.0,3.0,0.0,11,2,1,0.0,0.6666666666666666,1.0,0.0,0.18181818181818182,0.12
C10343,Customer_344,41,East,Standard,136715,12,0,44,49911.29,1134.3475,3.0,9.666666666666666,1.0,1.0,4.0,2.0,1.0,2.0,0.0,1.0,7,2,1,0.25,0.5,0.3333333333333333,0.5,0.2857142857142857,0.19499999999999998
C10344,Customer_345,50,North,Standard,51654,113,0,47,94149.51,2003.181063829787,3.0,5.666666666666667,0.0,1.0,8.0,4.0,2.0,0.0,0.0,0.0,7,3,1,0.25,0.5,0.3333333333333333,0.0,0.42857142857142855,0.16999999999999998
C10345,Customer_346,53,East,Standard,236841,117,0,46,62505.67,1358.8189130434782,3.0,19.0,0.0,0.0,4.0,2.0,1.0,2.0,1.0,0.0,6,2,2,0.25,0.5,0.0,0.0,0.3333333333333333,0.10500000000000001
C10346,Customer_347,48,South,Business,106423,38,0,40,91753.88,2293.847,2.0,27.0,1.0,0.0,3.0,1.0,2.0,4.0,3.0,0.0,9,2,3,0.6666666666666666,0.3333333333333333,0.0,0.0,0.2222222222222222,0.1433333333333333
C10347,Customer_348,67,West,Business,54320,36,1,45,91893.86,2042.0857777777778,4.0,16.25,1.0,0.0,2.0,1.0,0.0,2.0,2.0,0.0,7,1,1,0.0,0.5,0.0,0.0,0.14285714285714285,0.08
C10348,Customer_349,53,Central,Business,45808,75,0,44,97798.19,2222.6861363636363,6.0,18.5,2.0,2.0,3.0,2.0,1.0,2.0,2.0,0.0,11,1,4,0.3333333333333333,0.6666666666666666,0.3333333333333333,0.0,0.09090909090909091,0.22666666666666666
C10349,Customer_350,25,North,Premium,77389,108,0,47,82803.48,1761.776170212766,2.0,7.5,1.0,0.0,8.0,2.0,3.0,1.0,1.0,0.0,11,3,2,0.375,0.25,0.0,0.0,0.2727272727272727,0.14
C10350,Customer_351,68,Central,Standard,143581,30,0,56,108454.22,1936.6825000000001,3.0,15.666666666666666,0.0,1.0,5.0,4.0,1.0,2.0,1.0,0.0,17,3,4,0.2,0.8,0.3333333333333333,0.0,0.17647058823529413,0.146
C10351,Customer_352,39,South,Standard,152927,13,0,40,94247.97,2356.19925,2.0,10.0,1.0,0.0,5.0,1.0,2.0,1.0,1.0,0.0,4,0,1,0.4,0.2,0.0,0.0,0.0,0.172
C10352,Customer_353,24,Central,Standard,59773,80,0,45,62006.8,1377.9288888888889,2.0,16.0,1.0,1.0,6.0,2.0,2.0,0.0,0.0,0.0,10,0,3,0.3333333333333333,0.3333333333333333,0.5,0.0,0.0,0.17166666666666666
C10353,Customer_354,55,North,Premium,207240,41,1,38,48839.91,1285.2607894736843,4.0,20.75,0.0,1.0,11.0,5.0,2.0,0.0,0.0,0.0,8,2,5,0.18181818181818182,0.45454545454545453,0.25,0.0,0.25,0.17454545454545456
C10354,Customer_355,69,South,Standard,183819,49,1,47,73210.78,1557.676170212766,6.0,15.666666666666666,0.0,0.0,6.0,1.0,3.0,4.0,1.0,0.0,6,2,0,0.5,0.16666666666666666,0.0,0.0,0.3333333333333333,0.21
C10355,Customer_356,37,Central,Standard,101396,120,0,50,90864.6,1817.2920000000001,5.0,21.2,1.0,0.0,1.0,0.0,1.0,4.0,2.0,2.0,11,1,3,1.0,0.0,0.0,0.5,0.09090909090909091,0.26
C10356,Customer_357,64,West,Standard,132692,21,1,61,96265.72,1578.1265573770493,3.0,7.0,0.0,2.0,1.0,0.0,1.0,3.0,3.0,0.0,7,0,3,1.0,0.0,0.6666666666666666,0.0,0.0,0.255
C10357,Customer_358,48,South,Standard,239764,120,0,53,78877.18,1488.2486792452828,3.0,8.333333333333334,1.0,0.0,6.0,4.0,1.0,2.0,1.0,0.0,7,2,1,0.16666666666666666,0.6666666666666666,0.0,0.0,0.2857142857142857,0.09833333333333334
C10358,Customer_359,50,South,Premium,82505,17,0,49,75121.2,1533.0857142857142,4.0,21.0,2.0,3.0,7.0,5.0,2.0,1.0,1.0,0.0,11,3,1,0.2857142857142857,0.7142857142857143,0.75,0.0,0.2727272727272727,0.26285714285714284
C10359,Customer_360,49,West,Premium,110896,30,0,50,82979.86,1659.5972,2.0,18.0,0.0,0.0,9.0,0.0,5.0,1.0,0.0,1.0,9,1,1,0.5555555555555556,0.0,0.0,1.0,0.1111111111111111,0.2644444444444445
C10360,Customer_361,66,East,Standard,43135,26,0,53,122931.92,2319.4701886792454,3.0,13.666666666666666,0.0,1.0,5.0,1.0,2.0,1.0,1.0,0.0,11,4,5,0.4,0.2,0.3333333333333333,0.0,0.36363636363636365,0.182
C10361,Customer_362,26,North,Business,115887,74,0,45,75406.7,1675.7044444444443,4.0,21.75,0.0,1.0,8.0,0.0,1.0,3.0,3.0,0.0,10,3,0,0.125,0.0,0.25,0.0,0.3,0.15000000000000002
C10362,Customer_363,55,East,Premium,147118,109,0,38,78332.26,2061.3752631578946,3.0,14.666666666666666,0.0,0.0,3.0,1.0,2.0,3.0,3.0,0.0,11,1,2,0.6666666666666666,0.3333333333333333,0.0,0.0,0.09090909090909091,0.15833333333333333
C10363,Customer_364,61,Central,Standard,72377,11,0,46,101805.56,2213.164347826087,2.0,18.0,0.0,0.0,4.0,2.0,0.0,2.0,2.0,0.0,7,2,1,0.0,0.5,0.0,0.0,0.2857142857142857,0.05
C10364,Customer_365,57,West,Standard,179626,49,0,52,115629.44,2223.643076923077,2.0,14.5,0.0,0.0,9.0,3.0,5.0,2.0,2.0,0.0,10,1,1,0.5555555555555556,0.3333333333333333,0.0,0.0,0.1,0.19444444444444448
C10365,Customer_366,44,East,Standard,87491,35,0,40,74699.68,1867.4919999999997,3.0,10.666666666666666,1.0,0.0,6.0,3.0,1.0,1.0,0.0,0.0,12,1,2,0.16666666666666666,0.5,0.0,0.0,0.08333333333333333,0.09833333333333334
C10366,Customer_367,49,South,Standard,211693,64,0,54,84013.8,1555.8111111111111,5.0,10.8,1.0,0.0,4.0,1.0,2.0,3.0,2.0,1.0,11,5,2,0.5,0.25,0.0,0.3333333333333333,0.45454545454545453,0.21166666666666667
C10367,Customer_368,69,Central,Business,83283,99,0,68,104539.27,1537.342205882353,3.0,18.333333333333332,0.0,2.0,5.0,0.0,2.0,1.0,0.0,0.0,5,0,3,0.4,0.0,0.6666666666666666,0.0,0.0,0.22699999999999998
C10368,Customer_369,66,Central,Standard,241212,21,0,47,71035.62,1511.3961702127658,0.0,0.0,0.0,0.0,3.0,0.0,2.0,1.0,1.0,0.0,10,2,2,0.6666666666666666,0.0,0.0,0.0,0.2,0.11333333333333333
C10369,Customer_370,51,East,Premium,41923,69,1,43,90280.90000000001,2099.5558139534887,3.0,24.333333333333332,0.0,1.0,6.0,4.0,2.0,1.0,1.0,0.0,9,2,3,0.3333333333333333,0.6666666666666666,0.3333333333333333,0.0,0.2222222222222222,0.17666666666666667
C10370,Customer_371,55,East,Standard,72591,76,1,61,124055.62,2033.6986885245901,2.0,18.0,0.0,1.0,4.0,1.0,0.0,3.0,2.0,0.0,8,0,3,0.0,0.25,0.5,0.0,0.0,0.10500000000000001
C10371,Customer_372,53,West,Standard,87261,42,1,42,90066.25,2144.434523809524,2.0,26.0,0.0,0.0,7.0,2.0,2.0,2.0,1.0,1.0,12,4,4,0.2857142857142857,0.2857142857142857,0.0,0.5,0.3333333333333333,0.15785714285714283
C10372,Customer_373,41,North,Standard,79336,49,1,52,96293.99,1851.8075000000001,8.0,16.0,1.0,2.0,6.0,4.0,0.0,0.0,0.0,0.0,7,0,2,0.0,0.6666666666666666,0.25,0.0,0.0,0.20500000000000002
C10373,Customer_374,52,East,Standard,99083,108,0,45,77505.14,1722.3364444444444,7.0,22.428571428571427,1.0,1.0,3.0,0.0,1.0,3.0,3.0,0.0,13,1,7,0.3333333333333333,0.0,0.14285714285714285,0.0,0.07692307692307693,0.20523809523809522
C10374,Customer_375,43,East,Standard,85948,67,1,51,97440.15,1910.5911764705882,3.0,28.333333333333332,1.0,1.0,9.0,4.0,2.0,3.0,3.0,0.0,16,3,4,0.2222222222222222,0.4444444444444444,0.3333333333333333,0.0,0.1875,0.16777777777777778
C10375,Customer_376,53,South,Business,189074,31,0,59,84501.81,1432.2340677966101,3.0,23.333333333333332,1.0,0.0,4.0,3.0,1.0,2.0,2.0,0.0,11,2,3,0.25,0.75,0.0,0.0,0.18181818181818182,0.10500000000000001
C10376,Customer_377,23,Central,Standard,236170,52,0,55,105946.52,1926.3003636363637,1.0,12.0,0.0,0.0,5.0,3.0,2.0,2.0,2.0,0.0,5,1,1,0.4,0.6,0.0,0.0,0.2,0.10700000000000001
C10377,Customer_378,38,North,Premium,229088,100,1,51,92784.02,1819.2945098039218,5.0,14.0,1.0,0.0,11.0,9.0,1.0,1.0,0.0,0.0,10,1,3,0.09090909090909091,0.8181818181818182,0.0,0.0,0.1,0.12227272727272728
C10378,Customer_379,45,South,Standard,51672,117,0,48,93161.98,1940.8745833333332,2.0,18.0,0.0,0.0,3.0,2.0,1.0,1.0,1.0,0.0,6,2,3,0.3333333333333333,0.6666666666666666,0.0,0.0,0.3333333333333333,0.09666666666666668
C10379,Customer_380,62,West,Standard,29213,15,0,60,90569.15,1509.4858333333332,4.0,19.25,2.0,1.0,3.0,0.0,1.0,3.0,2.0,1.0,8,3,0,0.3333333333333333,0.0,0.25,0.3333333333333333,0.375,0.20333333333333334
C10380,Customer_381,51,West,Standard,166365,120,1,57,122968.96,2157.3501754385966,7.0,14.428571428571429,0.0,1.0,5.0,3.0,1.0,3.0,3.0,0.0,9,0,3,0.2,0.6,0.14285714285714285,0.0,0.0,0.19457142857142853
C10381,Customer_382,23,East,Standard,211932,3,0,58,142824.69,2462.494655172414,3.0,6.333333333333333,0.0,0.0,5.0,3.0,2.0,2.0,2.0,0.0,9,2,2,0.4,0.6,0.0,0.0,0.2222222222222222,0.137
C10382,Customer_383,60,East,Standard,87507,36,0,50,76067.24,1521.3448,2.0,11.0,0.0,1.0,2.0,2.0,0.0,4.0,3.0,0.0,9,1,2,0.0,1.0,0.5,0.0,0.1111111111111111,0.10500000000000001
C10383,Customer_384,66,West,Standard,82134,95,0,39,51155.3,1311.674358974359,6.0,12.5,2.0,1.0,2.0,1.0,0.0,0.0,0.0,0.0,14,2,2,0.0,0.5,0.16666666666666666,0.0,0.14285714285714285,0.14500000000000002
C10384,Customer_385,44,East,Standard,158172,50,0,46,72738.49,1581.2715217391305,3.0,18.666666666666668,0.0,2.0,7.0,2.0,3.0,0.0,0.0,0.0,12,1,0,0.42857142857142855,0.2857142857142857,0.6666666666666666,0.0,0.08333333333333333,0.24928571428571428
C10385,Customer_386,70,North,Standard,218069,113,0,35,56609.96,1617.4274285714284,3.0,7.666666666666667,0.0,2.0,5.0,2.0,1.0,3.0,2.0,0.0,5,0,1,0.2,0.4,0.6666666666666666,0.0,0.0,0.191
C10386,Customer_387,52,East,Standard,53172,79,0,58,96323.87,1660.7563793103448,3.0,17.333333333333332,1.0,1.0,3.0,1.0,1.0,3.0,2.0,0.0,8,2,2,0.3333333333333333,0.3333333333333333,0.3333333333333333,0.0,0.25,0.15666666666666665
C10387,Customer_388,67,Central,Standard,45132,50,0,54,108667.45,2012.3601851851852,2.0,12.0,0.0,0.0,4.0,2.0,0.0,1.0,0.0,0.0,8,4,1,0.0,0.5,0.0,0.0,0.5,0.05
C10388,Customer_389,42,East,Business,43199,51,0,54,119151.88,2206.5162962962963,0.0,0.0,0.0,0.0,5.0,5.0,0.0,3.0,2.0,1.0,8,1,3,0.0,1.0,0.0,0.3333333333333333,0.125,0.05666666666666667
C10389,Customer_390,43,South,Premium,61609,119,0,40,68036.72,1700.9180000000001,2.0,15.0,1.0,0.0,6.0,3.0,3.0,3.0,3.0,0.0,9,0,2,0.5,0.5,0.0,0.0,0.0,0.15
C10390,Customer_391,22,North,Standard,199037,66,0,38,45898.4,1207.8526315789475,1.0,16.0,0.0,0.0,4.0,3.0,1.0,4.0,4.0,0.0,8,1,2,0.25,0.75,0.0,0.0,0.125,0.07500000000000001
C10391,Customer_392,47,South,Standard,164088,63,0,60,129130.81,2152.1801666666665,3.0,11.666666666666666,1.0,2.0,5.0,1.0,2.0,2.0,2.0,0.0,6,3,0,0.4,0.2,0.6666666666666666,0.0,0.5,0.22699999999999998
C10392,Customer_393,62,South,Business,195851,31,0,50,88139.69,1762.7938000000001,2.0,15.0,0.0,2.0,8.0,4.0,4.0,2.0,2.0,0.0,5,1,0,0.5,0.5,1.0,0.0,0.2,0.28
C10393,Customer_394,22,Central,Premium,56881,41,0,60,93344.64,1555.744,2.0,20.0,1.0,0.0,4.0,2.0,1.0,3.0,3.0,0.0,9,4,2,0.25,0.5,0.0,0.0,0.4444444444444444,0.09000000000000001
C10394,Customer_395,46,North,Standard,238666,90,0,57,109930.17,1928.5994736842106,3.0,12.0,0.0,0.0,8.0,2.0,5.0,1.0,1.0,0.0,13,2,2,0.625,0.25,0.0,0.0,0.15384615384615385,0.21500000000000002
C10395,Customer_396,37,North,Premium,49472,28,0,56,119783.67,2138.994107142857,1.0,18.0,0.0,0.0,10.0,3.0,2.0,2.0,2.0,0.0,6,4,0,0.2,0.3,0.0,0.0,0.6666666666666666,0.09100000000000001
C10396,Customer_397,60,North,Standard,207885,19,0,58,119744.74,2064.5644827586207,2.0,28.5,1.0,0.0,1.0,0.0,0.0,0.0,0.0,0.0,13,2,3,0.0,0.0,0.0,0.0,0.15384615384615385,0.05
C10397,Customer_398,53,North,Standard,192093,73,0,40,66902.01,1672.5502499999998,2.0,15.0,0.0,0.0,8.0,5.0,2.0,4.0,4.0,0.0,11,3,2,0.25,0.625,0.0,0.0,0.2727272727272727,0.11
C10398,Customer_399,29,North,Premium,79131,15,0,70,120610.38,1723.0054285714286,4.0,24.75,0.0,2.0,8.0,3.0,4.0,1.0,1.0,0.0,11,0,2,0.5,0.375,0.5,0.0,0.0,0.28
C10399,Customer_400,63,Central,Standard,180159,71,0,45,109175.53,2426.122888888889,3.0,16.333333333333332,1.0,1.0,5.0,1.0,2.0,3.0,1.0,1.0,15,3,2,0.4,0.2,0.3333333333333333,0.3333333333333333,0.2,0.21866666666666665
C10400,Customer_401,68,East,Business,37828,28,1,44,50912.51,1157.1025,1.0,29.0,0.0,0.0,5.0,2.0,2.0,1.0,1.0,0.0,9,2,2,0.4,0.4,0.0,0.0,0.2222222222222222,0.10700000000000001
C10401,Customer_402,59,South,Premium,217682,51,0,46,120886.34,2627.963913043478,3.0,5.666666666666667,0.0,1.0,8.0,4.0,1.0,2.0,1.0,1.0,15,8,3,0.125,0.5,0.3333333333333333,0.5,0.5333333333333333,0.18499999999999997
C10402,Customer_403,49,North,Standard,121664,69,0,54,106081.42,1964.4707407407407,2.0,10.5,1.0,0.0,4.0,3.0,0.0,4.0,2.0,2.0,8,2,0,0.0,0.75,0.0,0.5,0.25,0.11499999999999999
C10403,Customer_404,62,East,Standard,157473,9,0,47,73518.65,1564.2265957446807,4.0,17.75,1.0,2.0,6.0,1.0,2.0,2.0,1.0,1.0,10,2,2,0.3333333333333333,0.16666666666666666,0.5,0.5,0.2,0.27166666666666667
C10404,Customer_405,46,East,Standard,241251,60,0,40,68829.81999999999,1720.7454999999998,4.0,10.5,0.0,0.0,9.0,4.0,3.0,4.0,2.0,2.0,11,3,1,0.3333333333333333,0.4444444444444444,0.0,0.5,0.2727272727272727,0.2316666666666667
C10405,Customer_406,55,South,Standard,40193,51,0,46,71380.06,1551.7404347826086,4.0,11.25,0.0,2.0,2.0,1.0,0.0,3.0,1.0,0.0,8,1,5,0.0,0.5,0.5,0.0,0.125,0.16
C10406,Customer_407,70,Central,Premium,248461,105,0,45,71638.64,1591.9697777777778,1.0,28.0,0.0,0.0,3.0,1.0,1.0,1.0,0.0,0.0,13,0,3,0.3333333333333333,0.3333333333333333,0.0,0.0,0.0,0.08166666666666667
C10407,Customer_408,45,West,Standard,200936,55,1,45,87843.22,1952.0715555555555,1.0,4.0,0.0,0.0,4.0,2.0,1.0,2.0,1.0,1.0,12,2,3,0.25,0.5,0.0,0.5,0.16666666666666666,0.12000000000000002
C10408,Customer_409,44,West,Standard,176379,67,0,49,84652.41,1727.6002040816327,0.0,0.0,0.0,0.0,4.0,1.0,2.0,2.0,2.0,0.0,18,3,1,0.5,0.25,0.0,0.0,0.16666666666666666,0.1
C10409,Customer_410,33,East,Premium,127518,115,0,52,103829.56,1996.7223076923076,4.0,21.75,1.0,0.0,0.0,0.0,0.0,2.0,2.0,0.0,10,3,3,0.0,0.0,0.0,0.0,0.3,0.08
C10410,Customer_411,27,South,Standard,44611,64,0,39,64415.840000000004,1651.6882051282053,1.0,1.0,0.0,1.0,7.0,3.0,0.0,2.0,1.0,1.0,11,2,2,0.0,0.42857142857142855,1.0,0.5,0.18181818181818182,0.16499999999999998
C10411,Customer_412,56,West,Premium,199863,19,0,49,106901.39,2181.661020408163,4.0,16.0,2.0,0.0,0.0,0.0,0.0,1.0,0.0,1.0,14,2,4,0.0,0.0,0.0,1.0,0.14285714285714285,0.15000000000000002
C10412,Customer_413,65,East,Standard,168022,45,0,47,106945.23999999999,2275.430638297872,4.0,6.25,1.0,2.0,1.0,1.0,0.0,2.0,2.0,0.0,13,3,2,0.0,1.0,0.5,0.0,0.23076923076923078,0.16
C10413,Customer_414,40,Central,Business,101240,27,0,41,55970.43,1365.1324390243904,1.0,16.0,0.0,0.0,8.0,4.0,2.0,1.0,1.0,0.0,14,3,3,0.25,0.5,0.0,0.0,0.21428571428571427,0.09500000000000001
C10414,Customer_415,21,West,Standard,233475,5,0,61,100724.22,1651.2167213114753,1.0,5.0,0.0,0.0,6.0,5.0,1.0,2.0,2.0,0.0,14,3,3,0.16666666666666666,0.8333333333333334,0.0,0.0,0.21428571428571427,0.06833333333333334
C10415,Customer_416,28,East,Standard,27745,81,0,56,116166.51,2074.4019642857143,0.0,0.0,0.0,0.0,3.0,1.0,1.0,2.0,2.0,0.0,12,2,1,0.3333333333333333,0.3333333333333333,0.0,0.0,0.16666666666666666,0.06666666666666667
C10416,Customer_417,66,East,Standard,80243,31,0,47,82581.58,1757.0548936170212,4.0,18.75,0.0,2.0,5.0,1.0,2.0,1.0,1.0,0.0,11,3,5,0.4,0.2,0.5,0.0,0.2727272727272727,0.232
C10417,Customer_418,36,North,Standard,28866,119,0,37,57002.479999999996,1540.6075675675675,1.0,11.0,0.0,0.0,4.0,2.0,1.0,5.0,3.0,0.0,11,3,1,0.25,0.5,0.0,0.0,0.2727272727272727,0.07500000000000001
C10418,Customer_419,34,Central,Premium,188317,109,0,54,73491.61,1360.9557407407408,4.0,16.25,0.0,3.0,2.0,1.0,1.0,2.0,2.0,0.0,12,3,2,0.5,0.5,0.75,0.0,0.25,0.26
C10419,Customer_420,32,North,Premium,200796,34,0,60,122564.56,2042.7426666666665,4.0,19.25,0.0,3.0,4.0,0.0,4.0,3.0,2.0,1.0,3,1,1,1.0,0.0,0.75,0.3333333333333333,0.3333333333333333,0.44666666666666666
C10420,Customer_421,43,South,Premium,153681,28,0,46,86716.11,1885.1328260869566,4.0,25.75,0.0,0.0,1.0,0.0,1.0,2.0,1.0,0.0,15,8,1,1.0,0.0,0.0,0.0,0.5333333333333333,0.18
C10421,Customer_422,35,North,Standard,96354,18,0,46,76322.38,1659.1821739130435,2.0,14.0,1.0,1.0,7.0,2.0,4.0,3.0,3.0,0.0,8,3,2,0.5714285714285714,0.2857142857142857,0.5,0.0,0.375,0.2307142857142857
C10422,Customer_423,48,North,Standard,76374,27,1,46,68391.28,1486.766956521739,3.0,17.0,0.0,0.0,7.0,2.0,1.0,1.0,1.0,0.0,10,2,2,0.14285714285714285,0.2857142857142857,0.0,0.0,0.2,0.09642857142857143
C10423,Customer_424,54,West,Standard,139397,56,0,45,74055.05,1645.667777777778,4.0,18.0,1.0,2.0,8.0,7.0,0.0,3.0,3.0,0.0,12,0,2,0.0,0.875,0.5,0.0,0.0,0.16
C10424,Customer_425,22,East,Standard,149577,30,1,46,69657.09,1514.2845652173912,1.0,4.0,0.0,1.0,2.0,1.0,0.0,1.0,1.0,0.0,11,3,3,0.0,0.5,1.0,0.0,0.2727272727272727,0.12
C10425,Customer_426,52,Central,Premium,186188,75,0,49,99331.02,2027.1636734693877,1.0,30.0,1.0,1.0,6.0,5.0,1.0,2.0,1.0,1.0,12,2,4,0.16666666666666666,0.8333333333333334,1.0,0.5,0.16666666666666666,0.19833333333333333
C10426,Customer_427,43,North,Standard,106029,58,0,46,80380.68,1747.4060869565217,3.0,22.666666666666668,1.0,1.0,6.0,3.0,2.0,1.0,1.0,0.0,13,2,2,0.3333333333333333,0.5,0.3333333333333333,0.0,0.15384615384615385,0.17666666666666667
C10427,Customer_428,42,Central,Standard,118574,67,0,56,97775.01,1745.9823214285714,2.0,8.5,0.0,1.0,9.0,6.0,0.0,3.0,2.0,1.0,9,1,2,0.0,0.6666666666666666,0.5,0.3333333333333333,0.1111111111111111,0.14166666666666666
C10428,Customer_429,45,North,Standard,176519,95,0,39,62402.990000000005,1600.0766666666668,3.0,20.0,0.0,0.0,5.0,3.0,1.0,2.0,2.0,0.0,16,5,1,0.2,0.6,0.0,0.0,0.3125,0.101
C10429,Customer_430,42,South,Premium,55431,88,1,48,102672.52,2139.0108333333333,2.0,20.5,1.0,1.0,8.0,1.0,5.0,3.0,3.0,0.0,7,2,2,0.625,0.125,0.5,0.0,0.2857142857142857,0.255
C10430,Customer_431,42,North,Premium,173980,82,1,43,76426.2,1777.353488372093,7.0,12.142857142857142,0.0,3.0,7.0,0.0,3.0,1.0,1.0,0.0,9,1,3,0.42857142857142855,0.0,0.42857142857142855,0.0,0.1111111111111111,0.31999999999999995
C10431,Customer_432,69,West,Premium,54336,43,0,45,73293.05,1628.7344444444445,3.0,28.0,1.0,0.0,5.0,3.0,0.0,3.0,3.0,0.0,12,3,4,0.0,0.6,0.0,0.0,0.25,0.065
C10432,Customer_433,62,East,Standard,65992,117,0,45,108327.84999999999,2407.285555555555,6.0,19.666666666666668,2.0,2.0,3.0,2.0,1.0,1.0,1.0,0.0,10,1,2,0.3333333333333333,0.6666666666666666,0.3333333333333333,0.0,0.1,0.22666666666666666
C10433,Customer_434,26,South,Standard,80350,110,1,51,76073.36,1491.6345098039217,4.0,16.75,0.0,2.0,5.0,2.0,1.0,6.0,5.0,1.0,10,2,1,0.2,0.4,0.5,0.16666666666666666,0.2,0.22433333333333333
C10434,Customer_435,35,North,Premium,94561,53,1,49,79603.43000000001,1624.5597959183674,4.0,14.75,1.0,1.0,7.0,3.0,2.0,2.0,2.0,0.0,15,5,1,0.2857142857142857,0.42857142857142855,0.25,0.0,0.3333333333333333,0.18285714285714283
C10435,Customer_436,63,Central,Premium,76955,120,0,51,109528.23,2147.6123529411766,6.0,12.0,1.0,2.0,2.0,0.0,0.0,2.0,0.0,2.0,13,5,6,0.0,0.0,0.3333333333333333,1.0,0.38461538461538464,0.27
C10436,Customer_437,57,South,Standard,86240,107,1,40,61937.88,1548.447,2.0,21.5,0.0,2.0,5.0,1.0,1.0,2.0,2.0,0.0,11,0,3,0.2,0.2,1.0,0.0,0.0,0.196
C10437,Customer_438,53,South,Premium,176165,73,0,63,136469.72,2166.186031746032,2.0,13.5,0.0,0.0,1.0,0.0,1.0,0.0,0.0,0.0,7,2,1,1.0,0.0,0.0,0.0,0.2857142857142857,0.15000000000000002
C10438,Customer_439,28,North,Premium,162227,80,0,45,76499.16,1699.9813333333334,4.0,14.75,0.0,0.0,5.0,2.0,1.0,1.0,0.0,0.0,9,1,0,0.2,0.4,0.0,0.0,0.1111111111111111,0.116
C10439,Customer_440,64,South,Premium,71607,31,1,47,85673.65000000001,1822.8436170212767,3.0,10.333333333333334,0.0,1.0,5.0,4.0,0.0,3.0,2.0,1.0,16,3,4,0.0,0.8,0.3333333333333333,0.3333333333333333,0.1875,0.14666666666666664
C10440,Customer_441,64,Central,Premium,189559,85,1,52,94350.21,1814.4271153846155,3.0,17.0,0.0,2.0,4.0,1.0,2.0,1.0,1.0,0.0,10,1,1,0.5,0.25,0.6666666666666666,0.0,0.1,0.235
C10441,Customer_442,25,South,Standard,211740,21,0,47,107188.91,2280.615106382979,5.0,11.4,0.0,1.0,4.0,2.0,1.0,0.0,0.0,0.0,11,3,2,0.25,0.5,0.2,0.0,0.2727272727272727,0.17200000000000001
C10442,Customer_443,59,Central,Standard,177035,68,0,52,103269.47,1985.951346153846,3.0,6.666666666666667,1.0,1.0,4.0,3.0,0.0,2.0,2.0,0.0,10,1,3,0.0,0.75,0.3333333333333333,0.0,0.1,0.10999999999999999
C10443,Customer_444,24,North,Standard,206196,43,0,53,69204.15,1305.7386792452828,0.0,0.0,0.0,0.0,2.0,0.0,2.0,3.0,2.0,1.0,10,1,1,1.0,0.0,0.0,0.3333333333333333,0.1,0.17666666666666667
C10444,Customer_445,26,East,Premium,77870,47,0,53,106938.33,2017.7043396226416,4.0,17.75,1.0,0.0,7.0,5.0,0.0,0.0,0.0,0.0,8,3,0,0.0,0.7142857142857143,0.0,0.0,0.375,0.08
C10445,Customer_446,65,South,Premium,212619,17,0,55,83666.09,1521.2016363636362,2.0,27.0,0.0,0.0,4.0,2.0,1.0,2.0,2.0,0.0,8,1,1,0.25,0.5,0.0,0.0,0.125,0.09000000000000001
C10446,Customer_447,52,East,Premium,89110,5,0,64,102768.99,1605.76546875,1.0,18.0,0.0,0.0,3.0,0.0,1.0,2.0,1.0,1.0,11,5,2,0.3333333333333333,0.0,0.0,0.5,0.45454545454545453,0.12666666666666668
C10447,Customer_448,50,Central,Standard,209626,13,0,39,76102.37,1951.3428205128205,6.0,18.666666666666668,0.0,1.0,3.0,3.0,0.0,1.0,1.0,0.0,10,4,2,0.0,1.0,0.16666666666666666,0.0,0.4,0.14500000000000002
C10448,Customer_449,67,South,Premium,177008,55,0,44,84113.81,1911.6775,2.0,25.0,0.0,2.0,5.0,3.0,1.0,3.0,3.0,0.0,10,4,2,0.2,0.6,1.0,0.0,0.4,0.196
C10449,Customer_450,55,West,Premium,141895,48,1,57,83230.92,1460.1915789473685,7.0,18.285714285714285,0.0,3.0,6.0,3.0,0.0,6.0,4.0,1.0,13,4,5,0.0,0.5,0.42857142857142855,0.16666666666666666,0.3076923076923077,0.2540476190476191
C10450,Customer_451,60,East,Premium,29426,32,0,43,83032.31,1930.983953488372,1.0,15.0,0.0,0.0,9.0,2.0,5.0,2.0,1.0,1.0,13,3,3,0.5555555555555556,0.2222222222222222,0.0,0.5,0.23076923076923078,0.22444444444444445
C10451,Customer_452,36,South,Premium,244911,59,0,47,80092.29000000001,1704.0912765957448,2.0,18.0,0.0,1.0,6.0,2.0,2.0,1.0,0.0,0.0,8,0,4,0.3333333333333333,0.3333333333333333,0.5,0.0,0.0,0.17166666666666666
C10452,Customer_453,33,East,Premium,52606,106,0,48,79102.35,1647.965625,2.0,12.5,0.0,2.0,6.0,2.0,3.0,1.0,1.0,0.0,11,2,3,0.5,0.3333333333333333,1.0,0.0,0.18181818181818182,0.26
C10453,Customer_454,70,South,Standard,203904,20,0,42,69569.16,1656.4085714285716,3.0,21.333333333333332,1.0,1.0,2.0,1.0,1.0,1.0,1.0,0.0,12,3,3,0.5,0.5,0.3333333333333333,0.0,0.25,0.16999999999999998
C10454,Customer_455,62,North,Standard,53151,53,1,48,86568.54000000001,1803.5112500000002,1.0,22.0,0.0,0.0,7.0,5.0,1.0,6.0,4.0,2.0,3,1,1,0.14285714285714285,0.7142857142857143,0.0,0.3333333333333333,0.3333333333333333,0.17309523809523808
C10455,Customer_456,50,East,Standard,235375,50,0,62,85730.63,1382.7520967741937,2.0,6.0,1.0,0.0,5.0,4.0,1.0,2.0,1.0,1.0,11,2,3,0.2,0.8,0.0,0.5,0.18181818181818182,0.131
C10456,Customer_457,39,West,Standard,36308,68,1,46,93768.81,2038.4523913043479,5.0,18.2,0.0,2.0,5.0,2.0,0.0,1.0,0.0,0.0,8,0,2,0.0,0.4,0.4,0.0,0.0,0.169
C10457,Customer_458,37,West,Premium,218594,98,0,52,102511.73,1971.379423076923,4.0,21.5,0.0,0.0,3.0,0.0,2.0,1.0,1.0,0.0,9,2,1,0.6666666666666666,0.0,0.0,0.0,0.2222222222222222,0.17333333333333334
C10458,Customer_459,39,Central,Premium,201743,10,1,48,86819.11,1808.7314583333334,4.0,18.75,0.0,0.0,7.0,3.0,2.0,2.0,1.0,0.0,11,4,3,0.2857142857142857,0.42857142857142855,0.0,0.0,0.36363636363636365,0.14285714285714285
C10459,Customer_460,48,South,Standard,115306,24,1,43,76577.36,1780.8688372093022,1.0,30.0,0.0,1.0,2.0,0.0,1.0,2.0,2.0,0.0,15,8,2,0.5,0.0,1.0,0.0,0.5333333333333333,0.18
C10460,Customer_461,46,East,Standard,131984,8,1,48,58927.04,1227.6466666666668,4.0,24.0,0.0,3.0,5.0,2.0,1.0,0.0,0.0,0.0,17,4,2,0.2,0.4,0.75,0.0,0.23529411764705882,0.236
C10461,Customer_462,57,Central,Premium,27204,78,0,55,89634.44,1629.717090909091,1.0,16.0,0.0,0.0,3.0,1.0,1.0,2.0,0.0,0.0,4,0,3,0.3333333333333333,0.3333333333333333,0.0,0.0,0.0,0.13166666666666665
C10462,Customer_463,46,East,Standard,117769,113,0,64,102590.12,1602.970625,2.0,12.0,0.0,1.0,4.0,2.0,0.0,1.0,0.0,1.0,9,2,3,0.0,0.5,0.5,1.0,0.2222222222222222,0.175
C10463,Customer_464,43,South,Standard,112265,59,0,59,80204.54,1359.3989830508474,4.0,20.25,0.0,0.0,8.0,3.0,3.0,3.0,2.0,1.0,4,1,0,0.375,0.375,0.0,0.3333333333333333,0.25,0.25666666666666665
C10464,Customer_465,29,West,Standard,56131,106,0,49,71746.38,1464.2118367346939,2.0,13.0,0.0,0.0,6.0,3.0,2.0,1.0,1.0,0.0,11,5,2,0.3333333333333333,0.5,0.0,0.0,0.45454545454545453,0.11666666666666667
C10465,Customer_466,32,North,Standard,77428,38,0,53,98745.58,1863.1241509433962,4.0,11.0,1.0,2.0,6.0,2.0,1.0,2.0,2.0,0.0,7,2,0,0.16666666666666666,0.3333333333333333,0.5,0.0,0.2857142857142857,0.19333333333333333
C10466,Customer_467,21,West,Standard,58870,81,0,47,75251.28,1601.0910638297871,6.0,9.666666666666666,0.0,4.0,4.0,2.0,0.0,3.0,1.0,0.0,15,1,3,0.0,0.5,0.6666666666666666,0.0,0.06666666666666667,0.25
C10467,Customer_468,21,Central,Standard,128547,94,0,57,114325.17,2005.7047368421051,3.0,18.666666666666668,0.0,1.0,3.0,2.0,0.0,0.0,0.0,0.0,13,2,5,0.0,0.6666666666666666,0.3333333333333333,0.0,0.15384615384615385,0.10999999999999999
C10468,Customer_469,67,North,Standard,74067,118,0,50,101683.48,2033.6696,2.0,14.5,0.0,1.0,9.0,5.0,1.0,3.0,3.0,0.0,11,3,1,0.1111111111111111,0.5555555555555556,0.5,0.0,0.2727272727272727,0.1338888888888889
C10469,Customer_470,54,Central,Premium,214657,59,0,36,62398.69,1733.2969444444445,4.0,13.0,1.0,0.0,4.0,1.0,1.0,4.0,3.0,1.0,7,0,2,0.25,0.25,0.0,0.25,0.0,0.15250000000000002
C10470,Customer_471,52,South,Standard,137217,51,1,45,76319.83,1695.9962222222223,4.0,19.25,1.0,0.0,6.0,2.0,0.0,1.0,1.0,0.0,14,1,3,0.0,0.3333333333333333,0.0,0.0,0.07142857142857142,0.08
C10471,Customer_472,68,North,Premium,177679,47,0,54,125531.55,2324.6583333333333,3.0,18.333333333333332,0.0,0.0,7.0,1.0,3.0,1.0,1.0,0.0,16,5,4,0.42857142857142855,0.14285714285714285,0.0,0.0,0.3125,0.15928571428571428
C10472,Customer_473,45,Central,Standard,181040,84,1,45,68690.51,1526.4557777777777,1.0,20.0,0.0,1.0,1.0,0.0,1.0,0.0,0.0,0.0,11,3,2,1.0,0.0,1.0,0.0,0.2727272727272727,0.22
C10473,Customer_474,60,South,Standard,123934,68,0,55,116595.47,2119.9176363636366,5.0,13.2,1.0,2.0,7.0,7.0,0.0,1.0,0.0,1.0,10,1,2,0.0,1.0,0.4,1.0,0.1,0.239
C10474,Customer_475,65,West,Premium,167980,79,0,56,94742.21,1691.8251785714288,3.0,16.0,0.0,0.0,5.0,1.0,4.0,1.0,1.0,0.0,10,2,2,0.8,0.2,0.0,0.0,0.2,0.20900000000000002
C10475,Customer_476,21,South,Standard,182495,47,0,55,112970.01,2054.0001818181818,6.0,14.833333333333334,2.0,3.0,10.0,5.0,4.0,3.0,2.0,1.0,13,2,3,0.4,0.5,0.5,0.3333333333333333,0.15384615384615385,0.36366666666666675
C10476,Customer_477,36,East,Standard,99707,120,1,48,65018.14,1354.5445833333333,3.0,19.666666666666668,1.0,1.0,4.0,3.0,0.0,1.0,1.0,0.0,10,3,0,0.0,0.75,0.3333333333333333,0.0,0.3,0.10999999999999999
C10477,Customer_478,59,South,Standard,234329,81,0,46,71606.74,1556.6682608695653,2.0,13.5,0.0,0.0,4.0,1.0,1.0,6.0,5.0,1.0,14,1,2,0.25,0.25,0.0,0.16666666666666666,0.07142857142857142,0.11833333333333335
C10478,Customer_479,25,South,Premium,86215,22,0,42,69222.26,1648.1490476190475,1.0,12.0,1.0,0.0,7.0,2.0,1.0,4.0,2.0,1.0,9,1,2,0.14285714285714285,0.2857142857142857,0.0,0.25,0.1111111111111111,0.09892857142857144
C10479,Customer_480,42,East,Standard,211907,66,0,50,82335.25,1646.705,1.0,27.0,0.0,0.0,2.0,0.0,1.0,3.0,3.0,0.0,10,2,5,0.5,0.0,0.0,0.0,0.2,0.095
C10480,Customer_481,49,Central,Standard,74429,95,0,44,70255.92,1596.7254545454546,5.0,11.4,1.0,2.0,4.0,1.0,1.0,1.0,1.0,0.0,10,2,2,0.25,0.25,0.4,0.0,0.2,0.209
C10481,Customer_482,23,Central,Premium,107152,108,0,53,88318.22,1666.3815094339623,5.0,18.8,1.0,2.0,2.0,0.0,0.0,0.0,0.0,0.0,6,0,3,0.0,0.0,0.4,0.0,0.0,0.169
C10482,Customer_483,32,South,Standard,133048,95,0,50,75499.61,1509.9922,2.0,13.5,0.0,0.0,10.0,3.0,3.0,3.0,1.0,1.0,11,1,1,0.3,0.3,0.0,0.3333333333333333,0.09090909090909091,0.17066666666666666
C10483,Customer_484,46,East,Premium,194530,69,0,44,62536.89,1421.2929545454544,3.0,14.333333333333334,0.0,0.0,4.0,1.0,2.0,2.0,1.0,1.0,9,2,1,0.5,0.25,0.0,0.5,0.2222222222222222,0.19
C10484,Customer_485,36,East,Premium,202241,85,0,42,61998.21,1476.1478571428572,1.0,14.0,0.0,0.0,6.0,2.0,2.0,1.0,1.0,0.0,8,1,1,0.3333333333333333,0.3333333333333333,0.0,0.0,0.125,0.10166666666666668
C10485,Customer_486,57,West,Business,163731,5,0,49,64301.49,1312.275306122449,2.0,7.0,2.0,1.0,8.0,4.0,3.0,3.0,3.0,0.0,12,1,0,0.375,0.5,0.5,0.0,0.08333333333333333,0.195
C10486,Customer_487,42,Central,Standard,216686,56,1,59,121501.78,2059.3522033898303,1.0,17.0,1.0,0.0,6.0,3.0,2.0,4.0,4.0,0.0,9,2,1,0.3333333333333333,0.5,0.0,0.0,0.2222222222222222,0.10166666666666668
C10487,Customer_488,49,North,Premium,102240,80,0,42,98485.14,2344.884285714286,3.0,15.0,0.0,0.0,2.0,1.0,0.0,5.0,2.0,3.0,7,1,1,0.0,0.5,0.0,0.6,0.14285714285714285,0.155
C10488,Customer_489,34,Central,Standard,188865,66,0,45,97995.19,2177.670888888889,2.0,13.5,0.0,0.0,4.0,2.0,1.0,3.0,3.0,0.0,5,0,2,0.25,0.5,0.0,0.0,0.0,0.09000000000000001
C10489,Customer_490,48,Central,Standard,138688,42,0,38,47577.31,1252.0344736842105,4.0,18.75,0.0,0.0,3.0,1.0,2.0,2.0,1.0,1.0,9,1,1,0.6666666666666666,0.3333333333333333,0.0,0.5,0.1111111111111111,0.21833333333333332
C10490,Customer_491,25,West,Standard,71473,61,0,41,71756.88,1750.1678048780489,1.0,18.0,0.0,0.0,9.0,3.0,4.0,0.0,0.0,0.0,8,0,0,0.4444444444444444,0.3333333333333333,0.0,0.0,0.0,0.15055555555555555
C10491,Customer_492,67,North,Premium,121762,57,0,50,87546.97,1750.9394,4.0,22.0,2.0,2.0,8.0,7.0,0.0,0.0,0.0,0.0,5,0,3,0.0,0.875,0.5,0.0,0.0,0.16
C10492,Customer_493,69,West,Standard,245460,64,0,47,90152.14,1918.1306382978723,4.0,21.0,1.0,1.0,0.0,0.0,0.0,2.0,0.0,1.0,11,2,1,0.0,0.0,0.25,0.5,0.18181818181818182,0.165
C10493,Customer_494,50,North,Standard,244402,6,0,43,77001.06,1790.7223255813954,4.0,9.75,0.0,0.0,2.0,0.0,1.0,2.0,2.0,0.0,11,1,0,0.5,0.0,0.0,0.0,0.09090909090909091,0.14
C10494,Customer_495,66,South,Standard,131956,62,0,47,103611.21,2204.493829787234,2.0,4.5,0.0,0.0,3.0,2.0,0.0,1.0,1.0,0.0,9,2,4,0.0,0.6666666666666666,0.0,0.0,0.2222222222222222,0.05
C10495,Customer_496,25,North,Premium,143452,118,0,54,85525.45,1583.8046296296295,3.0,17.0,0.0,0.0,4.0,1.0,3.0,2.0,0.0,1.0,10,2,1,0.75,0.25,0.0,0.5,0.2,0.22999999999999998
C10496,Customer_497,32,West,Premium,211823,77,0,50,105909.95,2118.199,0.0,0.0,0.0,0.0,2.0,0.0,0.0,1.0,1.0,0.0,9,0,0,0.0,0.0,0.0,0.0,0.0,0.02
C10497,Customer_498,36,Central,Premium,151311,97,1,55,84475.24,1535.9134545454547,3.0,19.0,0.0,0.0,5.0,2.0,2.0,3.0,3.0,0.0,10,2,2,0.4,0.4,0.0,0.0,0.2,0.137
C10498,Customer_499,46,North,Standard,234987,109,0,49,79043.7,1613.1367346938775,6.0,14.5,0.0,2.0,4.0,1.0,1.0,1.0,1.0,0.0,10,1,3,0.25,0.25,0.3333333333333333,0.0,0.1,0.22
C10499,Customer_500,46,North,Standard,210326,98,0,50,99086.43000000001,1981.7286000000001,4.0,17.0,1.0,1.0,4.0,1.0,2.0,4.0,4.0,0.0,16,2,6,0.5,0.25,0.25,0.0,0.125,0.2
C10500,Customer_501,68,East,Premium,32006,93,0,48,82166.2,1711.7958333333333,3.0,9.666666666666666,0.0,0.0,5.0,4.0,0.0,1.0,1.0,0.0,10,1,6,0.0,0.8,0.0,0.0,0.1,0.065
C10501,Customer_502,41,Central,Standard,99218,32,0,59,122190.1,2071.0186440677967,2.0,18.0,0.0,0.0,8.0,1.0,1.0,1.0,0.0,0.0,13,3,6,0.125,0.125,0.0,0.0,0.23076923076923078,0.08
C10502,Customer_503,59,South,Standard,221416,109,0,64,123647.82,1931.9971875,4.0,12.5,1.0,1.0,4.0,1.0,3.0,0.0,0.0,0.0,10,1,1,0.75,0.25,0.25,0.0,0.1,0.24
C10503,Customer_504,56,West,Premium,189912,4,0,48,93366.96,1945.1450000000002,2.0,11.0,1.0,0.0,4.0,0.0,1.0,1.0,1.0,0.0,11,2,1,0.25,0.0,0.0,0.0,0.18181818181818182,0.09000000000000001
C10504,Customer_505,53,South,Business,57430,64,0,38,98371.77,2588.730789473684,2.0,17.0,0.0,0.0,4.0,2.0,2.0,4.0,3.0,1.0,10,2,1,0.5,0.5,0.0,0.25,0.2,0.1625
C10505,Customer_506,50,Central,Premium,48091,51,1,52,72416.61,1392.6271153846153,1.0,22.0,1.0,1.0,5.0,1.0,2.0,3.0,3.0,0.0,10,0,2,0.4,0.2,1.0,0.0,0.0,0.192
C10506,Customer_507,57,North,Premium,189055,11,0,38,68881.07,1812.6597368421055,3.0,12.333333333333334,1.0,2.0,2.0,1.0,0.0,3.0,3.0,0.0,14,0,2,0.0,0.5,0.6666666666666666,0.0,0.0,0.155
C10507,Customer_508,43,North,Business,48989,94,0,50,95401.57,1908.0314,1.0,27.0,0.0,1.0,3.0,2.0,0.0,4.0,2.0,0.0,4,0,2,0.0,0.6666666666666666,1.0,0.0,0.0,0.16999999999999998
C10508,Customer_509,30,Central,Standard,100451,33,0,70,105270.21,1503.860142857143,2.0,13.0,1.0,0.0,5.0,0.0,1.0,1.0,1.0,0.0,13,4,4,0.2,0.0,0.0,0.0,0.3076923076923077,0.08600000000000001
C10509,Customer_510,25,North,Standard,43990,100,0,35,61991.49,1771.1854285714285,3.0,6.333333333333333,0.0,0.0,1.0,0.0,1.0,2.0,2.0,0.0,7,0,2,1.0,0.0,0.0,0.0,0.0,0.165
C10510,Customer_511,56,North,Business,115270,63,0,54,95358.62,1765.9003703703702,5.0,16.8,1.0,0.0,4.0,0.0,3.0,2.0,2.0,0.0,9,2,1,0.75,0.0,0.0,0.0,0.2222222222222222,0.215
C10511,Customer_512,54,North,Standard,105360,81,0,49,80974.0,1652.530612244898,4.0,8.0,0.0,0.0,3.0,1.0,1.0,0.0,0.0,0.0,9,2,2,0.3333333333333333,0.3333333333333333,0.0,0.0,0.2222222222222222,0.12666666666666668
C10512,Customer_513,51,West,Premium,61081,50,0,47,76963.72,1637.5259574468084,2.0,17.0,0.0,0.0,11.0,7.0,4.0,2.0,2.0,0.0,13,5,1,0.36363636363636365,0.6363636363636364,0.0,0.0,0.38461538461538464,0.1590909090909091
C10513,Customer_514,30,West,Standard,167105,27,0,45,83548.18000000001,1856.6262222222224,1.0,20.0,0.0,0.0,2.0,0.0,0.0,2.0,2.0,0.0,8,1,4,0.0,0.0,0.0,0.0,0.125,0.035
C10514,Customer_515,39,East,Standard,133272,38,1,47,79330.03,1687.8729787234042,2.0,11.0,0.0,0.0,3.0,1.0,1.0,1.0,1.0,0.0,12,4,2,0.3333333333333333,0.3333333333333333,0.0,0.0,0.3333333333333333,0.09666666666666668
C10515,Customer_516,52,South,Premium,41241,10,1,58,74126.1,1278.036206896552,5.0,7.6,0.0,2.0,4.0,2.0,1.0,1.0,1.0,0.0,7,2,1,0.25,0.5,0.4,0.0,0.2857142857142857,0.209
C10516,Customer_517,21,Central,Business,149932,75,0,51,99266.18,1946.3956862745097,2.0,15.5,1.0,1.0,3.0,2.0,0.0,1.0,1.0,0.0,11,5,1,0.0,0.6666666666666666,0.5,0.0,0.45454545454545453,0.10500000000000001
C10517,Customer_518,25,Central,Premium,30939,60,0,55,103955.90000000001,1890.1072727272729,2.0,14.5,0.0,0.0,5.0,1.0,0.0,1.0,1.0,0.0,4,1,2,0.0,0.2,0.0,0.0,0.25,0.1
C10518,Customer_519,65,Central,Standard,138000,103,0,57,118102.75,2071.9780701754385,7.0,20.142857142857142,1.0,0.0,4.0,2.0,1.0,2.0,1.0,1.0,10,4,3,0.25,0.5,0.0,0.5,0.4,0.20999999999999996
C10519,Customer_520,24,East,Premium,203634,114,0,49,64902.27,1324.5361224489795,2.0,8.0,0.0,1.0,5.0,3.0,1.0,0.0,0.0,0.0,7,2,0,0.2,0.6,0.5,0.0,0.2857142857142857,0.14100000000000001
C10520,Customer_521,36,West,Standard,60063,47,0,51,91434.03,1792.8241176470588,1.0,27.0,0.0,0.0,5.0,3.0,2.0,4.0,3.0,1.0,9,0,2,0.4,0.6,0.0,0.25,0.0,0.1395
C10521,Customer_522,44,East,Standard,232793,64,0,59,113573.77,1924.979152542373,5.0,12.0,2.0,3.0,7.0,4.0,0.0,0.0,0.0,0.0,12,2,4,0.0,0.5714285714285714,0.6,0.0,0.16666666666666666,0.20600000000000002
C10522,Customer_523,36,Central,Standard,183117,41,0,49,114614.99,2339.0814285714287,9.0,7.777777777777778,1.0,3.0,5.0,2.0,3.0,2.0,1.0,0.0,9,4,2,0.6,0.4,0.3333333333333333,0.0,0.4444444444444444,0.35800000000000004
C10523,Customer_524,22,South,Standard,200841,98,0,62,102832.67,1658.5914516129033,3.0,11.333333333333334,2.0,2.0,2.0,1.0,1.0,1.0,1.0,0.0,8,1,1,0.5,0.5,0.6666666666666666,0.0,0.125,0.21499999999999997
C10524,Customer_525,69,North,Standard,72118,60,0,64,122645.22,1916.3315625,4.0,17.75,0.0,1.0,2.0,0.0,1.0,3.0,2.0,1.0,7,0,1,0.5,0.0,0.25,0.3333333333333333,0.0,0.21666666666666665
C10525,Customer_526,48,West,Business,109703,118,0,46,63843.29,1387.8976086956523,3.0,13.333333333333334,0.0,2.0,5.0,2.0,2.0,2.0,2.0,0.0,13,0,4,0.4,0.4,0.6666666666666666,0.0,0.0,0.22699999999999998
C10526,Customer_527,52,West,Premium,177697,83,0,56,81240.52,1450.7235714285714,5.0,20.8,0.0,1.0,6.0,2.0,2.0,2.0,1.0,1.0,9,1,1,0.3333333333333333,0.3333333333333333,0.2,0.5,0.1111111111111111,0.24366666666666667
C10527,Customer_528,47,East,Premium,153557,101,1,60,121113.31,2018.5551666666665,3.0,7.666666666666667,1.0,1.0,3.0,0.0,1.0,4.0,1.0,3.0,4,1,1,0.3333333333333333,0.0,0.3333333333333333,0.75,0.25,0.30416666666666664
C10528,Customer_529,40,West,Standard,52076,103,1,54,106948.62,1980.53,4.0,16.25,0.0,1.0,3.0,2.0,1.0,3.0,2.0,1.0,6,2,1,0.3333333333333333,0.6666666666666666,0.25,0.3333333333333333,0.3333333333333333,0.20333333333333334
C10529,Customer_530,44,Central,Business,220877,85,0,63,134432.49,2133.8490476190473,3.0,17.333333333333332,2.0,1.0,5.0,3.0,2.0,3.0,3.0,0.0,13,3,4,0.4,0.6,0.3333333333333333,0.0,0.23076923076923078,0.182
C10530,Customer_531,32,Central,Business,69605,66,0,58,106455.22,1835.434827586207,2.0,11.0,1.0,0.0,9.0,7.0,2.0,5.0,4.0,0.0,11,5,2,0.2222222222222222,0.7777777777777778,0.0,0.0,0.45454545454545453,0.10777777777777778
C10531,Customer_532,70,East,Premium,109565,46,0,48,60854.84,1267.8091666666667,2.0,26.5,0.0,0.0,4.0,2.0,2.0,2.0,1.0,1.0,8,2,2,0.5,0.5,0.0,0.5,0.25,0.175
C10532,Customer_533,55,Central,Standard,244581,31,0,56,116423.31999999999,2078.987857142857,3.0,20.0,1.0,2.0,7.0,3.0,3.0,1.0,0.0,1.0,16,1,3,0.42857142857142855,0.42857142857142855,0.6666666666666666,1.0,0.0625,0.3192857142857143
C10533,Customer_534,53,South,Standard,64121,61,0,47,88824.81999999999,1889.8897872340424,4.0,15.5,1.0,1.0,4.0,3.0,1.0,3.0,2.0,1.0,10,1,3,0.25,0.75,0.25,0.3333333333333333,0.1,0.19666666666666668
C10534,Customer_535,53,East,Standard,221173,73,0,49,61136.25,1247.6785714285713,6.0,9.666666666666666,1.0,2.0,11.0,2.0,1.0,2.0,2.0,0.0,14,4,2,0.09090909090909091,0.18181818181818182,0.3333333333333333,0.0,0.2857142857142857,0.20727272727272725
C10535,Customer_536,63,South,Standard,56433,94,0,46,59644.22,1296.6134782608697,0.0,0.0,0.0,0.0,6.0,3.0,1.0,2.0,1.0,1.0,12,4,4,0.16666666666666666,0.5,0.0,0.5,0.3333333333333333,0.09833333333333333
C10536,Customer_537,57,North,Standard,68309,11,0,51,100894.71,1978.3276470588237,5.0,11.6,1.0,1.0,6.0,1.0,1.0,3.0,2.0,0.0,9,3,0,0.16666666666666666,0.16666666666666666,0.2,0.0,0.3333333333333333,0.16533333333333333
C10537,Customer_538,32,South,Business,92468,94,0,54,114244.82,2115.644814814815,6.0,12.333333333333334,1.0,2.0,0.0,0.0,0.0,2.0,2.0,0.0,8,2,1,0.0,0.0,0.3333333333333333,0.0,0.25,0.18
C10538,Customer_539,23,North,Standard,200326,8,0,43,81170.46,1887.68511627907,4.0,18.0,0.0,2.0,7.0,3.0,4.0,5.0,4.0,1.0,11,1,4,0.5714285714285714,0.42857142857142855,0.5,0.2,0.09090909090909091,0.3157142857142857
C10539,Customer_540,21,North,Standard,92293,31,1,54,95010.08,1759.4459259259258,3.0,20.0,0.0,1.0,3.0,2.0,0.0,2.0,0.0,1.0,10,1,1,0.0,0.6666666666666666,0.3333333333333333,0.5,0.1,0.15499999999999997
C10540,Customer_541,53,South,Standard,121258,60,0,58,115092.88,1984.3600000000001,0.0,0.0,0.0,0.0,1.0,1.0,0.0,3.0,2.0,0.0,6,1,0,0.0,1.0,0.0,0.0,0.16666666666666666,0.02
C10541,Customer_542,60,East,Standard,193925,19,0,54,76082.2,1408.9296296296295,1.0,23.0,0.0,1.0,6.0,2.0,2.0,0.0,0.0,0.0,8,3,2,0.3333333333333333,0.3333333333333333,1.0,0.0,0.375,0.18666666666666668
C10542,Customer_543,30,Central,Standard,63405,18,0,60,100144.35,1669.0725,2.0,13.0,2.0,0.0,4.0,1.0,1.0,2.0,1.0,0.0,11,1,4,0.25,0.25,0.0,0.0,0.09090909090909091,0.09000000000000001
C10543,Customer_544,63,Central,Standard,222724,89,0,42,75287.67,1792.5635714285713,6.0,12.0,1.0,2.0,4.0,1.0,2.0,2.0,1.0,1.0,11,2,4,0.5,0.25,0.3333333333333333,0.5,0.18181818181818182,0.30500000000000005
C10544,Customer_545,64,North,Standard,68527,97,0,44,56564.05,1285.546590909091,3.0,24.666666666666668,1.0,0.0,5.0,2.0,1.0,2.0,2.0,0.0,7,2,1,0.2,0.4,0.0,0.0,0.2857142857142857,0.101
C10545,Customer_546,49,North,Premium,102227,5,0,45,99260.18000000001,2205.7817777777777,4.0,16.5,0.0,1.0,3.0,2.0,0.0,2.0,2.0,0.0,11,3,2,0.0,0.6666666666666666,0.25,0.0,0.2727272727272727,0.12000000000000001
C10546,Customer_547,33,East,Business,156564,23,1,58,96601.37,1665.5408620689655,1.0,25.0,1.0,1.0,5.0,2.0,2.0,3.0,1.0,2.0,8,1,1,0.4,0.4,1.0,0.6666666666666666,0.125,0.26533333333333337
C10547,Customer_548,32,West,Standard,249490,66,0,50,100805.17,2016.1034,6.0,15.166666666666666,0.0,1.0,3.0,1.0,1.0,3.0,1.0,2.0,5,1,2,0.3333333333333333,0.3333333333333333,0.16666666666666666,0.6666666666666666,0.2,0.265
C10548,Customer_549,51,South,Standard,164883,92,0,55,82903.74,1507.3407272727275,5.0,16.8,1.0,1.0,5.0,2.0,1.0,0.0,0.0,0.0,16,4,3,0.2,0.4,0.2,0.0,0.25,0.168
C10549,Customer_550,66,North,Premium,118344,38,0,58,95674.15,1649.5543103448274,4.0,16.5,1.0,0.0,8.0,3.0,2.0,2.0,1.0,1.0,8,1,4,0.25,0.375,0.0,0.5,0.125,0.18499999999999997
C10550,Customer_551,22,Central,Standard,180344,108,0,43,65290.23,1518.3774418604653,3.0,9.333333333333334,1.0,1.0,4.0,0.0,3.0,2.0,2.0,0.0,11,1,4,0.75,0.0,0.3333333333333333,0.0,0.09090909090909091,0.22999999999999998
C10551,Customer_552,70,East,Standard,228082,103,0,40,52425.1,1310.6275,5.0,12.2,1.0,1.0,5.0,1.0,3.0,0.0,0.0,0.0,17,6,4,0.6,0.2,0.2,0.0,0.35294117647058826,0.24000000000000002
C10552,Customer_553,55,South,Premium,248564,119,0,52,69204.96,1330.8646153846155,5.0,10.2,0.0,0.0,4.0,3.0,1.0,4.0,3.0,1.0,9,0,3,0.25,0.75,0.0,0.25,0.0,0.1675
C10553,Customer_554,43,East,Standard,72153,88,0,50,145960.1,2919.202,5.0,23.0,0.0,1.0,6.0,1.0,3.0,2.0,2.0,0.0,7,1,0,0.5,0.16666666666666666,0.2,0.0,0.14285714285714285,0.232
C10554,Customer_555,37,South,Premium,133042,64,0,50,99914.53,1998.2906,2.0,18.5,0.0,0.0,5.0,2.0,0.0,1.0,1.0,0.0,7,1,3,0.0,0.4,0.0,0.0,0.14285714285714285,0.05
C10555,Customer_556,46,South,Standard,79110,44,0,54,91074.18,1686.5588888888888,3.0,23.666666666666668,1.0,0.0,8.0,5.0,1.0,3.0,2.0,1.0,6,4,0,0.125,0.625,0.0,0.3333333333333333,0.6666666666666666,0.13166666666666668
C10556,Customer_557,28,North,Standard,170051,78,0,44,77209.85,1754.7693181818183,2.0,14.0,0.0,0.0,6.0,2.0,2.0,3.0,3.0,0.0,7,0,2,0.3333333333333333,0.3333333333333333,0.0,0.0,0.0,0.11666666666666667
C10557,Customer_558,49,East,Standard,53328,44,1,56,82338.56,1470.3314285714284,3.0,23.0,0.0,0.0,4.0,0.0,2.0,0.0,0.0,0.0,14,2,2,0.5,0.0,0.0,0.0,0.14285714285714285,0.14500000000000002
C10558,Customer_559,46,East,Premium,137911,63,0,46,86406.26,1878.396956521739,2.0,13.5,1.0,0.0,2.0,0.0,0.0,3.0,2.0,1.0,6,0,1,0.0,0.0,0.0,0.3333333333333333,0.0,0.08666666666666667
C10559,Customer_560,30,Central,Standard,37867,15,0,61,125633.82,2059.570819672131,1.0,1.0,1.0,1.0,4.0,0.0,3.0,2.0,2.0,0.0,8,1,2,0.75,0.0,1.0,0.0,0.125,0.24
C10560,Customer_561,46,Central,Standard,84234,13,0,62,96049.7,1549.1887096774194,4.0,19.0,2.0,0.0,5.0,3.0,2.0,6.0,3.0,3.0,9,3,2,0.4,0.6,0.0,0.5,0.3333333333333333,0.237
C10561,Customer_562,54,North,Premium,50851,56,1,52,77090.13,1482.5025,4.0,18.75,0.0,2.0,10.0,6.0,2.0,4.0,3.0,0.0,10,1,1,0.2,0.6,0.5,0.0,0.1,0.216
C10562,Customer_563,61,North,Standard,56279,18,1,47,148569.89,3161.0614893617026,2.0,13.0,1.0,0.0,6.0,2.0,2.0,3.0,2.0,1.0,9,0,1,0.3333333333333333,0.3333333333333333,0.0,0.3333333333333333,0.0,0.15333333333333332
C10563,Customer_564,27,West,Standard,98402,10,1,40,77608.08,1940.202,5.0,14.0,1.0,2.0,0.0,0.0,0.0,2.0,1.0,0.0,13,2,2,0.0,0.0,0.4,0.0,0.15384615384615385,0.169
C10564,Customer_565,24,Central,Premium,40449,106,0,57,77460.63,1358.9584210526316,4.0,7.0,1.0,1.0,9.0,3.0,2.0,0.0,0.0,0.0,11,3,2,0.2222222222222222,0.3333333333333333,0.25,0.0,0.2727272727272727,0.17777777777777776
C10565,Customer_566,70,South,Standard,101221,61,0,62,111632.12,1800.518064516129,2.0,24.0,0.0,0.0,7.0,6.0,1.0,0.0,0.0,0.0,11,1,3,0.14285714285714285,0.8571428571428571,0.0,0.0,0.09090909090909091,0.08142857142857143
C10566,Customer_567,65,East,Premium,114080,59,0,50,116169.41,2323.3882,2.0,17.5,2.0,0.0,13.0,9.0,3.0,2.0,2.0,0.0,9,2,3,0.23076923076923078,0.6923076923076923,0.0,0.0,0.2222222222222222,0.12846153846153846
C10567,Customer_568,31,North,Premium,30451,42,0,60,101175.66,1686.261,1.0,14.0,0.0,0.0,5.0,3.0,1.0,1.0,1.0,0.0,13,1,2,0.2,0.6,0.0,0.0,0.07692307692307693,0.07100000000000001
C10568,Customer_569,49,East,Premium,112178,111,0,42,85893.8,2045.0904761904762,1.0,23.0,1.0,0.0,7.0,4.0,1.0,1.0,1.0,0.0,12,2,4,0.14285714285714285,0.5714285714285714,0.0,0.0,0.16666666666666666,0.06642857142857143
C10569,Customer_570,56,East,Standard,197388,61,0,61,164728.07,2700.4601639344264,5.0,14.2,1.0,2.0,4.0,2.0,2.0,1.0,1.0,0.0,10,4,4,0.5,0.5,0.4,0.0,0.4,0.24900000000000003
C10570,Customer_571,45,West,Business,219136,4,0,54,131092.59,2427.6405555555557,7.0,18.142857142857142,2.0,1.0,4.0,3.0,0.0,4.0,4.0,0.0,9,1,4,0.0,0.75,0.14285714285714285,0.0,0.1111111111111111,0.15857142857142856
C10571,Customer_572,41,Central,Standard,88761,96,0,42,80808.81,1924.0192857142856,3.0,20.333333333333332,0.0,1.0,10.0,5.0,1.0,2.0,1.0,1.0,10,3,1,0.1,0.5,0.3333333333333333,0.5,0.3,0.18299999999999997
C10572,Customer_573,56,North,Premium,63870,96,0,66,144593.98,2190.8178787878787,5.0,14.6,0.0,1.0,9.0,4.0,3.0,5.0,4.0,0.0,7,1,0,0.3333333333333333,0.4444444444444444,0.2,0.0,0.14285714285714285,0.21866666666666668
C10573,Customer_574,30,East,Standard,121566,78,0,52,64431.78,1239.0726923076923,2.0,23.5,0.0,0.0,3.0,1.0,0.0,2.0,1.0,0.0,10,5,2,0.0,0.3333333333333333,0.0,0.0,0.5,0.05
C10574,Customer_575,57,North,Standard,148749,12,0,56,84286.55,1505.1169642857144,3.0,18.666666666666668,1.0,2.0,5.0,0.0,4.0,0.0,0.0,0.0,7,2,1,0.8,0.0,0.6666666666666666,0.0,0.2857142857142857,0.299
C10575,Customer_576,29,South,Standard,148765,46,0,56,103960.26,1856.4332142857143,2.0,19.0,0.0,0.0,4.0,1.0,2.0,1.0,1.0,0.0,7,2,1,0.5,0.25,0.0,0.0,0.2857142857142857,0.13
C10576,Customer_577,44,West,Business,149881,13,1,50,86317.62,1726.3524,4.0,14.75,0.0,2.0,6.0,1.0,3.0,3.0,1.0,1.0,7,2,1,0.5,0.16666666666666666,0.5,0.3333333333333333,0.2857142857142857,0.2966666666666667
C10577,Customer_578,55,South,Business,186945,81,0,46,77293.43,1680.291956521739,3.0,18.0,0.0,0.0,5.0,5.0,0.0,1.0,0.0,0.0,6,3,1,0.0,1.0,0.0,0.0,0.5,0.065
C10578,Customer_579,69,North,Standard,153389,82,0,60,104189.73,1736.4955,4.0,17.75,0.0,2.0,3.0,0.0,0.0,2.0,1.0,1.0,12,1,0,0.0,0.0,0.5,0.5,0.08333333333333333,0.205
C10579,Customer_580,55,North,Standard,214699,83,0,54,111556.84,2065.8674074074074,3.0,8.0,1.0,2.0,3.0,1.0,1.0,2.0,1.0,0.0,9,0,2,0.3333333333333333,0.3333333333333333,0.6666666666666666,0.0,0.0,0.20166666666666666
C10580,Customer_581,68,Central,Premium,222227,92,0,57,99043.76,1737.6098245614035,3.0,15.333333333333334,2.0,0.0,4.0,2.0,0.0,2.0,2.0,0.0,10,1,5,0.0,0.5,0.0,0.0,0.1,0.065
C10581,Customer_582,56,East,Standard,50372,4,0,55,120940.93000000001,2198.926,3.0,21.0,0.0,2.0,6.0,3.0,0.0,3.0,1.0,1.0,13,3,4,0.0,0.5,0.6666666666666666,0.3333333333333333,0.23076923076923078,0.19166666666666665
C10582,Customer_583,38,East,Standard,28642,52,0,59,88439.1,1498.9677966101697,2.0,7.0,0.0,1.0,6.0,3.0,3.0,2.0,2.0,0.0,8,1,2,0.5,0.5,0.5,0.0,0.125,0.205
C10583,Customer_584,69,South,Premium,184073,14,0,59,126300.2,2140.681355932203,4.0,15.25,0.0,3.0,7.0,3.0,1.0,4.0,4.0,0.0,12,1,3,0.14285714285714285,0.42857142857142855,0.75,0.0,0.08333333333333333,0.23142857142857143
C10584,Customer_585,59,West,Standard,59064,117,0,54,95152.69,1762.0868518518519,7.0,9.571428571428571,2.0,2.0,5.0,1.0,1.0,3.0,2.0,0.0,9,0,2,0.2,0.2,0.2857142857142857,0.0,0.0,0.2281428571428571
C10585,Customer_586,52,East,Business,39122,92,0,49,82532.22,1684.3310204081633,0.0,0.0,0.0,0.0,5.0,2.0,1.0,1.0,1.0,0.0,5,2,1,0.2,0.4,0.0,0.0,0.4,0.056
C10586,Customer_587,44,Central,Standard,180892,25,0,46,73569.71,1599.3415217391305,1.0,18.0,0.0,0.0,7.0,4.0,1.0,1.0,1.0,0.0,9,2,1,0.14285714285714285,0.5714285714285714,0.0,0.0,0.2222222222222222,0.06642857142857143
C10587,Customer_588,43,South,Standard,93431,20,1,49,60757.48,1239.9485714285715,0.0,0.0,0.0,0.0,4.0,1.0,2.0,2.0,0.0,1.0,16,6,3,0.5,0.25,0.0,0.5,0.375,0.14500000000000002
C10588,Customer_589,52,South,Standard,80745,64,1,50,108976.35,2179.527,0.0,0.0,0.0,0.0,8.0,2.0,3.0,1.0,1.0,0.0,3,1,1,0.375,0.25,0.0,0.0,0.3333333333333333,0.16
C10589,Customer_590,57,Central,Premium,75081,98,0,59,109790.69,1860.8591525423728,1.0,25.0,0.0,0.0,2.0,1.0,0.0,1.0,0.0,0.0,15,2,4,0.0,0.5,0.0,0.0,0.13333333333333333,0.035
C10590,Customer_591,32,West,Standard,226974,115,0,39,84271.4,2160.805128205128,0.0,0.0,0.0,0.0,12.0,4.0,3.0,1.0,1.0,0.0,11,0,2,0.25,0.3333333333333333,0.0,0.0,0.0,0.1
C10591,Customer_592,69,Central,Premium,164783,64,0,53,116959.53,2206.7835849056605,3.0,14.666666666666666,0.0,0.0,4.0,2.0,0.0,1.0,1.0,0.0,9,0,1,0.0,0.5,0.0,0.0,0.0,0.065
C10592,Customer_593,33,West,Standard,241204,40,1,45,75544.83,1678.7740000000001,3.0,15.0,0.0,2.0,5.0,1.0,2.0,2.0,2.0,0.0,15,4,4,0.4,0.2,0.6666666666666666,0.0,0.26666666666666666,0.22699999999999998
C10593,Customer_594,43,Central,Premium,174865,113,0,57,85568.37,1501.1994736842105,1.0,8.0,0.0,0.0,6.0,6.0,0.0,2.0,1.0,1.0,12,3,3,0.0,1.0,0.0,0.5,0.25,0.08000000000000002
C10594,Customer_595,45,Central,Standard,164271,69,0,46,62272.28,1353.7452173913043,4.0,19.75,0.0,2.0,6.0,4.0,1.0,1.0,1.0,0.0,4,1,1,0.16666666666666666,0.6666666666666666,0.5,0.0,0.25,0.24333333333333335
C10595,Customer_596,55,North,Standard,101253,40,0,51,77987.51,1529.166862745098,2.0,21.5,1.0,0.0,5.0,3.0,0.0,4.0,3.0,1.0,10,1,4,0.0,0.6,0.0,0.25,0.1,0.0825
C10596,Customer_597,61,South,Premium,61191,69,0,53,122904.87,2318.959811320755,1.0,20.0,0.0,0.0,8.0,6.0,0.0,4.0,3.0,1.0,6,0,0,0.0,0.75,0.0,0.25,0.0,0.0675
C10597,Customer_598,50,Central,Standard,35211,96,0,47,80728.44,1717.6263829787235,3.0,19.666666666666668,0.0,1.0,5.0,1.0,1.0,2.0,2.0,0.0,13,3,4,0.2,0.2,0.3333333333333333,0.0,0.23076923076923078,0.146
C10598,Customer_599,37,Central,Standard,136086,63,0,62,148715.26,2398.6332258064517,2.0,22.5,1.0,0.0,2.0,1.0,1.0,1.0,1.0,0.0,11,2,1,0.5,0.5,0.0,0.0,0.18181818181818182,0.11000000000000001
C10599,Customer_600,69,East,Premium,219141,3,1,51,100965.45,1979.714705882353,7.0,16.142857142857142,0.0,1.0,8.0,6.0,2.0,2.0,1.0,1.0,10,1,2,0.25,0.75,0.14285714285714285,0.5,0.1,0.26357142857142857
C10600,Customer_601,40,South,Standard,244968,96,0,60,107348.91,1789.1485,3.0,22.0,1.0,0.0,6.0,4.0,2.0,3.0,3.0,0.0,11,0,3,0.3333333333333333,0.6666666666666666,0.0,0.0,0.0,0.13166666666666668
C10601,Customer_602,68,East,Premium,212818,47,0,49,80024.01,1633.1430612244897,3.0,22.333333333333332,0.0,2.0,2.0,1.0,0.0,3.0,1.0,0.0,6,3,1,0.0,0.5,0.6666666666666666,0.0,0.5,0.155
C10602,Customer_603,45,South,Standard,177614,98,1,46,98278.85,2136.496739130435,5.0,6.4,2.0,2.0,6.0,2.0,1.0,2.0,2.0,0.0,9,2,2,0.16666666666666666,0.3333333333333333,0.4,0.0,0.2222222222222222,0.20233333333333334
C10603,Customer_604,42,East,Premium,187384,30,1,47,83328.26,1772.9417021276595,1.0,22.0,0.0,0.0,6.0,3.0,1.0,3.0,1.0,2.0,12,1,4,0.16666666666666666,0.5,0.0,0.6666666666666666,0.08333333333333333,0.14166666666666666
C10604,Customer_605,33,Central,Standard,201314,23,1,49,76757.63,1566.4822448979594,2.0,6.5,0.0,1.0,8.0,3.0,2.0,2.0,2.0,0.0,13,3,2,0.25,0.375,0.5,0.0,0.23076923076923078,0.165
C10605,Customer_606,39,Central,Standard,126971,112,0,62,125671.29,2026.9562903225806,6.0,15.5,0.0,3.0,1.0,0.0,0.0,2.0,0.0,1.0,11,6,2,0.0,0.0,0.5,0.5,0.5454545454545454,0.26
C10606,Customer_607,69,North,Business,118783,15,0,50,84980.08,1699.6016,2.0,9.0,0.0,0.0,6.0,4.0,1.0,3.0,0.0,2.0,13,0,3,0.16666666666666666,0.6666666666666666,0.0,0.6666666666666666,0.0,0.15666666666666668
C10607,Customer_608,56,East,Premium,150681,29,0,48,92335.17,1923.649375,3.0,4.0,0.0,0.0,7.0,2.0,1.0,2.0,2.0,0.0,13,5,3,0.14285714285714285,0.2857142857142857,0.0,0.0,0.38461538461538464,0.09642857142857143
C10608,Customer_609,32,West,Standard,112893,102,0,43,77098.47,1792.9876744186047,5.0,13.6,0.0,2.0,8.0,4.0,3.0,3.0,3.0,0.0,8,1,2,0.375,0.5,0.4,0.0,0.125,0.259
C10609,Customer_610,61,North,Standard,211460,9,0,48,124744.59,2598.845625,1.0,20.0,0.0,1.0,2.0,1.0,0.0,1.0,1.0,0.0,7,1,0,0.0,0.5,1.0,0.0,0.14285714285714285,0.12
C10610,Customer_611,39,East,Premium,183763,24,1,45,83707.57,1860.1682222222223,4.0,18.25,1.0,0.0,4.0,1.0,0.0,2.0,2.0,0.0,3,0,1,0.0,0.25,0.0,0.0,0.0,0.13
C10611,Customer_612,32,East,Standard,102960,76,0,59,128301.67,2174.6045762711865,4.0,18.25,1.0,1.0,4.0,2.0,1.0,1.0,1.0,0.0,11,7,0,0.25,0.5,0.25,0.0,0.6363636363636364,0.16000000000000003
C10612,Customer_613,29,North,Premium,109388,105,0,34,57479.62,1690.5770588235296,4.0,16.75,1.0,1.0,3.0,2.0,1.0,5.0,3.0,2.0,10,1,3,0.3333333333333333,0.6666666666666666,0.25,0.4,0.1,0.22666666666666668
C10613,Customer_614,27,Central,Premium,47601,55,1,52,141995.05,2730.674038461538,1.0,4.0,0.0,0.0,4.0,2.0,0.0,3.0,1.0,2.0,11,4,3,0.0,0.5,0.0,0.6666666666666666,0.36363636363636365,0.10833333333333334
C10614,Customer_615,48,East,Standard,174092,81,0,55,104838.57,1906.1558181818184,3.0,8.666666666666666,2.0,0.0,3.0,2.0,0.0,2.0,2.0,0.0,9,2,3,0.0,0.6666666666666666,0.0,0.0,0.2222222222222222,0.065
C10615,Customer_616,34,Central,Standard,164227,81,0,41,70311.21,1714.9075609756098,1.0,25.0,0.0,0.0,2.0,0.0,2.0,4.0,3.0,1.0,14,1,2,1.0,0.0,0.0,0.25,0.07142857142857142,0.18750000000000003
C10616,Customer_617,51,North,Premium,225191,6,1,52,89724.61,1725.4732692307693,3.0,23.666666666666668,1.0,0.0,7.0,5.0,1.0,1.0,1.0,0.0,14,4,3,0.14285714285714285,0.7142857142857143,0.0,0.0,0.2857142857142857,0.09642857142857143
C10617,Customer_618,39,Central,Standard,237123,98,0,61,105805.67,1734.5191803278688,1.0,22.0,0.0,1.0,4.0,1.0,0.0,1.0,1.0,0.0,9,0,2,0.0,0.25,1.0,0.0,0.0,0.12
C10618,Customer_619,67,South,Standard,192849,25,0,54,93796.68000000001,1736.9755555555557,3.0,16.666666666666668,0.0,1.0,3.0,0.0,0.0,1.0,1.0,0.0,10,1,2,0.0,0.0,0.3333333333333333,0.0,0.1,0.10999999999999999
C10619,Customer_620,36,West,Business,44710,72,0,53,88171.84,1663.6196226415093,1.0,2.0,0.0,0.0,11.0,3.0,3.0,4.0,3.0,1.0,12,2,4,0.2727272727272727,0.2727272727272727,0.0,0.25,0.16666666666666666,0.14931818181818182
C10620,Customer_621,25,East,Standard,133714,90,0,53,84331.75,1591.1650943396226,3.0,23.333333333333332,2.0,1.0,5.0,4.0,0.0,0.0,0.0,0.0,9,3,1,0.0,0.8,0.3333333333333333,0.0,0.3333333333333333,0.10999999999999999
C10621,Customer_622,55,West,Premium,180604,86,0,38,74176.58,1952.0152631578949,3.0,18.333333333333332,0.0,1.0,3.0,1.0,0.0,2.0,2.0,0.0,10,1,1,0.0,0.3333333333333333,0.3333333333333333,0.0,0.1,0.10999999999999999
C10622,Customer_623,32,Central,Standard,153727,103,0,57,103301.31,1812.3036842105262,3.0,12.333333333333334,0.0,0.0,5.0,2.0,1.0,4.0,3.0,0.0,11,1,1,0.2,0.4,0.0,0.0,0.09090909090909091,0.101
C10623,Customer_624,45,East,Standard,174673,86,0,58,142690.57,2460.1822413793107,4.0,13.5,0.0,1.0,4.0,2.0,0.0,0.0,0.0,0.0,11,1,4,0.0,0.5,0.25,0.0,0.09090909090909091,0.12000000000000001
C10624,Customer_625,41,Central,Standard,88227,78,0,53,80706.31,1522.7605660377358,0.0,0.0,0.0,0.0,3.0,2.0,0.0,1.0,1.0,0.0,5,1,0,0.0,0.6666666666666666,0.0,0.0,0.2,0.02
C10625,Customer_626,56,South,Standard,161039,35,0,49,107409.17,2192.02387755102,6.0,16.666666666666668,0.0,3.0,2.0,0.0,1.0,2.0,1.0,0.0,11,2,3,0.5,0.0,0.5,0.0,0.18181818181818182,0.275
C10626,Customer_627,43,North,Standard,109289,30,0,46,94340.20999999999,2050.8741304347823,0.0,0.0,0.0,0.0,4.0,3.0,0.0,2.0,1.0,1.0,9,3,2,0.0,0.75,0.0,0.5,0.3333333333333333,0.065
C10627,Customer_628,36,East,Standard,176094,10,0,56,88218.87,1575.3369642857142,3.0,12.0,0.0,3.0,5.0,0.0,1.0,1.0,1.0,0.0,7,0,2,0.2,0.0,1.0,0.0,0.0,0.23600000000000002
C10628,Customer_629,59,South,Premium,199535,3,1,45,65092.41,1446.498,5.0,19.2,1.0,0.0,7.0,3.0,3.0,3.0,3.0,0.0,16,3,3,0.42857142857142855,0.42857142857142855,0.0,0.0,0.1875,0.18928571428571428
C10629,Customer_630,65,South,Standard,230743,39,0,38,100783.25,2652.190789473684,1.0,27.0,0.0,0.0,6.0,4.0,0.0,1.0,1.0,0.0,11,2,3,0.0,0.6666666666666666,0.0,0.0,0.18181818181818182,0.035
C10630,Customer_631,62,East,Standard,30722,65,0,44,115673.44,2628.9418181818182,3.0,21.666666666666668,1.0,1.0,2.0,1.0,0.0,2.0,1.0,1.0,8,3,3,0.0,0.5,0.3333333333333333,0.5,0.375,0.15499999999999997
C10631,Customer_632,59,Central,Standard,183485,24,0,48,76554.38,1594.8829166666667,4.0,11.75,0.0,2.0,6.0,1.0,3.0,1.0,1.0,0.0,14,6,2,0.5,0.16666666666666666,0.5,0.0,0.42857142857142855,0.26
C10632,Customer_633,34,South,Standard,248844,72,0,56,100292.44,1790.9364285714287,3.0,16.666666666666668,0.0,0.0,6.0,4.0,1.0,4.0,3.0,1.0,16,4,5,0.16666666666666666,0.6666666666666666,0.0,0.25,0.25,0.13083333333333336
C10633,Customer_634,51,West,Standard,106050,23,0,48,76540.22,1594.5879166666666,0.0,0.0,0.0,0.0,5.0,1.0,0.0,5.0,3.0,2.0,12,2,1,0.0,0.2,0.0,0.4,0.16666666666666666,0.08
C10634,Customer_635,25,South,Standard,241939,98,0,46,70838.54,1539.968260869565,3.0,15.0,1.0,0.0,4.0,2.0,1.0,1.0,1.0,0.0,9,0,3,0.25,0.5,0.0,0.0,0.0,0.10500000000000001
C10635,Customer_636,55,Central,Standard,108596,37,0,40,52197.56,1304.9389999999999,5.0,12.4,1.0,1.0,3.0,1.0,1.0,2.0,2.0,0.0,8,0,3,0.3333333333333333,0.3333333333333333,0.2,0.0,0.0,0.17866666666666667
C10636,Customer_637,43,Central,Standard,91732,81,0,60,89187.24,1486.4540000000002,4.0,20.5,0.0,1.0,5.0,1.0,4.0,0.0,0.0,0.0,9,1,2,0.8,0.2,0.25,0.0,0.1111111111111111,0.264
C10637,Customer_638,49,West,Standard,168369,7,0,50,89769.56,1795.3912,5.0,23.2,1.0,2.0,5.0,2.0,2.0,1.0,0.0,0.0,14,2,4,0.4,0.4,0.4,0.0,0.14285714285714285,0.24100000000000002
C10638,Customer_639,63,South,Premium,93323,62,0,52,68252.34,1312.5449999999998,2.0,20.0,0.0,0.0,3.0,1.0,2.0,3.0,2.0,1.0,9,1,2,0.6666666666666666,0.3333333333333333,0.0,0.3333333333333333,0.1111111111111111,0.17999999999999997
C10639,Customer_640,31,Central,Standard,48816,48,0,62,96740.19,1560.3256451612904,3.0,19.666666666666668,2.0,0.0,7.0,3.0,1.0,2.0,2.0,0.0,11,2,3,0.14285714285714285,0.42857142857142855,0.0,0.0,0.18181818181818182,0.09642857142857143
C10640,Customer_641,38,East,Standard,65695,52,1,39,61843.58,1585.7328205128206,3.0,19.333333333333332,0.0,0.0,5.0,3.0,1.0,3.0,3.0,0.0,14,2,1,0.2,0.6,0.0,0.0,0.14285714285714285,0.101
C10641,Customer_642,67,North,Premium,175774,50,0,47,86984.23,1850.7282978723404,5.0,14.6,1.0,1.0,6.0,2.0,1.0,3.0,2.0,1.0,12,0,3,0.16666666666666666,0.3333333333333333,0.2,0.3333333333333333,0.0,0.20199999999999999
C10642,Customer_643,32,North,Standard,181314,8,0,44,88442.91,2010.0661363636364,3.0,13.0,1.0,0.0,4.0,3.0,0.0,1.0,1.0,0.0,8,3,0,0.0,0.75,0.0,0.0,0.375,0.065
C10643,Customer_644,29,North,Premium,80841,91,0,43,103248.53,2401.1286046511627,4.0,13.75,0.0,0.0,1.0,0.0,0.0,4.0,3.0,1.0,10,4,2,0.0,0.0,0.0,0.25,0.4,0.1125
C10644,Customer_645,30,South,Standard,153498,58,1,37,64857.13,1752.8954054054054,4.0,14.75,0.0,0.0,9.0,3.0,2.0,2.0,2.0,0.0,12,1,1,0.2222222222222222,0.3333333333333333,0.0,0.0,0.08333333333333333,0.13777777777777778
C10645,Customer_646,64,West,Standard,223784,112,0,50,102983.15,2059.663,6.0,17.333333333333332,1.0,0.0,4.0,2.0,1.0,2.0,2.0,0.0,11,1,3,0.25,0.5,0.0,0.0,0.09090909090909091,0.15
C10646,Customer_647,37,Central,Standard,241735,61,0,54,92102.97,1705.6105555555555,3.0,17.333333333333332,1.0,0.0,3.0,1.0,1.0,1.0,1.0,0.0,9,0,3,0.3333333333333333,0.3333333333333333,0.0,0.0,0.0,0.11166666666666666
C10647,Customer_648,58,East,Standard,132096,106,0,44,102181.65,2322.310227272727,2.0,16.0,0.0,0.0,6.0,2.0,0.0,1.0,1.0,0.0,8,1,0,0.0,0.3333333333333333,0.0,0.0,0.125,0.05
C10648,Customer_649,27,East,Premium,117764,31,0,67,119894.73,1789.473582089552,5.0,11.8,3.0,0.0,5.0,3.0,1.0,4.0,4.0,0.0,11,4,0,0.2,0.6,0.0,0.0,0.36363636363636365,0.131
C10649,Customer_650,66,South,Standard,209646,73,0,42,60913.549999999996,1450.322619047619,0.0,0.0,0.0,0.0,5.0,0.0,2.0,2.0,2.0,0.0,12,3,2,0.4,0.0,0.0,0.0,0.25,0.092
C10650,Customer_651,33,North,Premium,110744,106,1,59,84358.01,1429.796779661017,4.0,16.5,2.0,3.0,9.0,5.0,3.0,1.0,1.0,0.0,12,2,3,0.3333333333333333,0.5555555555555556,0.75,0.0,0.16666666666666666,0.2866666666666667
C10651,Customer_652,60,South,Standard,53482,79,0,50,78979.9,1579.598,4.0,18.0,0.0,1.0,4.0,2.0,1.0,2.0,2.0,0.0,6,3,0,0.25,0.5,0.25,0.0,0.5,0.16000000000000003
C10652,Customer_653,62,West,Standard,34171,104,0,54,86871.67,1608.7346296296296,3.0,24.666666666666668,0.0,1.0,3.0,1.0,1.0,0.0,0.0,0.0,10,3,2,0.3333333333333333,0.3333333333333333,0.3333333333333333,0.0,0.3,0.15666666666666665
C10653,Customer_654,29,West,Standard,125755,20,0,49,126571.15,2583.0846938775508,2.0,22.5,0.0,0.0,2.0,0.0,1.0,4.0,4.0,0.0,16,4,2,0.5,0.0,0.0,0.0,0.25,0.11000000000000001
C10654,Customer_655,70,Central,Standard,133125,4,0,53,94268.3,1778.6471698113207,6.0,20.833333333333332,0.0,2.0,8.0,3.0,1.0,3.0,3.0,0.0,9,1,1,0.125,0.375,0.3333333333333333,0.0,0.1111111111111111,0.21
C10655,Customer_656,47,Central,Standard,155722,10,1,53,120452.06,2272.6803773584907,4.0,12.5,1.0,1.0,5.0,1.0,3.0,3.0,1.0,1.0,8,2,2,0.6,0.2,0.25,0.3333333333333333,0.25,0.26466666666666666
C10656,Customer_657,22,West,Premium,131082,77,0,68,127564.52,1875.9488235294118,1.0,3.0,1.0,0.0,5.0,1.0,4.0,4.0,3.0,0.0,10,4,0,0.8,0.2,0.0,0.0,0.4,0.179
C10657,Customer_658,25,West,Premium,28696,99,0,56,101880.84,1819.3007142857143,6.0,17.5,0.0,1.0,1.0,1.0,0.0,3.0,3.0,0.0,9,2,1,0.0,1.0,0.16666666666666666,0.0,0.2222222222222222,0.14500000000000002
C10658,Customer_659,49,West,Standard,151310,56,0,43,70677.24,1643.6567441860466,2.0,19.5,0.0,1.0,5.0,5.0,0.0,1.0,0.0,1.0,10,2,1,0.0,1.0,0.5,1.0,0.2,0.175
C10659,Customer_660,57,South,Premium,176130,40,0,42,54598.37,1299.9611904761905,1.0,22.0,1.0,0.0,3.0,0.0,1.0,2.0,1.0,1.0,11,2,3,0.3333333333333333,0.0,0.0,0.5,0.18181818181818182,0.12666666666666668
C10660,Customer_661,58,West,Business,176385,50,0,46,76406.83,1661.018043478261,3.0,10.666666666666666,0.0,2.0,3.0,2.0,0.0,0.0,0.0,0.0,11,3,2,0.0,0.6666666666666666,0.6666666666666666,0.0,0.2727272727272727,0.155
C10661,Customer_662,39,East,Premium,44149,29,0,56,121734.32,2173.827142857143,5.0,17.2,1.0,0.0,6.0,3.0,2.0,4.0,4.0,0.0,6,2,0,0.3333333333333333,0.5,0.0,0.0,0.3333333333333333,0.16166666666666668
C10662,Customer_663,28,North,Standard,155064,22,0,52,113848.17,2189.387884615385,3.0,23.666666666666668,0.0,1.0,10.0,3.0,2.0,1.0,1.0,0.0,6,1,0,0.2,0.3,0.3333333333333333,0.0,0.16666666666666666,0.166
C10663,Customer_664,68,West,Premium,78521,14,0,51,96586.3,1893.8490196078433,1.0,14.0,1.0,1.0,6.0,2.0,1.0,2.0,2.0,0.0,6,1,1,0.16666666666666666,0.3333333333333333,1.0,0.0,0.16666666666666666,0.15333333333333335
C10664,Customer_665,65,North,Standard,70740,45,1,50,102647.59,2052.9518,6.0,14.5,0.0,1.0,5.0,1.0,1.0,0.0,0.0,0.0,14,4,1,0.2,0.2,0.16666666666666666,0.0,0.2857142857142857,0.18100000000000002
C10665,Customer_666,21,South,Business,131611,63,0,60,105159.61,1752.6601666666668,3.0,19.0,0.0,0.0,3.0,2.0,0.0,1.0,1.0,0.0,10,2,1,0.0,0.6666666666666666,0.0,0.0,0.2,0.065
C10666,Customer_667,42,North,Standard,161028,33,0,48,75895.85,1581.1635416666668,2.0,5.5,0.0,1.0,2.0,1.0,0.0,1.0,1.0,0.0,11,2,2,0.0,0.5,0.5,0.0,0.18181818181818182,0.10500000000000001
C10667,Customer_668,37,South,Standard,231803,93,1,49,85414.39,1743.1508163265305,8.0,18.5,0.0,3.0,7.0,3.0,3.0,2.0,2.0,0.0,11,2,3,0.42857142857142855,0.42857142857142855,0.375,0.0,0.18181818181818182,0.3317857142857143
C10668,Customer_669,27,East,Premium,238684,98,0,42,76879.81,1830.4716666666666,3.0,3.6666666666666665,1.0,1.0,4.0,4.0,0.0,1.0,0.0,1.0,10,1,2,0.0,1.0,0.3333333333333333,1.0,0.1,0.18
C10669,Customer_670,45,South,Standard,91641,63,0,54,79227.95,1467.1842592592593,6.0,13.666666666666666,2.0,2.0,6.0,1.0,3.0,4.0,4.0,0.0,8,2,0,0.5,0.16666666666666666,0.3333333333333333,0.0,0.25,0.28
C10670,Customer_671,65,South,Business,88811,76,0,49,74943.49,1529.4589795918369,3.0,15.0,0.0,0.0,2.0,2.0,0.0,2.0,2.0,0.0,8,1,1,0.0,1.0,0.0,0.0,0.125,0.065
C10671,Customer_672,24,Central,Business,208232,69,0,39,109208.83,2800.2264102564104,4.0,19.75,0.0,2.0,9.0,3.0,3.0,2.0,1.0,1.0,11,4,1,0.3333333333333333,0.3333333333333333,0.5,0.5,0.36363636363636365,0.2916666666666667
C10672,Customer_673,56,West,Premium,207385,111,1,48,95668.94,1993.1029166666667,1.0,11.0,0.0,0.0,11.0,3.0,4.0,2.0,1.0,1.0,10,1,1,0.36363636363636365,0.2727272727272727,0.0,0.5,0.1,0.1890909090909091
C10673,Customer_674,26,West,Standard,88232,93,0,40,93442.75,2336.06875,3.0,11.333333333333334,0.0,0.0,8.0,3.0,4.0,3.0,3.0,0.0,8,1,2,0.5,0.375,0.0,0.0,0.125,0.18500000000000003
C10674,Customer_675,51,East,Premium,40417,37,0,47,83573.31,1778.1555319148936,4.0,8.5,0.0,2.0,2.0,1.0,1.0,2.0,1.0,0.0,11,2,3,0.5,0.5,0.5,0.0,0.18181818181818182,0.22
C10675,Customer_676,39,East,Standard,180801,97,0,48,99930.54,2081.88625,2.0,20.5,0.0,1.0,4.0,3.0,0.0,2.0,2.0,0.0,5,2,0,0.0,0.75,0.5,0.0,0.4,0.10500000000000001
C10676,Customer_677,64,West,Standard,137492,17,1,43,77601.16,1804.6781395348837,3.0,19.666666666666668,1.0,2.0,6.0,5.0,0.0,1.0,1.0,0.0,8,2,1,0.0,0.8333333333333334,0.6666666666666666,0.0,0.25,0.155
C10677,Customer_678,59,Central,Premium,55099,18,0,57,85642.90000000001,1502.5070175438598,3.0,14.333333333333334,0.0,1.0,3.0,1.0,0.0,1.0,1.0,0.0,10,4,4,0.0,0.3333333333333333,0.3333333333333333,0.0,0.4,0.10999999999999999
C10678,Customer_679,47,West,Standard,186033,15,0,54,124954.2,2313.9666666666667,6.0,12.0,0.0,2.0,7.0,4.0,1.0,3.0,3.0,0.0,11,1,5,0.14285714285714285,0.5714285714285714,0.3333333333333333,0.0,0.09090909090909091,0.21142857142857144
C10679,Customer_680,30,Central,Standard,168674,115,0,58,84751.46,1461.2320689655173,1.0,18.0,0.0,0.0,6.0,3.0,2.0,2.0,1.0,1.0,4,0,1,0.3333333333333333,0.5,0.0,0.5,0.0,0.1966666666666667
C10680,Customer_681,46,East,Business,143474,37,0,44,74888.3,1702.0068181818183,5.0,20.6,0.0,0.0,8.0,5.0,1.0,6.0,3.0,2.0,10,3,2,0.125,0.625,0.0,0.3333333333333333,0.3,0.18166666666666667
C10681,Customer_682,39,North,Standard,34256,118,0,41,53381.25,1301.9817073170732,3.0,12.333333333333334,0.0,0.0,5.0,0.0,2.0,2.0,1.0,0.0,13,3,2,0.4,0.0,0.0,0.0,0.23076923076923078,0.137
C10682,Customer_683,59,East,Standard,242192,77,1,46,66522.48,1446.1408695652174,2.0,15.0,0.0,1.0,8.0,4.0,2.0,3.0,2.0,1.0,3,0,0,0.25,0.5,0.5,0.3333333333333333,0.0,0.25166666666666665
C10683,Customer_684,23,East,Business,59681,61,0,44,84190.77,1913.426590909091,6.0,14.333333333333334,1.0,2.0,1.0,0.0,0.0,1.0,1.0,0.0,11,3,1,0.0,0.0,0.3333333333333333,0.0,0.2727272727272727,0.18
C10684,Customer_685,65,South,Standard,116328,23,0,54,94504.74,1750.0877777777778,3.0,21.666666666666668,0.0,0.0,5.0,3.0,1.0,2.0,2.0,0.0,12,4,2,0.2,0.6,0.0,0.0,0.3333333333333333,0.101
C10685,Customer_686,33,South,Premium,243512,117,0,48,66377.55,1382.8656250000001,5.0,12.0,1.0,0.0,7.0,2.0,1.0,4.0,3.0,1.0,14,5,0,0.14285714285714285,0.2857142857142857,0.0,0.25,0.35714285714285715,0.15892857142857145
C10686,Customer_687,70,South,Business,220861,56,0,42,89655.31,2134.650238095238,1.0,20.0,0.0,1.0,5.0,3.0,0.0,1.0,1.0,0.0,12,2,1,0.0,0.6,1.0,0.0,0.16666666666666666,0.12
C10687,Customer_688,48,South,Business,68361,77,0,44,79120.65,1798.1965909090907,7.0,10.571428571428571,0.0,3.0,3.0,2.0,0.0,2.0,1.0,0.0,11,5,3,0.0,0.6666666666666666,0.42857142857142855,0.0,0.45454545454545453,0.22571428571428573
C10688,Customer_689,40,Central,Premium,220575,32,0,41,70456.59,1718.4534146341462,4.0,12.0,0.0,0.0,11.0,5.0,0.0,2.0,2.0,0.0,10,4,3,0.0,0.45454545454545453,0.0,0.0,0.4,0.08
C10689,Customer_690,48,West,Standard,59540,50,0,54,104162.36,1928.9325925925925,3.0,8.666666666666666,1.0,0.0,2.0,1.0,0.0,0.0,0.0,0.0,13,2,5,0.0,0.5,0.0,0.0,0.15384615384615385,0.065
C10690,Customer_691,28,North,Standard,182608,119,0,50,88899.5,1777.99,1.0,15.0,0.0,0.0,8.0,5.0,3.0,2.0,1.0,1.0,5,3,1,0.375,0.625,0.0,0.5,0.6,0.16999999999999998
C10691,Customer_692,61,East,Premium,109700,37,0,47,64769.43,1378.0729787234043,6.0,17.5,3.0,1.0,5.0,1.0,1.0,3.0,1.0,2.0,6,1,1,0.2,0.2,0.16666666666666666,0.6666666666666666,0.16666666666666666,0.25433333333333336
C10692,Customer_693,59,Central,Premium,219115,88,0,49,95244.20999999999,1943.759387755102,5.0,18.4,0.0,1.0,3.0,1.0,1.0,2.0,2.0,0.0,6,0,3,0.3333333333333333,0.3333333333333333,0.2,0.0,0.0,0.17866666666666667
C10693,Customer_694,21,North,Standard,103532,40,0,55,78770.64,1432.1934545454546,4.0,13.25,0.0,0.0,5.0,3.0,0.0,2.0,1.0,1.0,11,1,4,0.0,0.6,0.0,0.5,0.09090909090909091,0.125
C10694,Customer_695,23,Central,Standard,212647,33,1,44,54789.4,1245.2136363636364,1.0,29.0,0.0,1.0,6.0,2.0,1.0,1.0,1.0,0.0,7,1,2,0.16666666666666666,0.3333333333333333,1.0,0.0,0.14285714285714285,0.15333333333333335
C10695,Customer_696,33,Central,Standard,152626,80,0,40,82288.0,2057.2,3.0,25.0,0.0,1.0,6.0,3.0,2.0,3.0,2.0,0.0,14,1,3,0.3333333333333333,0.5,0.3333333333333333,0.0,0.07142857142857142,0.17666666666666667
C10696,Customer_697,48,East,Standard,158943,26,0,53,109905.11,2073.681320754717,6.0,9.333333333333334,3.0,0.0,5.0,3.0,0.0,1.0,1.0,0.0,4,2,0,0.0,0.6,0.0,0.0,0.5,0.16
C10697,Customer_698,69,West,Premium,71002,116,0,57,108643.22,1906.021403508772,2.0,8.5,1.0,0.0,7.0,1.0,4.0,4.0,3.0,0.0,11,4,1,0.5714285714285714,0.14285714285714285,0.0,0.0,0.36363636363636365,0.1757142857142857
C10698,Customer_699,45,South,Standard,74812,51,0,56,95461.07,1704.6619642857145,1.0,3.0,0.0,0.0,7.0,3.0,3.0,5.0,5.0,0.0,15,2,0,0.42857142857142855,0.42857142857142855,0.0,0.0,0.13333333333333333,0.12928571428571428
C10699,Customer_700,53,West,Business,178698,98,0,52,92299.31999999999,1774.986923076923,2.0,7.5,0.0,0.0,4.0,2.0,0.0,2.0,2.0,0.0,6,0,1,0.0,0.5,0.0,0.0,0.0,0.05
C10700,Customer_701,58,East,Premium,216051,102,0,65,97629.91,1501.9986153846155,1.0,8.0,0.0,0.0,9.0,4.0,3.0,1.0,1.0,0.0,9,3,2,0.3333333333333333,0.4444444444444444,0.0,0.0,0.3333333333333333,0.12166666666666667
C10701,Customer_702,26,East,Standard,232129,34,1,58,113964.71,1964.9087931034485,3.0,21.666666666666668,0.0,1.0,7.0,3.0,0.0,2.0,1.0,1.0,10,5,2,0.0,0.42857142857142855,0.3333333333333333,0.5,0.5,0.15499999999999997
C10702,Customer_703,64,East,Premium,133946,57,0,51,84645.91,1659.723725490196,3.0,4.0,0.0,1.0,7.0,0.0,5.0,2.0,1.0,1.0,11,1,2,0.7142857142857143,0.0,0.3333333333333333,0.5,0.09090909090909091,0.31214285714285717
C10703,Customer_704,65,North,Standard,91668,81,0,41,69366.22,1691.859024390244,3.0,16.333333333333332,0.0,0.0,5.0,2.0,1.0,2.0,1.0,0.0,10,2,1,0.2,0.4,0.0,0.0,0.2,0.101
C10704,Customer_705,52,West,Standard,124003,109,1,50,78822.42,1576.4484,2.0,20.5,0.0,1.0,7.0,4.0,2.0,0.0,0.0,0.0,6,0,2,0.2857142857142857,0.5714285714285714,0.5,0.0,0.0,0.16785714285714284
C10705,Customer_706,65,West,Premium,236142,60,0,54,106563.26,1973.3937037037035,0.0,0.0,0.0,0.0,5.0,1.0,1.0,1.0,0.0,0.0,12,2,4,0.2,0.2,0.0,0.0,0.16666666666666666,0.056
C10706,Customer_707,67,Central,Premium,245462,101,0,46,78903.68000000001,1715.297391304348,2.0,16.5,0.0,1.0,3.0,1.0,0.0,2.0,2.0,0.0,11,3,3,0.0,0.3333333333333333,0.5,0.0,0.2727272727272727,0.10500000000000001
C10707,Customer_708,41,Central,Premium,67998,5,0,51,96381.08,1889.8250980392156,3.0,16.666666666666668,1.0,1.0,6.0,4.0,0.0,4.0,3.0,1.0,10,1,2,0.0,0.6666666666666666,0.3333333333333333,0.25,0.1,0.1425
C10708,Customer_709,36,Central,Standard,219886,82,0,46,98573.16,2142.8947826086956,3.0,10.666666666666666,0.0,0.0,4.0,2.0,0.0,2.0,1.0,1.0,7,1,4,0.0,0.5,0.0,0.5,0.14285714285714285,0.11000000000000001
C10709,Customer_710,41,East,Standard,129601,71,0,46,76992.03,1673.7397826086956,3.0,19.0,1.0,1.0,4.0,1.0,0.0,1.0,1.0,0.0,9,1,4,0.0,0.25,0.3333333333333333,0.0,0.1111111111111111,0.10999999999999999
C10710,Customer_711,31,West,Premium,201679,87,0,52,82224.68,1581.243846153846,3.0,14.0,0.0,0.0,8.0,4.0,2.0,2.0,2.0,0.0,7,0,3,0.25,0.5,0.0,0.0,0.0,0.125
C10711,Customer_712,57,East,Standard,32812,12,0,37,58916.88,1592.3481081081081,2.0,24.5,0.0,1.0,5.0,2.0,1.0,4.0,2.0,1.0,8,1,4,0.2,0.4,0.5,0.25,0.125,0.17350000000000002
C10712,Customer_713,56,North,Standard,86844,85,0,44,67635.32,1537.1663636363637,2.0,18.0,0.0,1.0,8.0,3.0,2.0,4.0,4.0,0.0,6,3,0,0.25,0.375,0.5,0.0,0.5,0.165
C10713,Customer_714,55,Central,Standard,226165,27,0,37,58327.57,1576.4208108108107,3.0,20.666666666666668,1.0,0.0,3.0,1.0,1.0,0.0,0.0,0.0,13,1,4,0.3333333333333333,0.3333333333333333,0.0,0.0,0.07692307692307693,0.11166666666666666
C10714,Customer_715,39,East,Premium,158251,70,0,58,147806.87,2548.3943103448273,4.0,6.75,0.0,0.0,4.0,2.0,0.0,1.0,1.0,0.0,14,1,3,0.0,0.5,0.0,0.0,0.07142857142857142,0.08
C10715,Customer_716,40,East,Standard,199870,63,0,51,113380.96,2223.156078431373,7.0,12.857142857142858,0.0,0.0,4.0,4.0,0.0,2.0,2.0,0.0,14,4,2,0.0,1.0,0.0,0.0,0.2857142857142857,0.125
C10716,Customer_717,38,North,Premium,99601,31,0,49,72072.51,1470.867551020408,1.0,16.0,0.0,0.0,10.0,5.0,3.0,4.0,3.0,0.0,13,2,4,0.3,0.5,0.0,0.0,0.15384615384615385,0.119
C10717,Customer_718,67,South,Business,164347,21,0,57,101617.4,1782.7614035087718,2.0,8.0,1.0,0.0,0.0,0.0,0.0,0.0,0.0,0.0,9,2,2,0.0,0.0,0.0,0.0,0.2222222222222222,0.05
C10718,Customer_719,61,West,Standard,206646,45,0,46,63130.81,1372.4089130434782,3.0,16.333333333333332,0.0,1.0,1.0,1.0,0.0,2.0,2.0,0.0,9,3,1,0.0,1.0,0.3333333333333333,0.0,0.3333333333333333,0.10999999999999999
C10719,Customer_720,69,South,Standard,72857,68,0,43,77773.01000000001,1808.674651162791,4.0,8.75,0.0,1.0,10.0,4.0,3.0,2.0,2.0,0.0,16,1,4,0.3,0.4,0.25,0.0,0.0625,0.20400000000000001
C10720,Customer_721,34,Central,Standard,150555,76,0,49,133840.7,2731.4428571428575,1.0,29.0,0.0,0.0,6.0,2.0,1.0,4.0,3.0,0.0,8,0,0,0.16666666666666666,0.3333333333333333,0.0,0.0,0.0,0.06833333333333334
C10721,Customer_722,35,East,Premium,45700,63,0,43,77230.15,1796.05,2.0,21.5,0.0,1.0,4.0,0.0,1.0,3.0,3.0,0.0,9,0,0,0.25,0.0,0.5,0.0,0.0,0.14500000000000002
C10722,Customer_723,51,North,Standard,195536,45,1,63,98054.43000000001,1556.419523809524,4.0,19.0,1.0,0.0,5.0,3.0,2.0,3.0,3.0,0.0,13,3,3,0.4,0.6,0.0,0.0,0.23076923076923078,0.152
C10723,Customer_724,21,North,Standard,198423,27,0,43,51922.35,1207.496511627907,2.0,26.5,1.0,0.0,3.0,2.0,1.0,2.0,2.0,0.0,12,4,2,0.3333333333333333,0.6666666666666666,0.0,0.0,0.3333333333333333,0.09666666666666668
C10724,Customer_725,23,West,Standard,118330,22,0,45,93859.73,2085.7717777777775,2.0,22.0,0.0,2.0,9.0,3.0,2.0,1.0,1.0,0.0,12,4,2,0.2222222222222222,0.3333333333333333,1.0,0.0,0.3333333333333333,0.2177777777777778
C10725,Customer_726,36,South,Premium,238606,50,0,47,104847.18000000001,2230.7910638297876,1.0,29.0,1.0,1.0,5.0,2.0,1.0,0.0,0.0,0.0,12,4,1,0.2,0.4,1.0,0.0,0.3333333333333333,0.156
C10726,Customer_727,43,West,Standard,169941,85,0,48,96876.31,2018.2564583333333,1.0,20.0,0.0,0.0,6.0,4.0,0.0,4.0,4.0,0.0,9,2,2,0.0,0.6666666666666666,0.0,0.0,0.2222222222222222,0.035
C10727,Customer_728,31,East,Premium,216387,89,0,50,82824.12,1656.4823999999999,2.0,11.0,1.0,0.0,9.0,3.0,1.0,1.0,1.0,0.0,11,1,4,0.1111111111111111,0.3333333333333333,0.0,0.0,0.09090909090909091,0.0788888888888889
C10728,Customer_729,32,West,Business,249760,26,1,41,60015.72,1463.7980487804878,8.0,15.0,2.0,3.0,6.0,2.0,2.0,2.0,2.0,0.0,5,1,0,0.3333333333333333,0.3333333333333333,0.375,0.0,0.2,0.3041666666666667
C10729,Customer_730,30,North,Standard,177026,13,0,57,113852.2,1997.4070175438596,5.0,14.6,2.0,1.0,4.0,3.0,0.0,1.0,1.0,0.0,12,6,1,0.0,0.75,0.2,0.0,0.5,0.132
C10730,Customer_731,52,North,Premium,187627,112,0,46,93063.56,2023.1208695652174,5.0,11.4,1.0,1.0,5.0,5.0,0.0,3.0,3.0,0.0,13,2,2,0.0,1.0,0.2,0.0,0.15384615384615385,0.132
C10731,Customer_732,36,Central,Standard,88353,100,0,60,115630.88,1927.1813333333334,4.0,4.75,0.0,0.0,6.0,2.0,3.0,1.0,1.0,0.0,10,3,2,0.5,0.3333333333333333,0.0,0.0,0.3,0.18000000000000002
C10732,Customer_733,28,Central,Premium,238262,57,0,55,109694.12,1994.4385454545454,2.0,14.5,0.0,0.0,10.0,4.0,5.0,3.0,3.0,0.0,10,2,2,0.5,0.4,0.0,0.0,0.2,0.19000000000000003
C10733,Customer_734,58,East,Premium,201098,30,0,45,74197.91,1648.8424444444445,2.0,22.5,0.0,0.0,3.0,2.0,1.0,1.0,0.0,1.0,10,3,0,0.3333333333333333,0.6666666666666666,0.0,1.0,0.3,0.16666666666666669
C10734,Customer_735,32,South,Premium,125772,71,0,47,99915.84,2125.8689361702127,4.0,17.25,1.0,0.0,2.0,1.0,1.0,1.0,0.0,0.0,15,3,3,0.5,0.5,0.0,0.0,0.2,0.14
C10735,Customer_736,44,West,Standard,203048,65,0,51,75868.46,1487.6168627450982,7.0,15.142857142857142,1.0,2.0,8.0,4.0,3.0,2.0,2.0,0.0,5,3,2,0.375,0.5,0.2857142857142857,0.0,0.6,0.28214285714285714
C10736,Customer_737,48,East,Standard,236650,61,0,50,93873.48,1877.4696,4.0,15.75,1.0,2.0,5.0,1.0,3.0,2.0,2.0,0.0,9,1,3,0.6,0.2,0.5,0.0,0.1111111111111111,0.268
C10737,Customer_738,28,Central,Standard,116502,7,0,47,80108.76,1704.4417021276595,1.0,25.0,0.0,0.0,6.0,3.0,3.0,2.0,2.0,0.0,14,3,3,0.5,0.5,0.0,0.0,0.21428571428571427,0.135
C10738,Customer_739,48,West,Standard,138943,53,0,54,112368.8,2080.9037037037037,4.0,24.0,0.0,0.0,6.0,4.0,1.0,2.0,1.0,1.0,8,3,1,0.16666666666666666,0.6666666666666666,0.0,0.5,0.375,0.15833333333333333
C10739,Customer_740,56,Central,Standard,134850,23,0,56,107096.72,1912.4414285714286,5.0,17.0,1.0,3.0,4.0,0.0,2.0,3.0,3.0,0.0,11,1,3,0.5,0.0,0.6,0.0,0.09090909090909091,0.286
C10740,Customer_741,46,West,Standard,70095,14,0,44,67902.64,1543.2418181818182,1.0,2.0,0.0,1.0,7.0,3.0,0.0,1.0,1.0,0.0,9,1,3,0.0,0.42857142857142855,1.0,0.0,0.1111111111111111,0.12
C10741,Customer_742,28,South,Standard,170342,52,0,48,102503.05,2135.4802083333334,3.0,10.333333333333334,0.0,1.0,3.0,2.0,0.0,3.0,2.0,0.0,15,0,3,0.0,0.6666666666666666,0.3333333333333333,0.0,0.0,0.10999999999999999
C10742,Customer_743,70,East,Standard,186980,6,0,54,82552.07,1528.742037037037,0.0,0.0,0.0,0.0,5.0,3.0,0.0,2.0,2.0,0.0,10,1,2,0.0,0.6,0.0,0.0,0.1,0.02
C10743,Customer_744,48,West,Premium,40523,120,0,52,88664.25,1705.0817307692307,3.0,18.0,0.0,1.0,7.0,5.0,1.0,2.0,2.0,0.0,9,0,3,0.14285714285714285,0.7142857142857143,0.3333333333333333,0.0,0.0,0.14142857142857143
C10744,Customer_745,48,North,Standard,87433,115,0,40,79363.65,1984.09125,4.0,20.75,0.0,0.0,5.0,2.0,2.0,0.0,0.0,0.0,10,1,4,0.4,0.4,0.0,0.0,0.1,0.152
C10745,Customer_746,57,North,Standard,203140,44,0,48,85075.26,1772.40125,2.0,8.5,0.0,0.0,7.0,3.0,1.0,0.0,0.0,0.0,13,0,4,0.14285714285714285,0.42857142857142855,0.0,0.0,0.0,0.08142857142857143
C10746,Customer_747,61,West,Standard,44991,86,0,40,87331.38,2183.2845,4.0,15.75,0.0,2.0,4.0,2.0,0.0,2.0,2.0,0.0,10,3,0,0.0,0.5,0.5,0.0,0.3,0.16
C10747,Customer_748,56,West,Standard,35775,40,0,47,66492.14,1414.7263829787234,3.0,10.333333333333334,2.0,1.0,4.0,2.0,2.0,1.0,1.0,0.0,14,2,6,0.5,0.5,0.3333333333333333,0.0,0.14285714285714285,0.19
C10748,Customer_749,47,West,Business,233873,27,0,55,101404.27,1843.7140000000002,7.0,15.571428571428571,0.0,3.0,1.0,0.0,1.0,1.0,0.0,1.0,9,1,3,1.0,0.0,0.42857142857142855,1.0,0.1111111111111111,0.3957142857142857
C10749,Customer_750,37,North,Standard,109995,16,0,47,110558.89,2352.316808510638,5.0,19.2,1.0,0.0,2.0,1.0,1.0,1.0,1.0,0.0,9,2,2,0.5,0.5,0.0,0.0,0.2222222222222222,0.155
C10750,Customer_751,29,North,Premium,217322,77,1,45,86865.1,1930.3355555555556,1.0,20.0,0.0,0.0,7.0,1.0,4.0,3.0,2.0,1.0,6,1,0,0.5714285714285714,0.14285714285714285,0.0,0.3333333333333333,0.16666666666666666,0.19738095238095238
C10751,Customer_752,53,West,Business,172745,34,0,45,84447.26000000001,1876.605777777778,1.0,18.0,0.0,0.0,4.0,3.0,1.0,2.0,2.0,0.0,15,4,4,0.25,0.75,0.0,0.0,0.26666666666666666,0.07500000000000001
C10752,Customer_753,40,Central,Premium,147808,13,0,39,102439.22,2626.6466666666665,2.0,11.5,0.0,1.0,3.0,0.0,2.0,1.0,0.0,0.0,12,5,0,0.6666666666666666,0.0,0.5,0.0,0.4166666666666667,0.1983333333333333
C10753,Customer_754,33,Central,Premium,183128,63,0,61,117866.61,1932.2395081967213,9.0,10.333333333333334,5.0,2.0,12.0,9.0,0.0,1.0,1.0,0.0,14,5,2,0.0,0.75,0.2222222222222222,0.0,0.35714285714285715,0.21833333333333335
C10754,Customer_755,48,South,Premium,162686,20,1,48,88339.81,1840.4127083333333,2.0,12.0,0.0,1.0,6.0,2.0,3.0,2.0,1.0,1.0,16,1,6,0.5,0.3333333333333333,0.5,0.5,0.0625,0.24999999999999997
C10755,Customer_756,68,East,Business,32415,29,0,56,84310.72,1505.5485714285714,5.0,10.6,0.0,1.0,9.0,4.0,2.0,3.0,2.0,1.0,14,5,0,0.2222222222222222,0.4444444444444444,0.2,0.3333333333333333,0.35714285714285715,0.22644444444444445
C10756,Customer_757,49,Central,Premium,244763,57,0,54,101128.66,1872.752962962963,2.0,8.0,0.0,1.0,1.0,1.0,0.0,3.0,3.0,0.0,16,3,1,0.0,1.0,0.5,0.0,0.1875,0.10500000000000001
C10757,Customer_758,33,North,Standard,199956,56,0,50,90147.61,1802.9522,3.0,9.666666666666666,2.0,1.0,6.0,3.0,1.0,3.0,2.0,1.0,13,4,0,0.16666666666666666,0.5,0.3333333333333333,0.3333333333333333,0.3076923076923077,0.18
C10758,Customer_759,66,Central,Premium,173036,84,0,59,105370.93,1785.9479661016949,2.0,17.0,0.0,1.0,3.0,2.0,0.0,1.0,1.0,0.0,10,2,4,0.0,0.6666666666666666,0.5,0.0,0.2,0.10500000000000001
C10759,Customer_760,55,South,Standard,193798,89,0,45,66715.37,1482.5637777777777,3.0,16.333333333333332,1.0,1.0,3.0,1.0,1.0,7.0,5.0,0.0,11,3,3,0.3333333333333333,0.3333333333333333,0.3333333333333333,0.0,0.2727272727272727,0.15666666666666665
C10760,Customer_761,26,South,Premium,62044,77,1,56,104718.02,1869.964642857143,3.0,19.333333333333332,0.0,2.0,6.0,4.0,1.0,2.0,1.0,0.0,7,1,2,0.16666666666666666,0.6666666666666666,0.6666666666666666,0.0,0.14285714285714285,0.18833333333333335
C10761,Customer_762,38,East,Standard,213221,23,0,49,68042.20999999999,1388.6165306122448,4.0,18.75,0.0,1.0,8.0,5.0,0.0,3.0,2.0,1.0,9,1,3,0.0,0.625,0.25,0.3333333333333333,0.1111111111111111,0.15666666666666668
C10762,Customer_763,25,Central,Standard,193616,46,0,48,115715.08,2410.7308333333335,3.0,15.333333333333334,0.0,0.0,1.0,0.0,0.0,0.0,0.0,0.0,9,1,2,0.0,0.0,0.0,0.0,0.1111111111111111,0.065
C10763,Customer_764,67,North,Standard,74976,7,0,50,97651.7,1953.0339999999999,6.0,17.333333333333332,1.0,1.0,8.0,5.0,0.0,3.0,2.0,1.0,13,3,3,0.0,0.625,0.16666666666666666,0.3333333333333333,0.23076923076923078,0.18166666666666667
C10764,Customer_765,45,North,Standard,188324,89,1,50,78931.59,1578.6317999999999,3.0,10.333333333333334,0.0,0.0,3.0,2.0,0.0,3.0,2.0,0.0,14,2,3,0.0,0.6666666666666666,0.0,0.0,0.14285714285714285,0.065
C10765,Customer_766,22,West,Standard,28832,43,0,52,83283.61,1601.6078846153846,2.0,7.5,1.0,0.0,6.0,1.0,1.0,3.0,2.0,0.0,14,2,2,0.16666666666666666,0.16666666666666666,0.0,0.0,0.14285714285714285,0.08333333333333334
C10766,Customer_767,30,North,Standard,246883,61,0,51,103916.79,2037.5841176470587,1.0,11.0,0.0,1.0,5.0,3.0,1.0,2.0,2.0,0.0,17,3,4,0.2,0.6,1.0,0.0,0.17647058823529413,0.156
C10767,Customer_768,50,East,Standard,236509,91,0,50,92171.91,1843.4382,4.0,17.25,0.0,1.0,6.0,1.0,1.0,1.0,1.0,0.0,14,1,2,0.16666666666666666,0.16666666666666666,0.25,0.0,0.07142857142857142,0.15333333333333332
C10768,Customer_769,70,East,Standard,59148,107,0,41,66645.70999999999,1625.5051219512193,2.0,16.5,1.0,1.0,6.0,2.0,1.0,0.0,0.0,0.0,12,5,2,0.16666666666666666,0.3333333333333333,0.5,0.0,0.4166666666666667,0.13833333333333334
C10769,Customer_770,65,North,Premium,217312,56,0,50,116927.84999999999,2338.557,1.0,27.0,0.0,1.0,5.0,2.0,0.0,1.0,0.0,1.0,11,2,4,0.0,0.4,1.0,1.0,0.18181818181818182,0.19
C10770,Customer_771,25,North,Standard,244526,76,1,49,84197.14,1718.3089795918368,3.0,6.333333333333333,0.0,0.0,8.0,4.0,2.0,3.0,3.0,0.0,13,0,4,0.25,0.5,0.0,0.0,0.0,0.125
C10771,Customer_772,53,West,Standard,137230,24,0,37,77311.47,2089.499189189189,2.0,17.0,0.0,0.0,5.0,3.0,2.0,1.0,1.0,0.0,10,1,1,0.4,0.6,0.0,0.0,0.1,0.122
C10772,Customer_773,21,North,Premium,110076,85,0,45,98777.91,2195.0646666666667,2.0,9.5,1.0,0.0,4.0,1.0,1.0,1.0,1.0,0.0,9,2,1,0.25,0.25,0.0,0.0,0.2222222222222222,0.09000000000000001
C10773,Customer_774,38,West,Standard,233188,67,0,53,94133.64,1776.1064150943396,9.0,11.88888888888889,0.0,0.0,6.0,2.0,2.0,3.0,1.0,1.0,8,2,1,0.3333333333333333,0.3333333333333333,0.0,0.3333333333333333,0.25,0.25833333333333336
C10774,Customer_775,52,West,Standard,209531,66,0,54,102301.92,1894.48,3.0,17.666666666666668,1.0,0.0,7.0,3.0,2.0,0.0,0.0,0.0,18,5,2,0.2857142857142857,0.42857142857142855,0.0,0.0,0.2777777777777778,0.12785714285714286
C10775,Customer_776,67,North,Premium,63402,73,1,34,74787.88,2199.643529411765,6.0,19.5,0.0,2.0,6.0,2.0,3.0,3.0,2.0,1.0,12,1,4,0.5,0.3333333333333333,0.3333333333333333,0.3333333333333333,0.08333333333333333,0.3166666666666667
C10776,Customer_777,69,South,Premium,213799,6,1,48,105958.55,2207.469791666667,1.0,12.0,0.0,1.0,4.0,1.0,2.0,5.0,4.0,1.0,14,2,2,0.5,0.25,1.0,0.2,0.14285714285714285,0.23
C10777,Customer_778,31,South,Standard,63578,67,0,48,97444.01999999999,2030.0837499999998,2.0,20.5,0.0,0.0,3.0,1.0,2.0,2.0,2.0,0.0,5,1,0,0.6666666666666666,0.3333333333333333,0.0,0.0,0.2,0.1433333333333333
C10778,Customer_779,41,West,Standard,115453,17,0,34,45461.87,1337.1138235294118,3.0,13.666666666666666,1.0,0.0,7.0,4.0,1.0,2.0,1.0,1.0,9,1,0,0.14285714285714285,0.5714285714285714,0.0,0.5,0.1111111111111111,0.14142857142857143
C10779,Customer_780,46,North,Business,178390,106,0,41,102939.82,2510.727317073171,2.0,14.5,0.0,2.0,5.0,2.0,1.0,1.0,0.0,1.0,14,3,4,0.2,0.4,1.0,1.0,0.21428571428571427,0.266
C10780,Customer_781,45,South,Premium,100715,78,0,43,83919.7,1951.620930232558,2.0,10.0,2.0,0.0,7.0,4.0,1.0,1.0,0.0,0.0,7,0,1,0.14285714285714285,0.5714285714285714,0.0,0.0,0.0,0.08142857142857143
C10781,Customer_782,42,North,Standard,233859,24,0,35,57211.159999999996,1634.6045714285713,3.0,16.666666666666668,0.0,1.0,8.0,3.0,4.0,1.0,0.0,1.0,8,1,0,0.5,0.375,0.3333333333333333,1.0,0.125,0.3
C10782,Customer_783,47,North,Premium,136435,88,0,61,114199.8,1872.127868852459,2.0,17.0,1.0,1.0,5.0,3.0,2.0,1.0,1.0,0.0,9,2,0,0.4,0.6,0.5,0.0,0.2222222222222222,0.177
C10783,Customer_784,69,North,Standard,241101,116,0,44,68518.09,1557.2293181818181,1.0,11.0,0.0,0.0,5.0,4.0,0.0,1.0,1.0,0.0,20,2,4,0.0,0.8,0.0,0.0,0.1,0.035
C10784,Customer_785,33,Central,Standard,176538,49,1,51,139475.16,2734.8070588235296,5.0,18.8,1.0,1.0,6.0,3.0,2.0,2.0,2.0,0.0,10,3,3,0.3333333333333333,0.5,0.2,0.0,0.3,0.19866666666666669
C10785,Customer_786,53,North,Standard,120742,83,0,52,119380.81999999999,2295.785,2.0,27.0,0.0,0.0,4.0,2.0,1.0,1.0,1.0,0.0,10,1,6,0.25,0.5,0.0,0.0,0.1,0.09000000000000001
C10786,Customer_787,54,Central,Premium,70475,95,0,51,125721.43000000001,2465.1260784313727,2.0,11.5,0.0,1.0,6.0,2.0,3.0,2.0,0.0,1.0,16,1,4,0.5,0.3333333333333333,0.5,0.5,0.0625,0.24999999999999997
C10787,Customer_788,61,West,Standard,85142,48,0,40,60966.95,1524.17375,3.0,15.0,0.0,1.0,5.0,3.0,0.0,1.0,1.0,0.0,10,1,0,0.0,0.6,0.3333333333333333,0.0,0.1,0.10999999999999999
C10788,Customer_789,55,South,Premium,241232,16,0,34,75948.89,2233.790882352941,2.0,25.0,0.0,1.0,5.0,3.0,0.0,1.0,1.0,0.0,9,1,2,0.0,0.6,0.5,0.0,0.1111111111111111,0.10500000000000001
C10789,Customer_790,21,South,Standard,182636,52,0,50,64169.23,1283.3846,7.0,19.0,0.0,3.0,2.0,0.0,1.0,2.0,1.0,1.0,11,4,1,0.5,0.0,0.42857142857142855,0.5,0.36363636363636365,0.33071428571428574
C10790,Customer_791,41,South,Standard,178484,22,0,64,83957.38,1311.8340625,3.0,13.333333333333334,0.0,1.0,5.0,3.0,0.0,2.0,2.0,0.0,14,1,1,0.0,0.6,0.3333333333333333,0.0,0.07142857142857142,0.10999999999999999
C10791,Customer_792,68,South,Standard,118526,52,0,52,93748.39,1802.8536538461537,5.0,14.4,0.0,2.0,11.0,5.0,3.0,0.0,0.0,0.0,7,2,0,0.2727272727272727,0.45454545454545453,0.4,0.0,0.2857142857142857,0.25081818181818183
C10792,Customer_793,26,South,Premium,76001,114,0,48,83770.45,1745.2177083333333,2.0,15.0,0.0,1.0,4.0,1.0,1.0,4.0,3.0,1.0,9,1,1,0.25,0.25,0.5,0.25,0.1111111111111111,0.17750000000000002
C10793,Customer_794,48,South,Standard,82649,35,0,73,92864.22,1272.112602739726,4.0,18.75,0.0,1.0,4.0,1.0,2.0,2.0,2.0,0.0,13,4,1,0.5,0.25,0.25,0.0,0.3076923076923077,0.2
C10794,Customer_795,37,South,Standard,217029,61,1,45,76601.59,1702.2575555555554,4.0,12.0,1.0,1.0,4.0,2.0,0.0,2.0,2.0,0.0,12,2,3,0.0,0.5,0.25,0.0,0.16666666666666666,0.12000000000000001
C10795,Customer_796,25,West,Premium,191589,45,0,45,89488.57,1988.634888888889,3.0,16.666666666666668,0.0,0.0,4.0,3.0,1.0,2.0,2.0,0.0,17,3,4,0.25,0.75,0.0,0.0,0.17647058823529413,0.10500000000000001
C10796,Customer_797,51,North,Standard,169228,81,0,51,106619.68,2090.5819607843137,1.0,3.0,0.0,1.0,7.0,3.0,3.0,2.0,2.0,0.0,10,2,1,0.42857142857142855,0.42857142857142855,1.0,0.0,0.2,0.21428571428571427
C10797,Customer_798,25,East,Business,179136,14,0,59,114363.86,1938.3705084745764,2.0,4.5,0.0,0.0,4.0,1.0,1.0,3.0,2.0,0.0,10,1,2,0.25,0.25,0.0,0.0,0.1,0.09000000000000001
C10798,Customer_799,58,Central,Standard,50711,42,0,58,81477.84,1404.790344827586,4.0,19.0,0.0,2.0,1.0,1.0,0.0,6.0,5.0,1.0,7,0,1,0.0,1.0,0.5,0.16666666666666666,0.0,0.18833333333333332
C10799,Customer_800,23,East,Premium,55106,120,0,51,80891.97,1586.1170588235295,5.0,16.4,2.0,2.0,5.0,1.0,1.0,0.0,0.0,0.0,9,2,4,0.2,0.2,0.4,0.0,0.2222222222222222,0.205
C10800,Customer_801,43,East,Standard,90458,22,0,44,67128.86,1525.655909090909,4.0,14.75,1.0,2.0,7.0,1.0,1.0,0.0,0.0,0.0,11,0,5,0.14285714285714285,0.14285714285714285,0.5,0.0,0.0,0.19142857142857142
C10801,Customer_802,57,North,Business,172661,96,0,47,93549.08,1990.4059574468085,5.0,20.4,1.0,0.0,4.0,2.0,1.0,3.0,2.0,0.0,6,1,0,0.25,0.5,0.0,0.0,0.16666666666666666,0.135
C10802,Customer_803,57,North,Standard,245344,40,0,37,57579.909999999996,1556.2137837837836,3.0,10.0,1.0,0.0,11.0,5.0,3.0,1.0,0.0,1.0,7,1,2,0.2727272727272727,0.45454545454545453,0.0,1.0,0.14285714285714285,0.2168181818181818
C10803,Customer_804,30,North,Standard,155429,5,0,54,81121.77,1502.255,3.0,14.666666666666666,0.0,2.0,2.0,0.0,1.0,3.0,2.0,0.0,7,1,1,0.5,0.0,0.6666666666666666,0.0,0.14285714285714285,0.21499999999999997
C10804,Customer_805,30,South,Standard,242583,30,0,48,115711.94,2410.6654166666667,1.0,20.0,0.0,0.0,8.0,4.0,1.0,2.0,2.0,0.0,13,1,4,0.125,0.5,0.0,0.0,0.07692307692307693,0.065
C10805,Customer_806,39,West,Standard,126754,58,0,53,84253.36,1589.6860377358491,2.0,11.0,1.0,2.0,6.0,2.0,2.0,3.0,2.0,0.0,11,3,2,0.3333333333333333,0.3333333333333333,1.0,0.0,0.2727272727272727,0.22666666666666668
C10806,Customer_807,37,South,Standard,163286,92,0,37,71865.54,1942.3118918918917,2.0,13.5,1.0,1.0,6.0,2.0,2.0,0.0,0.0,0.0,12,2,3,0.3333333333333333,0.3333333333333333,0.5,0.0,0.16666666666666666,0.17166666666666666
C10807,Customer_808,41,West,Business,241803,96,0,47,65457.26,1392.7076595744682,5.0,15.8,1.0,0.0,8.0,3.0,4.0,2.0,1.0,0.0,10,0,2,0.5,0.375,0.0,0.0,0.0,0.215
C10808,Customer_809,34,West,Standard,151479,15,0,50,78933.9,1578.6779999999999,4.0,23.75,1.0,0.0,2.0,0.0,0.0,1.0,0.0,1.0,12,2,1,0.0,0.0,0.0,1.0,0.16666666666666666,0.15000000000000002
C10809,Customer_810,29,East,Premium,183199,79,0,50,76872.9,1537.4579999999999,1.0,9.0,0.0,0.0,5.0,2.0,2.0,4.0,3.0,0.0,12,3,2,0.4,0.4,0.0,0.0,0.25,0.10700000000000001
C10810,Customer_811,66,East,Premium,161213,68,0,42,62034.37,1477.0088095238095,0.0,0.0,0.0,0.0,4.0,1.0,2.0,1.0,1.0,0.0,9,0,2,0.5,0.25,0.0,0.0,0.0,0.1
C10811,Customer_812,21,West,Premium,53884,39,0,55,95076.27,1728.6594545454545,2.0,21.5,1.0,0.0,3.0,2.0,1.0,2.0,2.0,0.0,7,1,2,0.3333333333333333,0.6666666666666666,0.0,0.0,0.14285714285714285,0.09666666666666668
C10812,Customer_813,65,West,Standard,246493,51,1,55,91070.75,1655.831818181818,3.0,13.666666666666666,0.0,1.0,5.0,3.0,1.0,6.0,5.0,1.0,7,1,1,0.2,0.6,0.3333333333333333,0.16666666666666666,0.14285714285714285,0.1743333333333333
C10813,Customer_814,33,South,Standard,27708,104,0,46,69049.7,1501.0804347826086,2.0,8.5,1.0,0.0,3.0,2.0,0.0,3.0,3.0,0.0,13,0,5,0.0,0.6666666666666666,0.0,0.0,0.0,0.05
C10814,Customer_815,24,South,Premium,43375,68,0,44,95801.09,2177.2975,5.0,13.4,0.0,2.0,4.0,1.0,1.0,3.0,3.0,0.0,13,2,3,0.25,0.25,0.4,0.0,0.15384615384615385,0.209
C10815,Customer_816,21,East,Business,40088,38,0,74,132583.27,1791.6658108108106,1.0,24.0,0.0,0.0,3.0,0.0,2.0,1.0,1.0,0.0,12,3,3,0.6666666666666666,0.0,0.0,0.0,0.25,0.12833333333333335
C10816,Customer_817,69,North,Standard,82615,56,0,31,39113.98,1261.7412903225807,3.0,15.666666666666666,2.0,0.0,6.0,1.0,2.0,1.0,1.0,0.0,12,2,1,0.3333333333333333,0.16666666666666666,0.0,0.0,0.16666666666666666,0.13166666666666668
C10817,Customer_818,60,West,Standard,135138,28,0,50,124025.26,2480.5052,1.0,4.0,0.0,1.0,4.0,3.0,0.0,3.0,3.0,0.0,5,1,1,0.0,0.75,1.0,0.0,0.2,0.12
C10818,Customer_819,52,South,Standard,201118,77,1,53,87722.66,1655.1445283018868,5.0,15.4,1.0,3.0,5.0,3.0,2.0,1.0,1.0,0.0,8,1,4,0.4,0.6,0.6,0.0,0.125,0.278
C10819,Customer_820,54,East,Business,35014,74,0,52,87021.04,1673.4815384615383,7.0,19.428571428571427,0.0,3.0,5.0,4.0,0.0,2.0,2.0,0.0,11,2,1,0.0,0.8,0.42857142857142855,0.0,0.18181818181818182,0.22571428571428573
C10820,Customer_821,48,South,Standard,220497,110,0,55,73232.43,1331.4987272727271,3.0,20.0,0.0,1.0,7.0,1.0,3.0,1.0,0.0,0.0,9,5,1,0.42857142857142855,0.14285714285714285,0.3333333333333333,0.0,0.5555555555555556,0.20428571428571426
C10821,Customer_822,51,West,Standard,159345,42,1,47,77248.33,1643.581489361702,7.0,18.142857142857142,2.0,3.0,5.0,2.0,1.0,2.0,2.0,0.0,12,2,2,0.2,0.4,0.42857142857142855,0.0,0.16666666666666666,0.2617142857142857
C10822,Customer_823,28,West,Premium,203207,45,0,49,96776.16,1975.0236734693879,2.0,15.0,0.0,1.0,2.0,0.0,2.0,1.0,1.0,0.0,14,6,3,1.0,0.0,0.5,0.0,0.42857142857142855,0.22499999999999998
C10823,Customer_824,59,Central,Standard,127842,24,0,54,107949.97,1999.0735185185185,0.0,0.0,0.0,0.0,5.0,2.0,1.0,3.0,3.0,0.0,13,2,5,0.2,0.4,0.0,0.0,0.15384615384615385,0.056
C10824,Customer_825,46,North,Standard,186953,22,0,48,96495.45,2010.3218749999999,3.0,13.333333333333334,0.0,1.0,6.0,4.0,1.0,2.0,1.0,1.0,4,0,0,0.16666666666666666,0.6666666666666666,0.3333333333333333,0.5,0.0,0.23833333333333334
C10825,Customer_826,54,Central,Premium,103077,10,0,56,139238.13,2486.3951785714285,2.0,15.0,0.0,0.0,6.0,3.0,1.0,1.0,1.0,0.0,9,0,2,0.16666666666666666,0.5,0.0,0.0,0.0,0.08333333333333334
C10826,Customer_827,23,East,Business,164784,31,0,40,81430.24,2035.756,5.0,19.4,1.0,0.0,4.0,3.0,0.0,2.0,2.0,0.0,12,2,3,0.0,0.75,0.0,0.0,0.16666666666666666,0.095
C10827,Customer_828,70,South,Standard,230776,42,0,53,98246.65,1853.7103773584904,5.0,19.0,1.0,1.0,10.0,4.0,3.0,3.0,2.0,1.0,9,3,0,0.3,0.4,0.2,0.3333333333333333,0.3333333333333333,0.25266666666666665
C10828,Customer_829,32,East,Standard,77874,92,0,37,65551.8,1771.6702702702703,1.0,22.0,0.0,0.0,7.0,5.0,0.0,3.0,3.0,0.0,11,0,1,0.0,0.7142857142857143,0.0,0.0,0.0,0.035
C10829,Customer_830,21,West,Standard,94087,32,0,46,72533.1,1576.8065217391306,3.0,19.0,0.0,0.0,4.0,1.0,1.0,1.0,0.0,1.0,13,5,6,0.25,0.25,0.0,1.0,0.38461538461538464,0.175
C10830,Customer_831,64,Central,Standard,37297,83,0,54,106166.97,1966.055,3.0,23.666666666666668,0.0,0.0,5.0,2.0,1.0,3.0,3.0,0.0,8,2,3,0.2,0.4,0.0,0.0,0.25,0.101
C10831,Customer_832,25,Central,Premium,52128,86,0,53,100167.89,1889.9601886792452,2.0,23.5,1.0,0.0,6.0,2.0,3.0,5.0,4.0,1.0,9,2,0,0.5,0.3333333333333333,0.0,0.2,0.2222222222222222,0.18
C10832,Customer_833,50,Central,Standard,93368,118,1,57,87482.86,1534.7870175438597,3.0,23.0,0.0,1.0,4.0,0.0,2.0,1.0,0.0,1.0,13,3,3,0.5,0.0,0.3333333333333333,1.0,0.23076923076923078,0.26
C10833,Customer_834,50,East,Standard,243671,57,0,51,74206.51,1455.0296078431372,4.0,15.75,0.0,1.0,4.0,2.0,0.0,2.0,2.0,0.0,11,2,3,0.0,0.5,0.25,0.0,0.18181818181818182,0.12000000000000001
C10834,Customer_835,37,West,Standard,244571,18,0,48,79027.16,1646.3991666666668,1.0,18.0,0.0,0.0,1.0,1.0,0.0,3.0,3.0,0.0,7,0,1,0.0,1.0,0.0,0.0,0.0,0.035
C10835,Customer_836,68,South,Standard,103958,48,0,61,117379.51,1924.2542622950818,4.0,18.0,1.0,1.0,4.0,3.0,0.0,1.0,1.0,0.0,9,3,0,0.0,0.75,0.25,0.0,0.3333333333333333,0.12000000000000001
C10836,Customer_837,67,South,Standard,57920,64,0,46,94582.56999999999,2056.1428260869566,0.0,0.0,0.0,0.0,7.0,2.0,3.0,3.0,3.0,0.0,7,3,1,0.42857142857142855,0.2857142857142857,0.0,0.0,0.42857142857142855,0.1142857142857143
C10837,Customer_838,43,East,Premium,167228,109,0,54,121851.49,2256.5090740740743,0.0,0.0,0.0,0.0,2.0,0.0,1.0,2.0,2.0,0.0,11,0,1,0.5,0.0,0.0,0.0,0.0,0.08
C10838,Customer_839,35,Central,Standard,167180,9,0,51,85450.81,1675.5060784313725,4.0,8.75,0.0,1.0,0.0,0.0,0.0,2.0,1.0,1.0,15,2,4,0.0,0.0,0.25,0.5,0.13333333333333333,0.165
C10839,Customer_840,57,North,Premium,187917,82,0,49,88731.69,1810.8508163265305,2.0,18.0,0.0,0.0,3.0,2.0,0.0,2.0,1.0,1.0,7,0,2,0.0,0.6666666666666666,0.0,0.5,0.0,0.095
C10840,Customer_841,41,East,Premium,158872,47,1,45,101358.15,2252.403333333333,4.0,17.0,0.0,1.0,6.0,4.0,1.0,3.0,3.0,0.0,9,0,6,0.16666666666666666,0.6666666666666666,0.25,0.0,0.0,0.15333333333333332
C10841,Customer_842,34,East,Standard,198784,61,0,52,101291.05,1947.9048076923077,1.0,17.0,0.0,1.0,4.0,2.0,0.0,2.0,1.0,0.0,11,2,3,0.0,0.5,1.0,0.0,0.18181818181818182,0.12
C10842,Customer_843,22,West,Standard,158682,113,0,48,64078.119999999995,1334.9608333333333,3.0,9.0,0.0,0.0,7.0,4.0,2.0,1.0,1.0,0.0,18,3,7,0.2857142857142857,0.5714285714285714,0.0,0.0,0.16666666666666666,0.12785714285714286
C10843,Customer_844,31,South,Standard,102603,58,0,55,100107.06,1820.1283636363637,2.0,13.5,0.0,2.0,3.0,1.0,2.0,2.0,2.0,0.0,7,1,2,0.6666666666666666,0.3333333333333333,1.0,0.0,0.14285714285714285,0.2533333333333333
C10844,Customer_845,59,East,Standard,58872,50,0,54,100196.13,1855.483888888889,3.0,9.0,0.0,1.0,1.0,0.0,0.0,1.0,1.0,0.0,7,1,0,0.0,0.0,0.3333333333333333,0.0,0.14285714285714285,0.10999999999999999
C10845,Customer_846,58,East,Standard,35728,29,0,57,89657.76,1572.9431578947367,6.0,9.666666666666666,2.0,2.0,6.0,3.0,2.0,2.0,2.0,0.0,6,2,0,0.3333333333333333,0.5,0.3333333333333333,0.0,0.3333333333333333,0.24666666666666667
C10846,Customer_847,54,Central,Standard,120102,55,1,56,98864.55,1765.4383928571428,4.0,14.0,0.0,1.0,7.0,3.0,1.0,0.0,0.0,0.0,8,2,1,0.14285714285714285,0.42857142857142855,0.25,0.0,0.25,0.1514285714285714
C10847,Customer_848,58,Central,Standard,147049,89,0,49,82701.96,1687.7951020408163,4.0,19.5,0.0,1.0,10.0,5.0,2.0,4.0,4.0,0.0,8,1,1,0.2,0.5,0.25,0.0,0.125,0.176
C10848,Customer_849,70,North,Premium,45583,90,0,65,79772.78,1227.2735384615385,4.0,14.25,0.0,2.0,8.0,4.0,4.0,4.0,3.0,1.0,9,0,2,0.5,0.5,0.5,0.25,0.0,0.31250000000000006
C10849,Customer_850,54,West,Standard,110774,75,0,61,95835.83,1571.079180327869,2.0,16.5,0.0,0.0,5.0,3.0,0.0,3.0,3.0,0.0,12,0,3,0.0,0.6,0.0,0.0,0.0,0.05
C10850,Customer_851,38,North,Premium,163335,37,0,44,137291.39,3120.258863636364,2.0,2.5,1.0,0.0,5.0,4.0,0.0,5.0,5.0,0.0,7,1,2,0.0,0.8,0.0,0.0,0.14285714285714285,0.05
C10851,Customer_852,50,Central,Standard,151374,53,0,50,79949.13,1598.9826,3.0,12.666666666666666,0.0,0.0,3.0,1.0,1.0,4.0,3.0,1.0,8,2,0,0.3333333333333333,0.3333333333333333,0.0,0.25,0.25,0.14416666666666667
C10852,Customer_853,35,South,Premium,223522,86,1,51,86973.8,1705.3686274509805,6.0,14.333333333333334,3.0,4.0,4.0,1.0,3.0,2.0,2.0,0.0,14,4,1,0.75,0.25,0.6666666666666666,0.0,0.2857142857142857,0.36999999999999994
C10853,Customer_854,47,Central,Standard,245357,39,0,50,65785.88,1315.7176000000002,2.0,16.0,0.0,1.0,7.0,3.0,0.0,2.0,2.0,0.0,6,1,0,0.0,0.42857142857142855,0.5,0.0,0.16666666666666666,0.10500000000000001
C10854,Customer_855,54,West,Standard,175528,108,0,57,130157.05,2283.45701754386,3.0,22.333333333333332,1.0,0.0,5.0,4.0,1.0,2.0,2.0,0.0,12,2,1,0.2,0.8,0.0,0.0,0.16666666666666666,0.101
C10855,Customer_856,58,Central,Premium,116118,83,1,45,93155.24,2070.1164444444444,2.0,20.0,1.0,1.0,7.0,3.0,4.0,6.0,6.0,0.0,7,0,2,0.5714285714285714,0.42857142857142855,0.5,0.0,0.0,0.2307142857142857
C10856,Customer_857,53,West,Standard,90942,113,1,39,81033.69,2077.7869230769234,0.0,0.0,0.0,0.0,4.0,3.0,1.0,3.0,3.0,0.0,8,3,1,0.25,0.75,0.0,0.0,0.375,0.06
C10857,Customer_858,44,West,Standard,38689,97,0,45,93173.86,2070.530222222222,3.0,18.666666666666668,1.0,1.0,10.0,5.0,2.0,1.0,1.0,0.0,12,3,2,0.2,0.5,0.3333333333333333,0.0,0.25,0.166
C10858,Customer_859,35,West,Business,189006,59,0,54,74153.28,1373.2088888888889,1.0,6.0,0.0,0.0,5.0,2.0,1.0,2.0,2.0,0.0,11,2,2,0.2,0.4,0.0,0.0,0.18181818181818182,0.07100000000000001
C10859,Customer_860,50,West,Standard,58276,10,1,38,96665.54000000001,2543.8300000000004,2.0,24.5,0.0,0.0,3.0,1.0,1.0,0.0,0.0,0.0,11,1,0,0.3333333333333333,0.3333333333333333,0.0,0.0,0.09090909090909091,0.09666666666666668
C10860,Customer_861,62,West,Standard,126968,81,0,59,128602.15,2179.6974576271186,3.0,17.666666666666668,0.0,0.0,5.0,2.0,2.0,2.0,2.0,0.0,8,3,1,0.4,0.4,0.0,0.0,0.375,0.137
C10861,Customer_862,37,South,Premium,175945,97,0,48,96140.53,2002.9277083333334,4.0,11.0,0.0,1.0,8.0,1.0,3.0,0.0,0.0,0.0,10,2,2,0.375,0.125,0.25,0.0,0.2,0.21000000000000002
C10862,Customer_863,25,North,Premium,38050,119,0,55,89998.95999999999,1636.3447272727271,3.0,17.333333333333332,0.0,0.0,5.0,4.0,1.0,2.0,1.0,0.0,14,6,1,0.2,0.8,0.0,0.0,0.42857142857142855,0.101
C10863,Customer_864,49,East,Premium,91216,96,0,55,153996.92,2799.9440000000004,3.0,14.333333333333334,0.0,1.0,8.0,6.0,0.0,2.0,2.0,0.0,8,1,3,0.0,0.75,0.3333333333333333,0.0,0.125,0.10999999999999999
C10864,Customer_865,24,North,Standard,240516,112,0,60,124770.14,2079.5023333333334,3.0,8.333333333333334,1.0,0.0,5.0,2.0,1.0,1.0,1.0,0.0,11,3,1,0.2,0.4,0.0,0.0,0.2727272727272727,0.101
C10865,Customer_866,30,West,Premium,109040,22,0,47,96174.27,2046.2610638297874,2.0,25.0,1.0,0.0,5.0,3.0,1.0,4.0,4.0,0.0,12,1,3,0.2,0.6,0.0,0.0,0.08333333333333333,0.08600000000000001
C10866,Customer_867,37,South,Standard,46644,105,1,48,98340.24,2048.755,5.0,15.4,0.0,0.0,7.0,4.0,3.0,1.0,1.0,0.0,14,4,2,0.42857142857142855,0.5714285714285714,0.0,0.0,0.2857142857142857,0.18928571428571428
C10867,Customer_868,30,Central,Premium,87021,55,1,51,75730.42,1484.9101960784312,3.0,26.666666666666668,1.0,1.0,5.0,1.0,2.0,3.0,1.0,1.0,13,4,2,0.4,0.2,0.3333333333333333,0.3333333333333333,0.3076923076923077,0.21866666666666665
C10868,Customer_869,37,South,Business,193197,14,0,55,88023.26,1600.422909090909,4.0,19.0,1.0,0.0,4.0,1.0,3.0,1.0,0.0,1.0,16,2,3,0.75,0.25,0.0,1.0,0.125,0.27
C10869,Customer_870,40,West,Premium,222971,51,0,59,100397.54,1701.653220338983,1.0,30.0,1.0,0.0,6.0,4.0,0.0,1.0,1.0,0.0,9,1,3,0.0,0.6666666666666666,0.0,0.0,0.1111111111111111,0.035
C10870,Customer_871,44,South,Premium,67291,19,0,55,126618.75,2302.159090909091,3.0,18.333333333333332,0.0,0.0,9.0,5.0,1.0,2.0,2.0,0.0,8,1,1,0.1111111111111111,0.5555555555555556,0.0,0.0,0.125,0.0938888888888889
C10871,Customer_872,25,South,Standard,191132,66,0,43,72346.88,1682.4855813953488,1.0,18.0,0.0,0.0,7.0,3.0,3.0,1.0,1.0,0.0,6,0,2,0.42857142857142855,0.42857142857142855,0.0,0.0,0.0,0.12928571428571428
C10872,Customer_873,54,West,Premium,157610,44,0,46,73449.69,1596.7323913043479,1.0,16.0,0.0,1.0,7.0,3.0,2.0,5.0,3.0,1.0,16,3,6,0.2857142857142857,0.42857142857142855,1.0,0.2,0.1875,0.21285714285714286
C10873,Customer_874,26,South,Premium,192248,96,0,59,94441.77,1600.707966101695,2.0,16.5,1.0,0.0,6.0,3.0,2.0,3.0,3.0,0.0,8,2,2,0.3333333333333333,0.5,0.0,0.0,0.25,0.11666666666666667
C10874,Customer_875,22,East,Standard,66520,31,1,47,69230.01,1472.9789361702126,4.0,24.25,0.0,2.0,7.0,3.0,2.0,2.0,2.0,0.0,8,0,2,0.2857142857142857,0.42857142857142855,0.5,0.0,0.0,0.22285714285714284
C10875,Customer_876,33,East,Premium,50675,21,0,43,82562.28,1920.053023255814,6.0,24.333333333333332,1.0,0.0,5.0,3.0,0.0,0.0,0.0,0.0,9,1,0,0.0,0.6,0.0,0.0,0.1111111111111111,0.11
C10876,Customer_877,63,South,Standard,174359,112,0,46,81008.98,1761.0647826086956,5.0,18.6,3.0,2.0,4.0,1.0,2.0,3.0,3.0,0.0,8,3,1,0.5,0.25,0.4,0.0,0.375,0.24900000000000003
C10877,Customer_878,63,Central,Premium,25174,13,0,60,102698.9,1711.6483333333333,0.0,0.0,0.0,0.0,7.0,3.0,3.0,0.0,0.0,0.0,7,1,0,0.42857142857142855,0.42857142857142855,0.0,0.0,0.14285714285714285,0.1142857142857143
C10878,Customer_879,68,West,Premium,117268,100,1,50,78551.01,1571.0202,8.0,18.375,1.0,4.0,4.0,1.0,1.0,2.0,2.0,0.0,14,4,3,0.25,0.25,0.5,0.0,0.2857142857142857,0.30999999999999994
C10879,Customer_880,31,East,Premium,59998,52,0,61,118854.84,1948.44,3.0,20.0,1.0,1.0,7.0,0.0,2.0,1.0,1.0,0.0,7,1,2,0.2857142857142857,0.0,0.3333333333333333,0.0,0.14285714285714285,0.17285714285714285
C10880,Customer_881,67,Central,Standard,209384,73,0,57,115969.34,2034.5498245614035,2.0,7.0,0.0,0.0,4.0,3.0,1.0,3.0,2.0,1.0,10,0,1,0.25,0.75,0.0,0.3333333333333333,0.0,0.12666666666666668
C10881,Customer_882,43,South,Standard,168184,110,0,45,96324.26,2140.539111111111,3.0,8.0,0.0,0.0,2.0,2.0,0.0,0.0,0.0,0.0,16,6,5,0.0,1.0,0.0,0.0,0.375,0.065
C10882,Customer_883,36,Central,Standard,130410,60,1,51,98280.67,1927.0719607843137,3.0,8.666666666666666,1.0,1.0,2.0,2.0,0.0,4.0,4.0,0.0,12,3,5,0.0,1.0,0.3333333333333333,0.0,0.25,0.10999999999999999
C10883,Customer_884,51,North,Business,100225,36,1,49,63489.19,1295.697755102041,3.0,17.333333333333332,0.0,1.0,6.0,3.0,2.0,1.0,1.0,0.0,10,5,0,0.3333333333333333,0.5,0.3333333333333333,0.0,0.5,0.17666666666666667
C10884,Customer_885,31,East,Standard,69814,22,0,46,73334.0,1594.2173913043478,4.0,10.0,3.0,2.0,2.0,1.0,0.0,2.0,1.0,0.0,16,6,1,0.0,0.5,0.5,0.0,0.375,0.16
C10885,Customer_886,36,South,Standard,110091,52,0,59,106527.19,1805.545593220339,4.0,8.5,1.0,0.0,6.0,5.0,1.0,5.0,1.0,2.0,8,2,3,0.16666666666666666,0.8333333333333334,0.0,0.4,0.25,0.17333333333333334
C10886,Customer_887,28,West,Premium,75719,104,0,53,96743.58,1825.350566037736,5.0,18.0,4.0,0.0,2.0,2.0,0.0,3.0,2.0,0.0,10,3,1,0.0,1.0,0.0,0.0,0.3,0.095
C10887,Customer_888,24,South,Standard,154887,90,0,48,143535.18,2990.31625,3.0,15.666666666666666,0.0,1.0,5.0,1.0,2.0,0.0,0.0,0.0,8,3,1,0.4,0.2,0.3333333333333333,0.0,0.375,0.182
C10888,Customer_889,60,West,Premium,58919,12,0,53,77766.56999999999,1467.2937735849055,3.0,14.666666666666666,0.0,0.0,6.0,6.0,0.0,4.0,2.0,0.0,10,1,2,0.0,1.0,0.0,0.0,0.1,0.065
C10889,Customer_890,24,South,Premium,98155,34,0,39,53766.88,1378.6379487179486,2.0,20.0,0.0,0.0,3.0,0.0,1.0,2.0,0.0,1.0,15,6,3,0.3333333333333333,0.0,0.0,0.5,0.4,0.1416666666666667
C10890,Customer_891,45,Central,Premium,96569,54,0,55,82410.95,1498.380909090909,2.0,24.5,1.0,2.0,5.0,2.0,1.0,2.0,2.0,0.0,7,2,0,0.2,0.4,1.0,0.0,0.2857142857142857,0.196
C10891,Customer_892,23,Central,Standard,66328,17,0,60,103678.63,1727.9771666666668,3.0,7.666666666666667,0.0,0.0,5.0,1.0,3.0,2.0,2.0,0.0,12,2,3,0.6,0.2,0.0,0.0,0.16666666666666666,0.173
C10892,Customer_893,52,Central,Standard,226554,103,0,44,77653.92,1764.861818181818,3.0,27.333333333333332,0.0,1.0,4.0,0.0,1.0,2.0,1.0,0.0,9,1,3,0.25,0.0,0.3333333333333333,0.0,0.1111111111111111,0.15
C10893,Customer_894,23,North,Standard,49618,86,0,44,64745.64,1471.4918181818182,2.0,18.0,0.0,0.0,2.0,2.0,0.0,2.0,2.0,0.0,13,3,2,0.0,1.0,0.0,0.0,0.23076923076923078,0.05
C10894,Customer_895,47,West,Standard,59675,5,0,45,80978.75,1799.5277777777778,2.0,15.0,0.0,1.0,3.0,1.0,1.0,1.0,1.0,0.0,9,0,0,0.3333333333333333,0.3333333333333333,0.5,0.0,0.0,0.15166666666666667
C10895,Customer_896,49,Central,Standard,43919,39,1,55,75384.53,1370.6278181818182,6.0,20.333333333333332,0.0,3.0,1.0,0.0,0.0,4.0,3.0,1.0,15,1,3,0.0,0.0,0.5,0.25,0.06666666666666667,0.2475
C10896,Customer_897,52,North,Standard,29173,42,0,45,66373.7,1474.971111111111,0.0,0.0,0.0,0.0,4.0,0.0,0.0,3.0,3.0,0.0,10,1,5,0.0,0.0,0.0,0.0,0.1,0.02
C10897,Customer_898,70,West,Premium,134369,74,0,70,126295.14,1804.2162857142857,3.0,17.333333333333332,0.0,0.0,3.0,2.0,0.0,2.0,0.0,2.0,7,3,3,0.0,0.6666666666666666,0.0,1.0,0.42857142857142855,0.15500000000000003
C10898,Customer_899,39,South,Premium,51400,42,1,62,124796.81,2012.8517741935484,3.0,7.666666666666667,1.0,0.0,3.0,3.0,0.0,1.0,1.0,0.0,14,4,2,0.0,1.0,0.0,0.0,0.2857142857142857,0.065
C10899,Customer_900,41,North,Standard,206517,110,1,46,119628.81999999999,2600.62652173913,5.0,14.8,1.0,1.0,2.0,1.0,0.0,3.0,1.0,2.0,5,1,0,0.0,0.5,0.2,0.6666666666666666,0.2,0.20533333333333334
C10900,Customer_901,25,East,Premium,95305,58,0,53,101711.88,1919.0920754716983,2.0,25.0,1.0,1.0,3.0,0.0,1.0,0.0,0.0,0.0,12,4,1,0.3333333333333333,0.0,0.5,0.0,0.3333333333333333,0.15166666666666667
C10901,Customer_902,38,North,Business,193636,25,1,47,85972.35,1829.1989361702128,2.0,15.0,0.0,0.0,4.0,1.0,3.0,1.0,0.0,0.0,9,2,0,0.75,0.25,0.0,0.0,0.2222222222222222,0.16999999999999998
C10902,Customer_903,48,North,Premium,201886,106,1,53,79567.44,1501.2724528301887,4.0,21.75,1.0,1.0,7.0,2.0,2.0,2.0,2.0,0.0,5,1,1,0.2857142857142857,0.2857142857142857,0.25,0.0,0.2,0.18285714285714283
C10903,Customer_904,62,West,Premium,235819,13,0,42,72776.08,1732.7638095238096,5.0,22.4,0.0,1.0,8.0,3.0,0.0,4.0,4.0,0.0,10,5,1,0.0,0.375,0.2,0.0,0.5,0.132
C10904,Customer_905,42,South,Standard,113791,112,0,49,88919.55,1814.6846938775511,6.0,14.666666666666666,2.0,1.0,6.0,2.0,2.0,2.0,2.0,0.0,9,4,1,0.3333333333333333,0.3333333333333333,0.16666666666666666,0.0,0.4444444444444444,0.21166666666666667
C10905,Customer_906,41,East,Standard,184034,66,0,42,77784.89,1852.0211904761904,3.0,13.666666666666666,0.0,1.0,4.0,2.0,1.0,3.0,2.0,0.0,12,4,1,0.25,0.5,0.3333333333333333,0.0,0.3333333333333333,0.15
C10906,Customer_907,26,Central,Standard,240964,10,0,48,75985.34,1583.0279166666667,1.0,8.0,0.0,0.0,3.0,1.0,1.0,3.0,3.0,0.0,11,2,1,0.3333333333333333,0.3333333333333333,0.0,0.0,0.18181818181818182,0.08166666666666667
C10907,Customer_908,21,Central,Standard,241914,95,0,55,84399.15,1534.53,0.0,0.0,0.0,0.0,1.0,0.0,0.0,1.0,1.0,0.0,11,1,3,0.0,0.0,0.0,0.0,0.09090909090909091,0.02
C10908,Customer_909,25,North,Business,95533,96,0,49,113223.11,2310.675714285714,5.0,12.0,0.0,2.0,3.0,1.0,1.0,1.0,1.0,0.0,12,2,2,0.3333333333333333,0.3333333333333333,0.4,0.0,0.16666666666666666,0.21566666666666665
C10909,Customer_910,61,West,Premium,212256,58,0,49,85964.62,1754.3799999999999,2.0,19.0,1.0,1.0,7.0,4.0,0.0,0.0,0.0,0.0,6,0,1,0.0,0.5714285714285714,0.5,0.0,0.0,0.10500000000000001
C10910,Customer_911,32,West,Standard,238984,62,0,57,139502.35,2447.409649122807,5.0,17.2,2.0,1.0,4.0,1.0,1.0,0.0,0.0,0.0,17,1,7,0.25,0.25,0.2,0.0,0.058823529411764705,0.17200000000000001
C10911,Customer_912,46,Central,Standard,128591,12,0,51,60299.88,1182.350588235294,4.0,12.0,1.0,2.0,7.0,4.0,0.0,0.0,0.0,0.0,14,2,6,0.0,0.5714285714285714,0.5,0.0,0.14285714285714285,0.16
C10912,Customer_913,66,East,Premium,166650,41,0,58,116221.2,2003.8137931034482,3.0,16.666666666666668,1.0,0.0,5.0,0.0,3.0,2.0,0.0,2.0,11,1,2,0.6,0.0,0.0,1.0,0.09090909090909091,0.263
C10913,Customer_914,54,South,Standard,156060,30,0,51,90694.15,1778.3166666666666,2.0,23.0,0.0,1.0,2.0,0.0,0.0,3.0,2.0,1.0,9,2,3,0.0,0.0,0.5,0.3333333333333333,0.2222222222222222,0.14166666666666666
C10914,Customer_915,69,East,Standard,174696,51,0,45,88111.81999999999,1958.0404444444443,4.0,6.5,1.0,0.0,5.0,2.0,1.0,1.0,0.0,1.0,13,2,5,0.2,0.4,0.0,1.0,0.15384615384615385,0.186
C10915,Customer_916,34,South,Premium,64194,38,0,57,93770.01,1645.087894736842,6.0,16.166666666666668,1.0,2.0,8.0,3.0,4.0,2.0,2.0,0.0,10,2,2,0.5,0.375,0.3333333333333333,0.0,0.2,0.30000000000000004
C10916,Customer_917,46,Central,Standard,134903,15,0,48,71218.73,1483.7235416666665,3.0,3.6666666666666665,1.0,1.0,4.0,2.0,1.0,3.0,3.0,0.0,9,1,3,0.25,0.5,0.3333333333333333,0.0,0.1111111111111111,0.15
C10917,Customer_918,65,South,Standard,156461,98,0,42,85830.55,2043.584523809524,1.0,13.0,0.0,0.0,3.0,0.0,2.0,4.0,4.0,0.0,9,1,2,0.6666666666666666,0.0,0.0,0.0,0.1111111111111111,0.12833333333333335
C10918,Customer_919,47,West,Standard,124303,38,0,51,68170.33,1336.673137254902,0.0,0.0,0.0,0.0,5.0,3.0,1.0,3.0,3.0,0.0,13,0,4,0.2,0.6,0.0,0.0,0.0,0.056
C10919,Customer_920,29,North,Premium,138903,103,0,50,87868.09,1757.3618,2.0,21.0,1.0,1.0,2.0,2.0,0.0,1.0,1.0,0.0,13,2,5,0.0,1.0,0.5,0.0,0.15384615384615385,0.10500000000000001
C10920,Customer_921,46,North,Standard,92391,28,0,48,116144.15000000001,2419.6697916666667,2.0,10.5,0.0,1.0,7.0,2.0,1.0,0.0,0.0,0.0,8,2,1,0.14285714285714285,0.2857142857142857,0.5,0.0,0.25,0.13642857142857143
C10921,Customer_922,67,Central,Standard,169866,88,0,47,60365.23,1284.3665957446808,1.0,16.0,0.0,0.0,1.0,1.0,0.0,2.0,2.0,0.0,5,1,1,0.0,1.0,0.0,0.0,0.2,0.035
C10922,Customer_923,42,West,Standard,83002,6,0,59,138710.82,2351.0308474576273,6.0,17.666666666666668,2.0,3.0,6.0,2.0,2.0,8.0,8.0,0.0,10,3,7,0.3333333333333333,0.3333333333333333,0.5,0.0,0.3,0.28166666666666673
C10923,Customer_924,67,East,Standard,60531,97,0,56,91602.83,1635.7648214285714,2.0,12.5,1.0,0.0,7.0,4.0,1.0,3.0,2.0,0.0,14,4,4,0.14285714285714285,0.5714285714285714,0.0,0.0,0.2857142857142857,0.08142857142857143
C10924,Customer_925,50,West,Standard,208887,84,0,61,105278.75,1725.8811475409836,3.0,16.666666666666668,1.0,1.0,3.0,2.0,1.0,1.0,1.0,0.0,7,0,2,0.3333333333333333,0.6666666666666666,0.3333333333333333,0.0,0.0,0.15666666666666665
C10925,Customer_926,63,North,Premium,29986,66,1,53,95752.52,1806.651320754717,6.0,10.0,2.0,2.0,6.0,3.0,2.0,1.0,1.0,0.0,13,2,2,0.3333333333333333,0.5,0.3333333333333333,0.0,0.15384615384615385,0.24666666666666667
C10926,Customer_927,68,North,Standard,57298,40,0,31,43559.79,1405.1545161290323,1.0,11.0,0.0,1.0,2.0,0.0,1.0,1.0,1.0,0.0,13,2,3,0.5,0.0,1.0,0.0,0.15384615384615385,0.18
C10927,Customer_928,37,West,Premium,26481,90,0,55,93018.49,1691.2452727272728,2.0,21.5,0.0,2.0,5.0,2.0,3.0,1.0,1.0,0.0,8,1,2,0.6,0.4,1.0,0.0,0.125,0.268
C10928,Customer_929,46,West,Standard,81408,89,0,54,89568.14,1658.6692592592592,4.0,21.5,1.0,2.0,7.0,3.0,3.0,1.0,1.0,0.0,9,1,1,0.42857142857142855,0.42857142857142855,0.5,0.0,0.1111111111111111,0.25428571428571434
C10929,Customer_930,56,North,Standard,225339,24,0,52,76955.63,1479.9159615384617,2.0,15.0,1.0,1.0,4.0,4.0,0.0,0.0,0.0,0.0,10,4,3,0.0,1.0,0.5,0.0,0.4,0.10500000000000001
C10930,Customer_931,21,East,Standard,146950,4,0,50,104809.68,2096.1936,2.0,7.5,0.0,1.0,7.0,2.0,0.0,4.0,3.0,1.0,6,0,1,0.0,0.2857142857142857,0.5,0.25,0.0,0.1375
C10931,Customer_932,28,Central,Standard,172907,33,0,45,93862.61,2085.835777777778,2.0,8.0,1.0,2.0,9.0,3.0,4.0,1.0,1.0,0.0,5,2,1,0.4444444444444444,0.3333333333333333,1.0,0.0,0.4,0.27555555555555555
C10932,Customer_933,69,Central,Standard,150355,13,0,44,64403.17,1463.708409090909,5.0,13.2,1.0,1.0,5.0,4.0,0.0,1.0,1.0,0.0,10,5,3,0.0,0.8,0.2,0.0,0.5,0.132
C10933,Customer_934,55,West,Standard,52798,94,0,52,112599.24,2165.37,6.0,17.166666666666668,2.0,3.0,7.0,2.0,2.0,2.0,2.0,0.0,7,0,1,0.2857142857142857,0.2857142857142857,0.5,0.0,0.0,0.27785714285714286
C10934,Customer_935,35,Central,Standard,116649,48,1,53,120614.31,2275.7416981132073,3.0,10.0,0.0,1.0,11.0,4.0,3.0,3.0,2.0,1.0,11,1,2,0.2727272727272727,0.36363636363636365,0.3333333333333333,0.3333333333333333,0.09090909090909091,0.22848484848484846
C10935,Customer_936,67,North,Premium,89887,98,0,56,101081.05,1805.01875,4.0,14.25,1.0,2.0,2.0,1.0,0.0,5.0,5.0,0.0,10,2,0,0.0,0.5,0.5,0.0,0.2,0.16
C10936,Customer_937,42,North,Standard,44477,64,1,45,95105.3,2113.451111111111,3.0,28.0,1.0,1.0,4.0,1.0,2.0,3.0,3.0,0.0,8,2,2,0.5,0.25,0.3333333333333333,0.0,0.25,0.19
C10937,Customer_938,34,West,Premium,173338,71,0,48,101142.97,2107.1452083333334,2.0,19.5,0.0,1.0,2.0,0.0,1.0,0.0,0.0,0.0,8,1,2,0.5,0.0,0.5,0.0,0.125,0.165
C10938,Customer_939,46,West,Business,242400,66,1,46,55680.6,1210.4478260869564,6.0,15.666666666666666,0.0,2.0,3.0,2.0,0.0,4.0,3.0,0.0,11,3,5,0.0,0.6666666666666666,0.3333333333333333,0.0,0.2727272727272727,0.18
C10939,Customer_940,48,West,Standard,242060,104,0,61,105294.73,1726.1431147540984,1.0,30.0,0.0,1.0,5.0,1.0,1.0,3.0,1.0,1.0,13,1,6,0.2,0.2,1.0,0.3333333333333333,0.07692307692307693,0.19266666666666665
C10940,Customer_941,43,East,Standard,152815,12,0,51,94961.18,1861.9839215686272,3.0,20.0,1.0,0.0,1.0,1.0,0.0,1.0,0.0,0.0,9,3,0,0.0,1.0,0.0,0.0,0.3333333333333333,0.065
C10941,Customer_942,34,Central,Standard,199598,42,0,38,53654.96,1411.9726315789474,4.0,20.0,1.0,1.0,5.0,2.0,2.0,3.0,1.0,2.0,8,1,2,0.4,0.4,0.25,0.6666666666666666,0.125,0.26533333333333337
C10942,Customer_943,44,West,Standard,152426,112,0,58,87153.22,1502.641724137931,5.0,17.6,0.0,3.0,8.0,7.0,0.0,1.0,0.0,0.0,9,2,2,0.0,0.875,0.6,0.0,0.2222222222222222,0.20600000000000002
C10943,Customer_944,22,South,Standard,167961,26,0,62,110345.48,1779.765806451613,1.0,29.0,0.0,1.0,7.0,2.0,3.0,0.0,0.0,0.0,9,3,3,0.42857142857142855,0.2857142857142857,1.0,0.0,0.3333333333333333,0.21428571428571427
C10944,Customer_945,65,South,Premium,49335,101,0,47,100341.87,2134.933404255319,1.0,4.0,1.0,0.0,6.0,3.0,1.0,1.0,1.0,0.0,8,3,1,0.16666666666666666,0.5,0.0,0.0,0.375,0.06833333333333334
C10945,Customer_946,46,North,Standard,167326,46,1,53,121143.67,2285.729622641509,3.0,18.0,1.0,0.0,5.0,2.0,2.0,4.0,3.0,1.0,8,4,0,0.4,0.4,0.0,0.25,0.5,0.1695
C10946,Customer_947,34,Central,Standard,111610,114,1,49,100286.07,2046.6544897959186,3.0,17.666666666666668,1.0,1.0,7.0,2.0,1.0,4.0,2.0,2.0,11,0,3,0.14285714285714285,0.2857142857142857,0.3333333333333333,0.5,0.0,0.20642857142857143
C10947,Customer_948,27,West,Premium,36442,62,0,69,125698.01,1821.7102898550725,3.0,17.0,0.0,0.0,6.0,2.0,2.0,5.0,5.0,0.0,10,1,2,0.3333333333333333,0.3333333333333333,0.0,0.0,0.1,0.13166666666666668
C10948,Customer_949,23,South,Standard,71289,64,0,54,91217.99,1689.2220370370371,3.0,11.666666666666666,0.0,1.0,3.0,1.0,1.0,1.0,1.0,0.0,8,2,2,0.3333333333333333,0.3333333333333333,0.3333333333333333,0.0,0.25,0.15666666666666665
C10949,Customer_950,67,Central,Premium,78747,89,0,59,114847.38,1946.5657627118644,3.0,21.333333333333332,1.0,1.0,3.0,3.0,0.0,2.0,1.0,0.0,17,5,3,0.0,1.0,0.3333333333333333,0.0,0.29411764705882354,0.10999999999999999
C10950,Customer_951,43,North,Standard,62327,19,0,36,60123.81,1670.1058333333333,7.0,12.428571428571429,0.0,2.0,4.0,2.0,1.0,0.0,0.0,0.0,12,3,1,0.25,0.5,0.2857142857142857,0.0,0.25,0.2321428571428571
C10951,Customer_952,66,East,Standard,172271,67,0,55,92375.52,1679.5549090909092,4.0,8.75,0.0,2.0,5.0,1.0,2.0,3.0,1.0,1.0,13,4,1,0.4,0.2,0.5,0.3333333333333333,0.3076923076923077,0.26866666666666666
C10952,Customer_953,63,Central,Standard,97827,97,1,39,54262.299999999996,1391.3410256410255,7.0,13.714285714285714,0.0,1.0,4.0,3.0,1.0,4.0,3.0,1.0,7,0,4,0.25,0.75,0.14285714285714285,0.25,0.0,0.23107142857142854
C10953,Customer_954,67,Central,Standard,131464,97,0,66,155214.72,2351.738181818182,2.0,21.0,0.0,0.0,3.0,2.0,0.0,1.0,0.0,0.0,8,3,1,0.0,0.6666666666666666,0.0,0.0,0.375,0.05
C10954,Customer_955,65,East,Business,156184,108,0,48,82734.52,1723.6358333333335,3.0,10.0,1.0,0.0,6.0,3.0,1.0,1.0,0.0,0.0,12,4,2,0.16666666666666666,0.5,0.0,0.0,0.3333333333333333,0.09833333333333334
C10955,Customer_956,38,Central,Standard,112051,59,0,58,98420.74,1696.9093103448276,2.0,25.5,1.0,1.0,9.0,4.0,2.0,3.0,1.0,2.0,12,5,2,0.2222222222222222,0.4444444444444444,0.5,0.6666666666666666,0.4166666666666667,0.2361111111111111
C10956,Customer_957,58,North,Business,175653,57,0,42,98386.68,2342.54,2.0,22.0,0.0,0.0,5.0,2.0,1.0,4.0,2.0,2.0,7,1,2,0.2,0.4,0.0,0.5,0.14285714285714285,0.151
C10957,Customer_958,55,North,Standard,84722,108,1,47,73737.75,1568.8882978723404,5.0,11.4,0.0,1.0,1.0,1.0,0.0,1.0,0.0,0.0,10,2,3,0.0,1.0,0.2,0.0,0.2,0.132
C10958,Customer_959,35,East,Standard,117036,55,0,72,126903.06,1762.5425,4.0,17.25,0.0,1.0,6.0,4.0,1.0,0.0,0.0,0.0,9,3,1,0.16666666666666666,0.6666666666666666,0.25,0.0,0.3333333333333333,0.15333333333333332
C10959,Customer_960,45,West,Standard,172595,58,0,44,72268.07,1642.4561363636365,2.0,9.0,0.0,1.0,3.0,1.0,1.0,4.0,3.0,0.0,20,5,1,0.3333333333333333,0.3333333333333333,0.5,0.0,0.25,0.15166666666666667
C10960,Customer_961,57,South,Standard,91960,100,1,45,86327.93000000001,1918.3984444444445,5.0,10.0,0.0,0.0,5.0,2.0,2.0,4.0,4.0,0.0,5,0,1,0.4,0.4,0.0,0.0,0.0,0.167
C10961,Customer_962,48,West,Business,44552,11,0,47,64090.81,1363.634255319149,7.0,14.142857142857142,1.0,3.0,1.0,0.0,1.0,3.0,1.0,1.0,14,2,6,1.0,0.0,0.42857142857142855,0.3333333333333333,0.14285714285714285,0.36238095238095236
C10962,Customer_963,30,Central,Standard,166880,24,0,55,102657.61,1866.502,3.0,10.666666666666666,0.0,0.0,5.0,0.0,3.0,1.0,0.0,0.0,11,3,2,0.6,0.0,0.0,0.0,0.2727272727272727,0.173
C10963,Customer_964,59,South,Standard,228597,15,0,41,75083.54,1831.3058536585365,2.0,10.0,0.0,1.0,6.0,2.0,2.0,2.0,1.0,0.0,16,3,5,0.3333333333333333,0.3333333333333333,0.5,0.0,0.1875,0.17166666666666666
C10964,Customer_965,37,East,Standard,179692,91,0,59,116055.43000000001,1967.041186440678,4.0,19.75,0.0,0.0,10.0,4.0,1.0,2.0,1.0,0.0,11,2,2,0.1,0.4,0.0,0.0,0.18181818181818182,0.10800000000000001
C10965,Customer_966,59,East,Standard,25887,50,0,43,52914.96,1230.5804651162791,2.0,23.0,1.0,2.0,5.0,1.0,2.0,4.0,4.0,0.0,14,3,2,0.4,0.2,1.0,0.0,0.21428571428571427,0.23199999999999998
C10966,Customer_967,42,South,Standard,56802,20,0,52,74978.11,1441.8867307692308,2.0,15.0,1.0,1.0,5.0,1.0,2.0,1.0,1.0,0.0,10,4,2,0.4,0.2,0.5,0.0,0.4,0.177
C10967,Customer_968,46,North,Standard,110024,117,0,44,57470.25,1306.1420454545455,3.0,18.333333333333332,1.0,1.0,7.0,5.0,1.0,0.0,0.0,0.0,13,1,1,0.14285714285714285,0.7142857142857143,0.3333333333333333,0.0,0.07692307692307693,0.14142857142857143
C10968,Customer_969,64,South,Premium,143639,78,0,47,82611.28,1757.6868085106382,3.0,11.666666666666666,0.0,0.0,6.0,3.0,2.0,5.0,4.0,1.0,10,1,1,0.3333333333333333,0.5,0.0,0.2,0.1,0.16166666666666668
C10969,Customer_970,45,Central,Standard,143248,42,0,45,85548.38,1901.0751111111113,5.0,18.0,1.0,2.0,5.0,4.0,0.0,4.0,3.0,1.0,12,0,2,0.0,0.8,0.4,0.25,0.0,0.2015
C10970,Customer_971,37,North,Standard,106938,19,0,51,105030.09,2059.4135294117646,4.0,15.25,0.0,0.0,6.0,3.0,2.0,2.0,1.0,1.0,5,0,2,0.3333333333333333,0.5,0.0,0.5,0.0,0.19166666666666665
C10971,Customer_972,33,East,Standard,242813,17,0,38,59847.35,1574.9302631578946,1.0,5.0,0.0,0.0,3.0,1.0,1.0,3.0,2.0,1.0,15,4,0,0.3333333333333333,0.3333333333333333,0.0,0.3333333333333333,0.26666666666666666,0.11833333333333333
C10972,Customer_973,40,South,Standard,147746,108,0,66,104628.45,1585.2795454545453,5.0,15.4,2.0,2.0,7.0,3.0,2.0,2.0,0.0,1.0,11,0,2,0.2857142857142857,0.42857142857142855,0.4,0.5,0.0,0.27685714285714286
C10973,Customer_974,45,West,Business,51049,17,0,44,80876.5,1838.1022727272727,1.0,16.0,0.0,0.0,2.0,0.0,0.0,1.0,1.0,0.0,2,0,0,0.0,0.0,0.0,0.0,0.0,0.085
C10974,Customer_975,24,West,Standard,102789,81,1,49,94588.14,1930.3702040816327,3.0,10.666666666666666,0.0,2.0,3.0,1.0,1.0,0.0,0.0,0.0,11,0,4,0.3333333333333333,0.3333333333333333,0.6666666666666666,0.0,0.0,0.20166666666666666
C10975,Customer_976,30,Central,Standard,109526,65,0,48,121024.85,2521.351041666667,9.0,15.88888888888889,2.0,2.0,6.0,3.0,0.0,2.0,2.0,0.0,10,1,1,0.0,0.5,0.2222222222222222,0.0,0.1,0.21833333333333335
C10976,Customer_977,23,West,Premium,163918,41,0,47,71999.72,1531.9089361702129,1.0,15.0,0.0,0.0,3.0,0.0,1.0,2.0,2.0,0.0,6,2,1,0.3333333333333333,0.0,0.0,0.0,0.3333333333333333,0.08166666666666667
C10977,Customer_978,61,South,Standard,246635,15,1,43,71576.01,1664.558372093023,2.0,15.5,0.0,0.0,4.0,1.0,1.0,2.0,2.0,0.0,6,2,1,0.25,0.25,0.0,0.0,0.3333333333333333,0.09000000000000001
C10978,Customer_979,65,South,Standard,71220,83,0,40,103520.68000000001,2588.0170000000003,2.0,20.5,0.0,1.0,2.0,2.0,0.0,6.0,5.0,1.0,14,4,2,0.0,1.0,0.5,0.16666666666666666,0.2857142857142857,0.13333333333333333
C10979,Customer_980,38,West,Business,71163,34,0,42,57118.46,1359.9633333333334,1.0,17.0,0.0,0.0,5.0,4.0,1.0,4.0,3.0,0.0,8,0,1,0.2,0.8,0.0,0.0,0.0,0.07100000000000001
C10980,Customer_981,67,South,Premium,159837,11,0,52,75921.74,1460.0334615384616,3.0,19.333333333333332,0.0,0.0,7.0,2.0,3.0,1.0,0.0,1.0,7,1,1,0.42857142857142855,0.2857142857142857,0.0,1.0,0.14285714285714285,0.22928571428571426
C10981,Customer_982,56,Central,Business,142126,42,0,56,86279.47,1540.7048214285714,2.0,24.0,0.0,0.0,11.0,5.0,3.0,2.0,2.0,0.0,8,4,1,0.2727272727272727,0.45454545454545453,0.0,0.0,0.5,0.1318181818181818
C10982,Customer_983,67,North,Standard,106486,22,1,50,98099.48,1961.9895999999999,1.0,27.0,0.0,1.0,6.0,4.0,0.0,0.0,0.0,0.0,10,4,3,0.0,0.6666666666666666,1.0,0.0,0.4,0.12
C10983,Customer_984,42,Central,Standard,201342,92,1,62,141396.81,2280.593709677419,2.0,19.0,0.0,0.0,7.0,3.0,1.0,3.0,3.0,0.0,9,3,1,0.14285714285714285,0.42857142857142855,0.0,0.0,0.3333333333333333,0.08142857142857143
C10984,Customer_985,54,Central,Standard,100277,93,0,53,127151.8,2399.0905660377357,3.0,19.666666666666668,0.0,1.0,7.0,5.0,2.0,3.0,2.0,1.0,15,4,1,0.2857142857142857,0.7142857142857143,0.3333333333333333,0.3333333333333333,0.26666666666666666,0.2095238095238095
C10985,Customer_986,67,South,Standard,244350,87,0,45,60711.56,1349.1457777777778,4.0,17.75,0.0,3.0,4.0,1.0,1.0,4.0,4.0,0.0,8,4,1,0.25,0.25,0.75,0.0,0.5,0.24
C10986,Customer_987,28,North,Premium,246311,84,0,54,74100.56999999999,1372.2327777777775,2.0,24.5,0.0,1.0,8.0,4.0,1.0,0.0,0.0,0.0,5,0,1,0.125,0.5,0.5,0.0,0.0,0.135
C10987,Customer_988,60,South,Standard,129245,79,0,63,109140.65,1732.3912698412698,0.0,0.0,0.0,0.0,6.0,3.0,1.0,0.0,0.0,0.0,6,1,3,0.16666666666666666,0.5,0.0,0.0,0.16666666666666666,0.05333333333333333
C10988,Customer_989,69,East,Premium,147332,82,0,41,102461.77,2499.06756097561,2.0,16.0,1.0,1.0,5.0,3.0,2.0,2.0,0.0,1.0,13,1,3,0.4,0.6,0.5,0.5,0.07692307692307693,0.22199999999999998
C10989,Customer_990,64,South,Premium,47931,75,0,47,67665.6,1439.6936170212766,3.0,12.666666666666666,1.0,2.0,5.0,1.0,2.0,2.0,1.0,1.0,8,1,2,0.4,0.2,0.6666666666666666,0.5,0.125,0.27199999999999996
C10990,Customer_991,39,South,Standard,114116,65,0,43,64766.13,1506.1890697674419,0.0,0.0,0.0,0.0,5.0,3.0,0.0,1.0,1.0,0.0,4,0,1,0.0,0.6,0.0,0.0,0.0,0.07
C10991,Customer_992,62,South,Standard,80633,78,0,54,79384.4,1470.0814814814814,2.0,15.5,0.0,0.0,3.0,1.0,1.0,2.0,1.0,1.0,13,1,3,0.3333333333333333,0.3333333333333333,0.0,0.5,0.07692307692307693,0.1416666666666667
C10992,Customer_993,61,North,Premium,236774,46,0,58,110607.85,1907.0318965517242,2.0,12.0,1.0,0.0,6.0,3.0,1.0,0.0,0.0,0.0,4,1,1,0.16666666666666666,0.5,0.0,0.0,0.25,0.13333333333333336
C10993,Customer_994,57,South,Standard,76913,40,0,48,58258.66,1213.7220833333333,4.0,12.0,1.0,2.0,2.0,0.0,2.0,0.0,0.0,0.0,6,1,3,1.0,0.0,0.5,0.0,0.16666666666666666,0.28
C10994,Customer_995,26,North,Premium,119776,85,0,40,58196.89,1454.92225,1.0,28.0,0.0,1.0,8.0,5.0,1.0,1.0,0.0,0.0,7,0,1,0.125,0.625,1.0,0.0,0.0,0.15
C10995,Customer_996,46,West,Standard,50991,62,1,54,95625.41,1770.840925925926,3.0,4.0,0.0,0.0,3.0,0.0,1.0,4.0,4.0,0.0,19,5,1,0.3333333333333333,0.0,0.0,0.0,0.2631578947368421,0.11166666666666666
C10996,Customer_997,54,East,Standard,210917,73,0,50,109475.66,2189.5132,6.0,16.5,2.0,2.0,5.0,3.0,1.0,1.0,1.0,0.0,15,1,4,0.2,0.6,0.3333333333333333,0.0,0.06666666666666667,0.216
C10997,Customer_998,65,North,Standard,129092,101,1,55,76483.0,1390.6,3.0,14.666666666666666,0.0,1.0,9.0,5.0,1.0,1.0,0.0,1.0,14,2,2,0.1111111111111111,0.5555555555555556,0.3333333333333333,1.0,0.14285714285714285,0.2088888888888889
C10998,Customer_999,26,West,Business,211384,50,0,50,102077.83,2041.5566000000001,5.0,18.6,1.0,1.0,5.0,0.0,2.0,0.0,0.0,0.0,8,3,0,0.4,0.0,0.2,0.0,0.375,0.20400000000000001
C10999,Customer_1000,57,North,Standard,166633,20,0,58,117008.7,2017.3913793103447,2.0,13.0,1.0,1.0,5.0,3.0,2.0,2.0,1.0,1.0,6,1,1,0.4,0.6,0.5,0.5,0.16666666666666666,0.22199999999999998
