interaction_id,customer_id,interaction_date,channel,interaction_type
I1,C10289,2025-03-24,Email,Support
I2,C10390,2026-03-20,Email,Inquiry
I3,C10342,2026-02-25,Call,Purchase
I4,C10268,2026-05-02,Branch,Purchase
I5,C10144,2026-05-26,Branch,Login
I6,C10026,2026-07-06,Call,Inquiry
I7,C10380,2026-07-09,Branch,Purchase
I8,C10510,2025-05-19,Call,Support
I9,C10814,2026-07-14,Call,Complaint
I10,C10945,2025-09-26,Web,Support
I11,C10303,2025-08-08,Branch,Complaint
I12,C10631,2025-09-23,Call,Inquiry
I13,C10439,2026-08-22,Branch,Complaint
I14,C10251,2025-12-24,Call,Purchase
I15,C10849,2025-05-27,Call,Purchase
I16,C10873,2025-03-07,Web,Support
I17,C10398,2026-03-05,Email,Purchase
I18,C10884,2026-05-22,Email,Inquiry
I19,C10785,2025-07-23,Mobile,Inquiry
I20,C10322,2025-09-21,Web,Inquiry
I21,C10518,2025-07-31,Branch,Support
I22,C10752,2026-01-02,Email,Login
I23,C10692,2026-04-13,Web,Complaint
I24,C10384,2026-05-12,Web,Purchase
I25,C10408,2025-09-13,Web,Purchase
I26,C10438,2025-03-29,Mobile,Login
I27,C10401,2025-03-14,Mobile,Login
I28,C10814,2026-03-31,Email,Support
I29,C10610,2025-05-29,Call,Login
I30,C10317,2025-12-20,Mobile,Purchase
I31,C10653,2026-05-22,Email,Inquiry
I32,C10925,2026-07-17,Mobile,Inquiry
I33,C10448,2025-10-15,Mobile,Purchase
I34,C10996,2025-09-01,Branch,Complaint
I35,C10509,2025-08-28,Email,Purchase
I36,C10848,2026-03-01,Branch,Login
I37,C10604,2026-02-14,Mobile,Purchase
I38,C10617,2025-01-15,Web,Purchase
I39,C10713,2026-02-13,Call,Login
I40,C10035,2025-12-17,Call,Complaint
I41,C10755,2025-04-18,Web,Purchase
I42,C10714,2025-08-16,Call,Support
I43,C10844,2026-08-17,Mobile,Inquiry
I44,C10351,2025-04-11,Call,Login
I45,C10278,2025-08-02,Web,Inquiry
I46,C10956,2026-03-24,Email,Inquiry
I47,C10873,2026-07-11,Call,Login
I48,C10151,2025-04-19,Mobile,Support
I49,C10955,2025-04-23,Web,Support
I50,C10053,2025-11-07,Web,Support
I51,C10995,2026-07-10,Branch,Login
I52,C10705,2026-04-11,Web,Inquiry
I53,C10257,2025-07-31,Email,Purchase
I54,C10091,2025-02-05,Email,Complaint
I55,C10037,2026-05-28,Email,Purchase
I56,C10078,2026-03-14,Call,Inquiry
I57,C10464,2026-02-10,Mobile,Complaint
I58,C10919,2025-11-30,Branch,Complaint
I59,C10086,2025-03-02,Mobile,Login
I60,C10124,2025-04-08,Email,Complaint
I61,C10622,2026-04-14,Call,Support
I62,C10775,2026-02-21,Email,Inquiry
I63,C10247,2025-12-23,Web,Purchase
I64,C10338,2025-07-16,Email,Inquiry
I65,C10619,2025-03-19,Email,Complaint
I66,C10947,2025-09-12,Call,Inquiry
I67,C10567,2025-04-09,Web,Support
I68,C10598,2025-07-13,Branch,Login
I69,C10715,2025-09-09,Call,Login
I70,C10697,2025-11-25,Call,Inquiry
I71,C10878,2025-03-13,Branch,Purchase
I72,C10273,2025-08-10,Email,Complaint
I73,C10265,2026-05-07,Call,Login
I74,C10851,2025-09-28,Email,Login
I75,C10414,2026-07-10,Mobile,Support
I76,C10796,2025-07-14,Email,Login
I77,C10548,2025-09-01,Web,Login
I78,C10205,2026-07-30,Call,Complaint
I79,C10121,2025-04-23,Mobile,Inquiry
I80,C10583,2025-11-24,Branch,Complaint
I81,C10916,2025-12-12,Mobile,Purchase
I82,C10479,2026-07-01,Email,Inquiry
I83,C10039,2026-04-13,Branch,Complaint
I84,C10864,2025-01-15,Mobile,Inquiry
I85,C10840,2025-10-17,Branch,Complaint
I86,C10971,2026-05-11,Email,Support
I87,C10344,2026-01-03,Branch,Support
I88,C10293,2026-08-31,Call,Login
I89,C10819,2026-03-14,Branch,Support
I90,C10020,2026-07-27,Email,Support
I91,C10756,2026-01-04,Call,Login
I92,C10687,2026-04-14,Mobile,Support
I93,C10105,2026-05-08,Call,Complaint
I94,C10000,2025-02-10,Call,Inquiry
I95,C10309,2025-11-14,Branch,Complaint
I96,C10076,2025-05-17,Web,Support
I97,C10595,2025-05-18,Call,Complaint
I98,C10649,2025-03-01,Web,Login
I99,C10160,2026-03-24,Email,Complaint
I100,C10471,2026-03-12,Email,Purchase
I101,C10083,2025-06-16,Branch,Complaint
I102,C10912,2025-05-28,Branch,Login
I103,C10946,2025-10-08,Web,Complaint
I104,C10151,2025-04-29,Web,Complaint
I105,C10375,2025-05-14,Branch,Complaint
I106,C10317,2025-01-02,Call,Purchase
I107,C10166,2025-01-18,Email,Support
I108,C10895,2025-03-11,Email,Inquiry
I109,C10162,2026-01-15,Email,Inquiry
I110,C10433,2026-07-31,Email,Login
I111,C10239,2026-07-11,Email,Purchase
I112,C10639,2025-04-07,Mobile,Complaint
I113,C10434,2026-02-02,Email,Login
I114,C10845,2025-07-15,Branch,Inquiry
I115,C10898,2025-07-10,Mobile,Complaint
I116,C10870,2025-04-03,Branch,Complaint
I117,C10064,2026-01-26,Web,Complaint
I118,C10485,2025-11-12,Mobile,Login
I119,C10807,2025-05-22,Call,Login
I120,C10768,2025-02-20,Mobile,Inquiry
I121,C10656,2025-11-01,Mobile,Inquiry
I122,C10295,2025-09-26,Branch,Complaint
I123,C10444,2026-04-05,Web,Inquiry
I124,C10558,2025-06-30,Web,Purchase
I125,C10341,2025-03-25,Mobile,Complaint
I126,C10932,2026-02-16,Web,Support
I127,C10378,2026-07-25,Branch,Support
I128,C10858,2025-11-06,Call,Purchase
I129,C10783,2025-08-08,Call,Purchase
I130,C10707,2025-06-26,Email,Inquiry
I131,C10743,2025-09-07,Branch,Inquiry
I132,C10032,2025-09-06,Call,Login
I133,C10719,2025-02-21,Web,Inquiry
I134,C10285,2025-09-28,Call,Login
I135,C10837,2025-01-01,Mobile,Login
I136,C10184,2025-08-16,Branch,Inquiry
I137,C10535,2026-05-13,Call,Support
I138,C10162,2026-04-14,Web,Purchase
I139,C10082,2025-04-22,Call,Login
I140,C10185,2025-11-04,Call,Purchase
I141,C10411,2026-03-20,Web,Support
I142,C10468,2025-06-04,Mobile,Inquiry
I143,C10141,2025-01-27,Web,Login
I144,C10227,2025-02-28,Web,Complaint
I145,C10205,2026-04-19,Email,Support
I146,C10636,2025-10-16,Mobile,Login
I147,C10605,2026-04-23,Web,Support
I148,C10932,2025-11-01,Web,Purchase
I149,C10373,2026-01-31,Web,Complaint
I150,C10428,2026-05-08,Branch,Purchase
I151,C10689,2025-03-29,Email,Inquiry
I152,C10592,2026-07-18,Call,Complaint
I153,C10766,2025-06-09,Web,Purchase
I154,C10112,2025-01-20,Web,Support
I155,C10849,2025-08-31,Email,Purchase
I156,C10127,2025-12-12,Web,Complaint
I157,C10416,2026-03-20,Email,Complaint
I158,C10286,2026-06-29,Web,Support
I159,C10857,2026-08-17,Web,Support
I160,C10107,2025-08-30,Mobile,Purchase
I161,C10343,2026-06-07,Branch,Purchase
I162,C10486,2025-12-25,Branch,Support
I163,C10096,2025-02-22,Web,Purchase
I164,C10112,2025-12-02,Branch,Support
I165,C10584,2025-01-31,Branch,Login
I166,C10984,2025-12-04,Branch,Support
I167,C10872,2025-08-11,Web,Support
I168,C10734,2025-10-01,Branch,Purchase
I169,C10373,2026-07-01,Web,Complaint
I170,C10215,2025-07-05,Mobile,Support
I171,C10709,2025-02-11,Mobile,Purchase
I172,C10478,2025-07-26,Web,Inquiry
I173,C10954,2026-08-05,Call,Complaint
I174,C10208,2025-10-21,Branch,Purchase
I175,C10473,2026-08-06,Branch,Login
I176,C10996,2026-01-12,Web,Login
I177,C10204,2025-05-07,Mobile,Support
I178,C10708,2026-06-30,Web,Complaint
I179,C10135,2025-10-20,Mobile,Inquiry
I180,C10216,2026-01-04,Mobile,Complaint
I181,C10314,2026-08-15,Call,Purchase
I182,C10152,2026-06-20,Call,Inquiry
I183,C10288,2026-02-22,Call,Support
I184,C10842,2025-06-30,Mobile,Inquiry
I185,C10398,2025-01-11,Web,Login
I186,C10140,2026-03-22,Mobile,Complaint
I187,C10052,2025-07-09,Mobile,Login
I188,C10926,2025-05-19,Mobile,Support
I189,C10085,2026-05-24,Web,Purchase
I190,C10699,2025-11-21,Branch,Purchase
I191,C10662,2025-05-03,Web,Login
I192,C10129,2026-04-24,Branch,Purchase
I193,C10300,2025-01-31,Call,Purchase
I194,C10226,2026-07-05,Email,Login
I195,C10709,2026-06-16,Web,Support
I196,C10138,2026-05-16,Mobile,Purchase
I197,C10950,2025-01-22,Email,Login
I198,C10645,2025-08-19,Call,Complaint
I199,C10500,2025-03-16,Mobile,Login
I200,C10993,2026-01-22,Branch,Purchase
I201,C10666,2025-10-27,Email,Purchase
I202,C10510,2025-12-24,Branch,Inquiry
I203,C10173,2025-01-28,Branch,Inquiry
I204,C10558,2025-11-07,Mobile,Inquiry
I205,C10781,2026-03-16,Web,Purchase
I206,C10708,2025-08-27,Email,Complaint
I207,C10006,2026-07-12,Web,Purchase
I208,C10590,2026-04-04,Branch,Login
I209,C10618,2025-06-01,Branch,Inquiry
I210,C10019,2026-02-04,Mobile,Complaint
I211,C10792,2025-10-14,Mobile,Purchase
I212,C10459,2026-01-13,Mobile,Support
I213,C10605,2025-07-30,Email,Support
I214,C10300,2026-05-11,Branch,Inquiry
I215,C10688,2026-07-07,Branch,Support
I216,C10073,2025-05-13,Mobile,Support
I217,C10581,2026-04-05,Mobile,Purchase
I218,C10688,2025-08-13,Web,Complaint
I219,C10659,2025-06-08,Call,Login
I220,C10806,2025-01-19,Branch,Inquiry
I221,C10739,2025-12-30,Mobile,Complaint
I222,C10865,2026-01-16,Mobile,Purchase
I223,C10434,2025-04-21,Email,Support
I224,C10425,2025-08-13,Web,Complaint
I225,C10470,2026-03-08,Branch,Inquiry
I226,C10932,2025-03-30,Web,Complaint
I227,C10756,2025-11-21,Call,Login
I228,C10719,2025-04-03,Branch,Inquiry
I229,C10609,2025-06-27,Branch,Login
I230,C10481,2025-05-09,Mobile,Complaint
I231,C10754,2025-09-12,Email,Complaint
I232,C10916,2026-04-27,Call,Inquiry
I233,C10409,2025-08-16,Email,Inquiry
I234,C10838,2025-04-25,Email,Purchase
I235,C10428,2025-05-05,Call,Purchase
I236,C10121,2025-03-28,Web,Support
I237,C10125,2025-01-29,Email,Complaint
I238,C10000,2025-03-27,Web,Complaint
I239,C10974,2026-05-19,Branch,Login
I240,C10065,2026-02-01,Branch,Complaint
I241,C10226,2026-07-14,Mobile,Purchase
I242,C10584,2026-06-15,Web,Login
I243,C10593,2026-01-12,Branch,Purchase
I244,C10201,2025-04-07,Mobile,Support
I245,C10631,2026-01-22,Branch,Inquiry
I246,C10727,2026-02-09,Email,Purchase
I247,C10399,2026-05-28,Call,Support
I248,C10646,2025-06-19,Email,Complaint
I249,C10006,2025-12-05,Call,Support
I250,C10553,2026-06-06,Email,Inquiry
I251,C10999,2026-04-20,Email,Complaint
I252,C10961,2026-01-29,Web,Complaint
I253,C10687,2026-05-20,Branch,Support
I254,C10388,2026-01-17,Email,Inquiry
I255,C10874,2025-07-01,Web,Login
I256,C10545,2025-08-27,Email,Support
I257,C10811,2025-09-08,Branch,Inquiry
I258,C10521,2025-10-24,Web,Complaint
I259,C10965,2026-01-03,Mobile,Complaint
I260,C10661,2025-08-29,Email,Login
I261,C10367,2026-05-26,Branch,Complaint
I262,C10262,2025-02-23,Branch,Complaint
I263,C10535,2025-02-06,Call,Complaint
I264,C10237,2026-03-28,Call,Complaint
I265,C10198,2026-06-30,Branch,Purchase
I266,C10797,2026-07-29,Call,Complaint
I267,C10421,2025-04-14,Email,Support
I268,C10976,2026-05-08,Web,Purchase
I269,C10734,2025-10-15,Mobile,Purchase
I270,C10053,2026-03-18,Email,Login
I271,C10784,2026-05-07,Web,Login
I272,C10440,2026-05-14,Mobile,Inquiry
I273,C10409,2026-01-20,Email,Complaint
I274,C10946,2025-12-12,Mobile,Complaint
I275,C10417,2025-06-02,Branch,Complaint
I276,C10237,2025-04-17,Branch,Support
I277,C10877,2026-04-09,Email,Login
I278,C10985,2026-05-02,Branch,Support
I279,C10458,2025-05-27,Branch,Complaint
I280,C10861,2025-01-01,Branch,Support
I281,C10734,2026-02-04,Email,Inquiry
I282,C10187,2025-07-15,Call,Support
I283,C10441,2025-09-26,Email,Purchase
I284,C10741,2025-04-06,Branch,Purchase
I285,C10325,2025-09-20,Branch,Login
I286,C10615,2025-04-23,Email,Support
I287,C10306,2025-07-17,Branch,Login
I288,C10139,2025-04-21,Branch,Login
I289,C10324,2025-01-05,Mobile,Login
I290,C10353,2025-06-12,Mobile,Complaint
I291,C10971,2026-08-24,Call,Login
I292,C10174,2026-05-29,Mobile,Support
I293,C10283,2025-05-20,Web,Support
I294,C10263,2025-04-20,Call,Login
I295,C10474,2026-02-08,Email,Complaint
I296,C10654,2025-11-05,Mobile,Support
I297,C10205,2025-06-28,Mobile,Login
I298,C10047,2026-07-11,Email,Complaint
I299,C10355,2026-01-10,Call,Purchase
I300,C10439,2026-05-11,Mobile,Purchase
I301,C10107,2025-02-24,Call,Purchase
I302,C10129,2025-08-27,Email,Complaint
I303,C10669,2025-12-10,Call,Login
I304,C10517,2025-03-18,Mobile,Complaint
I305,C10327,2026-07-07,Web,Login
I306,C10437,2026-02-28,Web,Inquiry
I307,C10564,2025-04-25,Call,Inquiry
I308,C10094,2026-06-10,Email,Support
I309,C10110,2025-01-07,Web,Login
I310,C10757,2025-04-02,Email,Support
I311,C10724,2025-12-14,Mobile,Login
I312,C10513,2026-08-22,Branch,Purchase
I313,C10482,2025-10-03,Branch,Login
I314,C10978,2025-11-12,Mobile,Purchase
I315,C10716,2026-05-26,Call,Purchase
I316,C10251,2025-08-17,Email,Complaint
I317,C10768,2026-04-08,Mobile,Inquiry
I318,C10439,2025-01-02,Web,Complaint
I319,C10064,2026-06-30,Mobile,Complaint
I320,C10507,2026-03-27,Branch,Complaint
I321,C10403,2026-06-12,Branch,Inquiry
I322,C10619,2025-04-02,Email,Login
I323,C10899,2026-04-19,Mobile,Inquiry
I324,C10542,2025-04-28,Mobile,Inquiry
I325,C10147,2026-07-01,Web,Inquiry
I326,C10364,2025-02-10,Branch,Purchase
I327,C10099,2026-03-12,Web,Inquiry
I328,C10931,2025-02-04,Branch,Support
I329,C10513,2026-08-14,Call,Complaint
I330,C10435,2026-08-09,Email,Complaint
I331,C10732,2025-07-04,Call,Purchase
I332,C10767,2025-08-16,Call,Inquiry
I333,C10439,2026-01-25,Email,Login
I334,C10740,2026-08-14,Web,Inquiry
I335,C10967,2025-07-30,Email,Inquiry
I336,C10892,2025-04-12,Mobile,Complaint
I337,C10597,2025-04-05,Call,Support
I338,C10542,2025-02-23,Email,Login
I339,C10519,2025-12-02,Mobile,Purchase
I340,C10134,2026-07-01,Email,Purchase
I341,C10904,2025-03-17,Web,Purchase
I342,C10116,2025-01-09,Web,Purchase
I343,C10309,2026-08-09,Mobile,Purchase
I344,C10408,2025-10-25,Branch,Inquiry
I345,C10574,2026-04-06,Web,Purchase
I346,C10435,2026-06-24,Call,Inquiry
I347,C10967,2026-03-02,Web,Inquiry
I348,C10528,2025-08-02,Email,Support
I349,C10464,2026-05-26,Mobile,Complaint
I350,C10815,2026-03-17,Email,Inquiry
I351,C10761,2026-08-06,Call,Inquiry
I352,C10545,2025-03-01,Web,Complaint
I353,C10592,2026-05-28,Call,Support
I354,C10440,2026-06-16,Mobile,Inquiry
I355,C10539,2026-05-26,Email,Purchase
I356,C10022,2025-07-18,Mobile,Purchase
I357,C10122,2025-12-05,Mobile,Login
I358,C10733,2026-05-01,Email,Purchase
I359,C10867,2025-05-22,Email,Support
I360,C10420,2025-02-27,Branch,Purchase
I361,C10823,2026-08-18,Branch,Support
I362,C10895,2025-04-06,Mobile,Purchase
I363,C10490,2026-02-16,Email,Inquiry
I364,C10335,2025-10-02,Mobile,Support
I365,C10707,2026-01-11,Mobile,Login
I366,C10222,2025-06-04,Mobile,Support
I367,C10191,2025-11-11,Web,Support
I368,C10041,2025-01-25,Call,Login
I369,C10370,2026-04-14,Email,Inquiry
I370,C10619,2025-12-22,Branch,Complaint
I371,C10177,2025-02-04,Web,Purchase
I372,C10439,2025-08-18,Web,Purchase
I373,C10545,2026-08-20,Email,Login
I374,C10914,2025-11-11,Call,Complaint
I375,C10842,2025-11-28,Mobile,Complaint
I376,C10400,2025-02-28,Email,Complaint
I377,C10749,2025-09-23,Branch,Support
I378,C10224,2026-08-23,Mobile,Inquiry
I379,C10633,2025-12-06,Web,Complaint
I380,C10841,2026-08-02,Web,Support
I381,C10698,2026-04-27,Web,Login
I382,C10215,2026-08-05,Branch,Inquiry
I383,C10402,2026-04-15,Email,Inquiry
I384,C10640,2026-04-29,Call,Purchase
I385,C10676,2025-07-15,Web,Purchase
I386,C10531,2025-04-29,Branch,Inquiry
I387,C10756,2025-03-09,Mobile,Inquiry
I388,C10283,2026-02-15,Web,Login
I389,C10026,2026-08-30,Web,Login
I390,C10502,2025-08-21,Call,Login
I391,C10199,2026-03-11,Email,Login
I392,C10869,2025-11-29,Mobile,Login
I393,C10680,2025-04-04,Email,Purchase
I394,C10737,2025-05-07,Email,Support
I395,C10113,2025-07-27,Call,Login
I396,C10864,2025-11-27,Email,Support
I397,C10543,2025-06-25,Web,Login
I398,C10971,2025-12-25,Web,Purchase
I399,C10868,2025-04-07,Web,Inquiry
I400,C10009,2026-05-19,Call,Purchase
I401,C10479,2026-06-09,Web,Complaint
I402,C10024,2025-09-13,Call,Inquiry
I403,C10561,2025-03-09,Branch,Support
I404,C10907,2025-12-11,Call,Complaint
I405,C10553,2025-06-19,Web,Purchase
I406,C10372,2025-05-31,Call,Purchase
I407,C10345,2025-10-10,Email,Complaint
I408,C10175,2025-02-16,Web,Purchase
I409,C10267,2025-09-23,Web,Login
I410,C10964,2025-05-06,Email,Inquiry
I411,C10449,2026-04-02,Mobile,Support
I412,C10183,2026-05-14,Mobile,Complaint
I413,C10707,2025-09-23,Email,Complaint
I414,C10236,2026-03-21,Call,Complaint
I415,C10207,2025-07-05,Branch,Purchase
I416,C10974,2026-05-23,Branch,Complaint
I417,C10644,2025-03-14,Mobile,Support
I418,C10299,2026-08-21,Mobile,Login
I419,C10354,2026-02-02,Web,Support
I420,C10839,2026-06-05,Mobile,Login
I421,C10918,2025-10-25,Mobile,Complaint
I422,C10067,2025-07-30,Call,Support
I423,C10428,2025-09-09,Branch,Login
I424,C10077,2025-06-19,Branch,Login
I425,C10320,2025-07-26,Web,Login
I426,C10836,2025-05-18,Email,Complaint
I427,C10469,2025-11-30,Mobile,Complaint
I428,C10619,2026-01-09,Call,Support
I429,C10505,2025-08-29,Email,Inquiry
I430,C10132,2026-07-28,Call,Support
I431,C10531,2025-10-03,Email,Complaint
I432,C10815,2026-02-01,Mobile,Login
I433,C10261,2025-05-28,Call,Complaint
I434,C10954,2025-11-15,Email,Complaint
I435,C10625,2025-06-15,Email,Complaint
I436,C10426,2025-01-27,Web,Inquiry
I437,C10069,2026-08-29,Branch,Purchase
I438,C10866,2025-04-09,Web,Login
I439,C10358,2025-04-20,Web,Complaint
I440,C10081,2026-07-06,Email,Inquiry
I441,C10341,2026-01-06,Web,Login
I442,C10285,2025-09-01,Mobile,Login
I443,C10475,2026-08-13,Mobile,Inquiry
I444,C10827,2025-10-16,Web,Inquiry
I445,C10426,2025-04-12,Email,Support
I446,C10067,2025-03-07,Call,Support
I447,C10446,2026-05-03,Branch,Inquiry
I448,C10898,2025-11-17,Mobile,Purchase
I449,C10705,2025-01-30,Mobile,Complaint
I450,C10281,2025-05-25,Mobile,Login
I451,C10372,2025-02-16,Email,Complaint
I452,C10910,2025-01-10,Web,Inquiry
I453,C10319,2025-07-07,Call,Complaint
I454,C10171,2026-03-12,Mobile,Support
I455,C10205,2025-04-24,Email,Inquiry
I456,C10682,2026-04-27,Branch,Login
I457,C10139,2026-02-14,Email,Complaint
I458,C10119,2025-02-08,Branch,Purchase
I459,C10383,2026-08-10,Branch,Support
I460,C10212,2025-02-25,Web,Purchase
I461,C10459,2026-02-13,Email,Purchase
I462,C10555,2026-07-14,Branch,Support
I463,C10297,2025-12-31,Web,Complaint
I464,C10673,2025-06-01,Mobile,Inquiry
I465,C10128,2026-03-20,Branch,Complaint
I466,C10298,2025-07-18,Email,Complaint
I467,C10331,2026-03-08,Call,Support
I468,C10879,2025-07-06,Branch,Support
I469,C10967,2026-04-22,Email,Purchase
I470,C10824,2025-05-23,Email,Purchase
I471,C10413,2026-08-15,Call,Complaint
I472,C10423,2025-02-23,Email,Purchase
I473,C10581,2025-10-09,Web,Login
I474,C10794,2025-10-22,Branch,Inquiry
I475,C10734,2025-07-01,Call,Purchase
I476,C10707,2026-01-09,Web,Purchase
I477,C10925,2025-09-30,Call,Inquiry
I478,C10539,2025-06-19,Call,Purchase
I479,C10077,2025-07-22,Web,Inquiry
I480,C10029,2026-07-17,Email,Purchase
I481,C10055,2026-08-24,Mobile,Support
I482,C10822,2026-07-22,Email,Login
I483,C10832,2025-11-08,Call,Complaint
I484,C10753,2025-04-08,Mobile,Support
I485,C10700,2025-10-04,Mobile,Support
I486,C10518,2026-07-05,Email,Login
I487,C10784,2025-04-06,Call,Support
I488,C10982,2025-03-08,Branch,Purchase
I489,C10327,2026-02-28,Branch,Inquiry
I490,C10600,2025-08-19,Web,Complaint
I491,C10895,2026-01-19,Branch,Login
I492,C10892,2025-10-30,Web,Purchase
I493,C10865,2025-12-31,Branch,Inquiry
I494,C10862,2025-09-07,Email,Login
I495,C10561,2025-06-22,Email,Inquiry
I496,C10142,2025-06-15,Call,Login
I497,C10105,2026-01-05,Call,Support
I498,C10448,2025-06-02,Branch,Complaint
I499,C10599,2025-09-28,Call,Inquiry
I500,C10435,2025-11-27,Call,Complaint
I501,C10109,2025-09-03,Branch,Support
I502,C10888,2025-09-23,Web,Purchase
I503,C10404,2026-03-16,Branch,Complaint
I504,C10266,2025-10-11,Mobile,Complaint
I505,C10508,2025-05-24,Email,Support
I506,C10501,2025-06-20,Mobile,Support
I507,C10117,2025-04-18,Call,Purchase
I508,C10209,2025-06-11,Call,Inquiry
I509,C10959,2025-04-30,Call,Purchase
I510,C10926,2026-01-15,Email,Purchase
I511,C10862,2026-07-27,Branch,Inquiry
I512,C10994,2025-12-09,Email,Inquiry
I513,C10175,2025-02-23,Web,Login
I514,C10093,2025-05-14,Branch,Purchase
I515,C10400,2026-08-23,Mobile,Login
I516,C10188,2026-01-31,Mobile,Purchase
I517,C10636,2025-06-08,Call,Complaint
I518,C10640,2026-05-09,Web,Login
I519,C10092,2026-03-28,Call,Complaint
I520,C10050,2025-12-04,Mobile,Complaint
I521,C10131,2025-12-31,Call,Login
I522,C10551,2025-05-20,Email,Complaint
I523,C10907,2026-05-16,Call,Purchase
I524,C10177,2025-02-26,Mobile,Support
I525,C10432,2025-07-10,Mobile,Support
I526,C10163,2026-03-20,Web,Complaint
I527,C10067,2025-03-03,Mobile,Inquiry
I528,C10056,2025-06-07,Branch,Inquiry
I529,C10704,2025-02-23,Web,Login
I530,C10358,2026-03-20,Email,Inquiry
I531,C10889,2026-06-30,Mobile,Support
I532,C10827,2025-06-26,Mobile,Support
I533,C10844,2025-02-09,Web,Support
I534,C10653,2026-03-19,Email,Support
I535,C10457,2025-01-09,Email,Inquiry
I536,C10156,2025-09-01,Call,Inquiry
I537,C10919,2025-04-11,Mobile,Purchase
I538,C10865,2025-10-27,Web,Login
I539,C10157,2025-01-13,Email,Purchase
I540,C10798,2025-11-10,Mobile,Login
I541,C10742,2025-12-21,Branch,Support
I542,C10451,2025-11-27,Mobile,Complaint
I543,C10741,2026-07-17,Branch,Purchase
I544,C10256,2025-06-05,Email,Complaint
I545,C10963,2026-08-15,Web,Purchase
I546,C10816,2025-03-23,Email,Login
I547,C10292,2025-09-02,Mobile,Login
I548,C10881,2026-06-02,Call,Inquiry
I549,C10049,2025-03-31,Call,Complaint
I550,C10783,2026-01-12,Web,Inquiry
I551,C10472,2025-01-30,Call,Complaint
I552,C10280,2025-11-17,Mobile,Purchase
I553,C10381,2026-05-10,Call,Support
I554,C10885,2026-07-03,Call,Complaint
I555,C10382,2025-08-10,Mobile,Login
I556,C10729,2025-02-12,Mobile,Support
I557,C10995,2025-09-25,Call,Purchase
I558,C10770,2025-07-11,Mobile,Purchase
I559,C10863,2026-03-26,Branch,Support
I560,C10652,2025-02-08,Email,Login
I561,C10536,2025-06-04,Email,Login
I562,C10794,2025-11-11,Call,Login
I563,C10569,2025-09-07,Branch,Support
I564,C10173,2025-06-05,Branch,Complaint
I565,C10078,2025-06-30,Web,Inquiry
I566,C10927,2026-03-09,Email,Purchase
I567,C10895,2026-01-30,Web,Complaint
I568,C10934,2025-11-12,Branch,Complaint
I569,C10120,2025-08-25,Web,Complaint
I570,C10634,2026-03-31,Web,Inquiry
I571,C10717,2025-06-29,Call,Purchase
I572,C10769,2025-11-13,Web,Inquiry
I573,C10926,2025-02-08,Mobile,Purchase
I574,C10465,2026-06-08,Branch,Inquiry
I575,C10082,2026-07-06,Call,Inquiry
I576,C10459,2026-07-12,Call,Inquiry
I577,C10251,2026-02-28,Branch,Purchase
I578,C10103,2026-08-09,Branch,Inquiry
I579,C10984,2026-02-17,Mobile,Purchase
I580,C10749,2025-02-18,Email,Support
I581,C10674,2026-02-05,Web,Login
I582,C10727,2026-03-01,Call,Support
I583,C10823,2026-07-02,Mobile,Login
I584,C10394,2025-05-26,Web,Inquiry
I585,C10339,2025-01-03,Web,Support
I586,C10358,2025-05-07,Branch,Purchase
I587,C10330,2025-06-22,Call,Complaint
I588,C10397,2026-05-20,Branch,Login
I589,C10500,2026-04-14,Mobile,Complaint
I590,C10066,2025-09-03,Mobile,Complaint
I591,C10040,2026-07-07,Web,Login
I592,C10647,2026-03-14,Call,Inquiry
I593,C10978,2025-06-30,Mobile,Support
I594,C10745,2025-11-29,Mobile,Purchase
I595,C10029,2025-08-18,Branch,Support
I596,C10578,2025-12-27,Email,Login
I597,C10868,2025-02-08,Call,Inquiry
I598,C10526,2025-05-20,Mobile,Inquiry
I599,C10190,2025-09-04,Mobile,Support
I600,C10555,2026-05-19,Mobile,Support
I601,C10269,2025-04-12,Web,Complaint
I602,C10028,2026-04-21,Mobile,Support
I603,C10063,2026-08-14,Branch,Support
I604,C10429,2026-04-22,Call,Purchase
I605,C10091,2025-08-02,Call,Complaint
I606,C10321,2025-10-27,Call,Complaint
I607,C10055,2025-08-05,Mobile,Complaint
I608,C10299,2026-03-16,Call,Complaint
I609,C10559,2026-05-24,Web,Complaint
I610,C10795,2026-05-02,Branch,Support
I611,C10766,2025-07-28,Mobile,Complaint
I612,C10383,2025-08-29,Mobile,Inquiry
I613,C10175,2026-03-17,Call,Support
I614,C10719,2025-03-21,Branch,Purchase
I615,C10616,2025-11-07,Email,Login
I616,C10433,2026-01-29,Mobile,Login
I617,C10485,2025-02-07,Web,Login
I618,C10315,2025-08-24,Call,Complaint
I619,C10515,2025-06-06,Branch,Login
I620,C10638,2026-07-06,Web,Inquiry
I621,C10849,2026-02-22,Email,Complaint
I622,C10406,2026-05-11,Mobile,Login
I623,C10685,2025-12-25,Email,Inquiry
I624,C10750,2025-09-27,Call,Purchase
I625,C10322,2025-12-20,Email,Login
I626,C10406,2025-10-26,Mobile,Complaint
I627,C10098,2025-05-07,Branch,Login
I628,C10918,2025-10-29,Email,Purchase
I629,C10760,2026-07-08,Branch,Purchase
I630,C10685,2026-04-29,Mobile,Purchase
I631,C10936,2025-04-16,Branch,Complaint
I632,C10789,2025-12-19,Call,Complaint
I633,C10205,2025-03-25,Email,Complaint
I634,C10995,2026-08-05,Email,Inquiry
I635,C10430,2025-03-14,Mobile,Login
I636,C10106,2026-06-29,Call,Inquiry
I637,C10367,2025-03-16,Mobile,Complaint
I638,C10967,2026-02-26,Email,Complaint
I639,C10615,2025-06-07,Branch,Purchase
I640,C10815,2025-04-09,Email,Complaint
I641,C10713,2025-05-06,Email,Purchase
I642,C10318,2025-09-24,Branch,Complaint
I643,C10787,2026-05-02,Email,Login
I644,C10783,2026-03-19,Call,Login
I645,C10571,2025-12-25,Email,Purchase
I646,C10676,2025-01-15,Branch,Support
I647,C10223,2025-06-28,Mobile,Purchase
I648,C10431,2025-02-07,Branch,Support
I649,C10292,2025-01-29,Web,Inquiry
I650,C10861,2026-08-24,Branch,Inquiry
I651,C10449,2025-10-01,Email,Complaint
I652,C10697,2025-07-23,Branch,Inquiry
I653,C10517,2025-04-24,Branch,Complaint
I654,C10886,2026-03-12,Email,Inquiry
I655,C10319,2025-04-13,Branch,Inquiry
I656,C10343,2025-04-10,Call,Complaint
I657,C10719,2025-01-27,Mobile,Inquiry
I658,C10727,2025-04-01,Mobile,Login
I659,C10055,2026-03-08,Call,Inquiry
I660,C10818,2025-02-21,Email,Login
I661,C10797,2025-12-17,Branch,Purchase
I662,C10833,2026-01-27,Branch,Support
I663,C10389,2025-03-25,Web,Inquiry
I664,C10591,2025-03-15,Web,Complaint
I665,C10404,2026-07-03,Web,Purchase
I666,C10426,2025-07-25,Call,Support
I667,C10325,2025-03-10,Web,Support
I668,C10819,2025-10-19,Branch,Purchase
I669,C10671,2025-10-05,Web,Purchase
I670,C10278,2026-06-02,Branch,Inquiry
I671,C10228,2025-05-27,Branch,Purchase
I672,C10991,2026-04-28,Call,Complaint
I673,C10765,2025-07-24,Call,Support
I674,C10339,2026-01-05,Mobile,Login
I675,C10744,2025-01-12,Branch,Complaint
I676,C10118,2026-04-22,Web,Purchase
I677,C10108,2026-06-06,Call,Purchase
I678,C10038,2025-05-24,Email,Support
I679,C10455,2025-09-30,Mobile,Inquiry
I680,C10812,2025-03-12,Branch,Inquiry
I681,C10941,2026-07-31,Branch,Login
I682,C10278,2025-08-05,Email,Support
I683,C10961,2025-06-23,Call,Support
I684,C10631,2025-04-01,Email,Support
I685,C10583,2025-09-19,Branch,Inquiry
I686,C10665,2025-11-05,Branch,Purchase
I687,C10959,2025-10-22,Email,Support
I688,C10347,2026-08-21,Branch,Login
I689,C10651,2025-01-16,Email,Support
I690,C10008,2025-05-01,Email,Support
I691,C10311,2025-01-21,Mobile,Complaint
I692,C10930,2025-11-03,Call,Purchase
I693,C10442,2025-06-26,Web,Complaint
I694,C10193,2026-03-14,Branch,Purchase
I695,C10697,2026-02-28,Email,Login
I696,C10224,2026-04-09,Web,Purchase
I697,C10030,2025-10-04,Branch,Login
I698,C10039,2026-06-09,Mobile,Inquiry
I699,C10573,2026-04-28,Email,Inquiry
I700,C10144,2025-07-02,Email,Inquiry
I701,C10012,2025-10-14,Branch,Login
I702,C10302,2025-04-23,Web,Login
I703,C10587,2026-04-30,Mobile,Purchase
I704,C10299,2026-02-21,Branch,Support
I705,C10628,2025-12-20,Mobile,Purchase
I706,C10161,2025-12-13,Branch,Login
I707,C10813,2026-07-07,Mobile,Inquiry
I708,C10049,2025-11-09,Mobile,Support
I709,C10486,2026-02-16,Web,Purchase
I710,C10957,2026-02-27,Web,Support
I711,C10272,2025-05-20,Mobile,Login
I712,C10752,2026-06-09,Call,Support
I713,C10238,2025-10-29,Branch,Complaint
I714,C10719,2026-02-25,Email,Inquiry
I715,C10100,2026-01-29,Email,Login
I716,C10329,2026-04-24,Branch,Inquiry
I717,C10653,2025-02-27,Branch,Login
I718,C10349,2025-01-16,Email,Purchase
I719,C10249,2025-08-23,Web,Inquiry
I720,C10947,2026-06-28,Call,Support
I721,C10790,2025-01-26,Web,Inquiry
I722,C10462,2025-06-11,Web,Support
I723,C10861,2025-04-05,Branch,Login
I724,C10298,2025-12-21,Branch,Complaint
I725,C10599,2026-08-14,Branch,Support
I726,C10272,2026-04-27,Mobile,Support
I727,C10871,2026-03-06,Web,Purchase
I728,C10341,2026-05-23,Mobile,Complaint
I729,C10298,2025-08-13,Web,Login
I730,C10315,2025-01-25,Email,Purchase
I731,C10781,2026-07-16,Web,Purchase
I732,C10233,2025-03-31,Call,Purchase
I733,C10705,2025-09-08,Call,Inquiry
I734,C10821,2025-08-09,Mobile,Support
I735,C10126,2025-09-08,Email,Purchase
I736,C10360,2025-05-31,Branch,Complaint
I737,C10613,2026-03-28,Web,Support
I738,C10805,2026-08-11,Branch,Login
I739,C10874,2025-10-02,Email,Inquiry
I740,C10568,2025-03-03,Call,Complaint
I741,C10304,2025-02-25,Web,Inquiry
I742,C10745,2026-02-01,Branch,Purchase
I743,C10459,2025-07-11,Mobile,Support
I744,C10017,2025-11-21,Mobile,Support
I745,C10568,2025-02-14,Call,Login
I746,C10226,2026-01-09,Email,Inquiry
I747,C10505,2025-01-30,Call,Purchase
I748,C10886,2026-03-21,Mobile,Inquiry
I749,C10981,2026-08-06,Email,Purchase
I750,C10213,2025-12-27,Mobile,Complaint
I751,C10806,2026-03-08,Email,Complaint
I752,C10117,2025-04-07,Mobile,Login
I753,C10166,2025-09-03,Email,Inquiry
I754,C10745,2025-12-10,Mobile,Inquiry
I755,C10050,2025-06-30,Web,Inquiry
I756,C10618,2025-04-11,Branch,Inquiry
I757,C10059,2026-06-12,Branch,Support
I758,C10350,2026-05-13,Call,Inquiry
I759,C10821,2026-08-21,Email,Login
I760,C10315,2025-06-27,Call,Inquiry
I761,C10522,2026-04-24,Call,Inquiry
I762,C10918,2026-01-15,Branch,Login
I763,C10825,2025-04-01,Web,Inquiry
I764,C10984,2025-03-30,Web,Complaint
I765,C10623,2026-02-04,Mobile,Support
I766,C10327,2025-09-29,Mobile,Purchase
I767,C10384,2026-03-07,Mobile,Login
I768,C10819,2026-01-22,Call,Inquiry
I769,C10407,2025-09-03,Branch,Complaint
I770,C10539,2025-03-27,Web,Inquiry
I771,C10008,2026-01-03,Web,Complaint
I772,C10603,2025-06-14,Email,Purchase
I773,C10111,2025-10-09,Web,Login
I774,C10543,2025-07-22,Web,Complaint
I775,C10177,2026-06-04,Call,Purchase
I776,C10492,2025-07-01,Branch,Purchase
I777,C10685,2026-05-24,Branch,Support
I778,C10190,2026-08-09,Branch,Purchase
I779,C10395,2026-05-27,Mobile,Support
I780,C10681,2025-09-13,Call,Complaint
I781,C10539,2025-11-10,Mobile,Login
I782,C10463,2025-07-30,Branch,Inquiry
I783,C10194,2025-08-25,Call,Purchase
I784,C10352,2025-10-23,Email,Login
I785,C10262,2025-01-16,Branch,Login
I786,C10075,2025-10-20,Email,Login
I787,C10766,2026-08-22,Branch,Support
I788,C10191,2026-02-20,Email,Support
I789,C10606,2025-09-29,Call,Purchase
I790,C10731,2025-06-06,Call,Support
I791,C10667,2025-05-13,Email,Complaint
I792,C10684,2026-05-23,Branch,Complaint
I793,C10236,2025-01-16,Call,Complaint
I794,C10981,2026-03-28,Email,Support
I795,C10012,2025-06-21,Email,Support
I796,C10437,2025-08-11,Mobile,Inquiry
I797,C10007,2025-03-18,Call,Inquiry
I798,C10122,2025-05-17,Web,Complaint
I799,C10830,2025-02-01,Web,Complaint
I800,C10623,2025-01-10,Email,Purchase
I801,C10643,2025-01-24,Branch,Complaint
I802,C10836,2025-01-13,Mobile,Support
I803,C10493,2025-03-19,Mobile,Inquiry
I804,C10105,2025-11-04,Email,Login
I805,C10963,2026-01-25,Mobile,Support
I806,C10520,2025-11-09,Mobile,Login
I807,C10800,2026-02-28,Call,Complaint
I808,C10615,2026-05-27,Web,Complaint
I809,C10019,2025-11-08,Mobile,Login
I810,C10205,2025-06-02,Call,Purchase
I811,C10206,2025-06-27,Mobile,Support
I812,C10509,2026-06-24,Email,Inquiry
I813,C10906,2025-10-15,Call,Purchase
I814,C10975,2026-02-24,Call,Inquiry
I815,C10708,2025-01-12,Mobile,Complaint
I816,C10787,2026-08-11,Branch,Inquiry
I817,C10331,2026-08-20,Mobile,Complaint
I818,C10567,2026-02-13,Branch,Inquiry
I819,C10447,2025-12-14,Call,Support
I820,C10739,2025-05-22,Mobile,Complaint
I821,C10590,2025-11-21,Mobile,Complaint
I822,C10090,2026-08-22,Call,Inquiry
I823,C10090,2026-01-07,Call,Login
I824,C10947,2026-04-17,Web,Inquiry
I825,C10280,2026-08-05,Web,Support
I826,C10329,2025-09-11,Email,Complaint
I827,C10667,2025-05-01,Email,Support
I828,C10754,2026-06-03,Call,Complaint
I829,C10453,2025-10-11,Branch,Support
I830,C10866,2026-07-03,Call,Complaint
I831,C10066,2025-11-01,Web,Login
I832,C10291,2025-03-05,Mobile,Complaint
I833,C10816,2025-11-21,Mobile,Inquiry
I834,C10580,2025-05-28,Web,Purchase
I835,C10422,2025-09-21,Mobile,Support
I836,C10368,2025-01-19,Email,Support
I837,C10497,2025-10-05,Mobile,Complaint
I838,C10002,2025-02-25,Email,Complaint
I839,C10160,2025-01-14,Call,Inquiry
I840,C10954,2025-09-20,Call,Support
I841,C10606,2025-04-09,Web,Complaint
I842,C10938,2026-01-27,Call,Complaint
I843,C10220,2025-02-13,Web,Inquiry
I844,C10284,2026-03-29,Call,Login
I845,C10396,2026-04-26,Branch,Inquiry
I846,C10495,2025-03-24,Call,Login
I847,C10653,2025-02-26,Mobile,Inquiry
I848,C10246,2026-05-05,Web,Support
I849,C10301,2025-07-25,Branch,Login
I850,C10951,2025-01-25,Mobile,Support
I851,C10997,2025-05-31,Web,Purchase
I852,C10273,2026-06-08,Call,Purchase
I853,C10165,2025-04-30,Email,Purchase
I854,C10029,2026-01-24,Mobile,Inquiry
I855,C10482,2025-09-03,Email,Purchase
I856,C10778,2026-05-13,Mobile,Inquiry
I857,C10544,2025-03-31,Web,Purchase
I858,C10608,2026-05-26,Web,Inquiry
I859,C10606,2026-08-24,Web,Inquiry
I860,C10765,2025-11-27,Call,Purchase
I861,C10248,2025-02-15,Web,Login
I862,C10535,2025-01-25,Web,Complaint
I863,C10267,2025-02-04,Call,Complaint
I864,C10311,2025-04-09,Web,Support
I865,C10594,2025-05-19,Call,Inquiry
I866,C10642,2025-10-25,Call,Support
I867,C10144,2025-01-24,Branch,Support
I868,C10247,2026-04-02,Mobile,Complaint
I869,C10148,2025-03-15,Web,Purchase
I870,C10557,2026-01-18,Email,Inquiry
I871,C10028,2025-10-09,Mobile,Inquiry
I872,C10408,2025-04-05,Branch,Login
I873,C10878,2025-07-22,Mobile,Login
I874,C10397,2026-04-28,Mobile,Login
I875,C10959,2026-05-18,Email,Purchase
I876,C10649,2026-05-15,Web,Inquiry
I877,C10016,2025-04-09,Web,Login
I878,C10111,2025-08-21,Branch,Inquiry
I879,C10026,2026-04-22,Mobile,Login
I880,C10154,2025-04-30,Mobile,Purchase
I881,C10551,2026-05-01,Email,Support
I882,C10268,2026-06-20,Branch,Inquiry
I883,C10659,2025-04-03,Web,Complaint
I884,C10073,2026-02-15,Call,Support
I885,C10979,2025-10-07,Email,Purchase
I886,C10783,2026-09-01,Mobile,Purchase
I887,C10392,2025-07-10,Mobile,Purchase
I888,C10058,2025-08-11,Web,Purchase
I889,C10406,2025-09-05,Web,Inquiry
I890,C10202,2025-11-25,Branch,Complaint
I891,C10300,2025-08-09,Email,Login
I892,C10674,2025-10-10,Email,Login
I893,C10949,2026-04-15,Mobile,Login
I894,C10000,2026-08-15,Email,Login
I895,C10685,2026-07-13,Email,Login
I896,C10956,2025-06-08,Call,Inquiry
I897,C10406,2025-09-24,Web,Inquiry
I898,C10905,2026-05-11,Mobile,Login
I899,C10842,2025-06-14,Mobile,Complaint
I900,C10716,2025-11-05,Email,Login
I901,C10861,2025-03-26,Email,Purchase
I902,C10717,2025-11-16,Email,Support
I903,C10369,2026-05-02,Call,Complaint
I904,C10231,2025-04-23,Branch,Complaint
I905,C10055,2025-07-26,Call,Complaint
I906,C10868,2025-03-17,Branch,Inquiry
I907,C10643,2026-02-06,Branch,Inquiry
I908,C10416,2025-07-07,Email,Complaint
I909,C10088,2025-12-22,Mobile,Login
I910,C10423,2025-02-18,Email,Inquiry
I911,C10933,2025-08-06,Call,Inquiry
I912,C10871,2026-07-18,Mobile,Complaint
I913,C10916,2026-04-09,Web,Inquiry
I914,C10761,2026-05-28,Email,Complaint
I915,C10414,2025-09-08,Branch,Inquiry
I916,C10899,2025-08-19,Call,Inquiry
I917,C10668,2025-12-20,Email,Purchase
I918,C10312,2026-02-23,Web,Complaint
I919,C10567,2026-06-01,Email,Login
I920,C10662,2025-02-25,Email,Purchase
I921,C10254,2025-08-02,Mobile,Support
I922,C10713,2026-04-18,Branch,Support
I923,C10513,2025-11-20,Mobile,Support
I924,C10121,2026-02-13,Email,Support
I925,C10253,2025-08-29,Call,Complaint
I926,C10630,2025-12-28,Call,Complaint
I927,C10718,2025-06-23,Web,Purchase
I928,C10040,2025-08-16,Mobile,Support
I929,C10911,2026-08-28,Call,Complaint
I930,C10231,2025-10-30,Web,Complaint
I931,C10602,2025-01-04,Mobile,Inquiry
I932,C10795,2025-04-27,Mobile,Login
I933,C10698,2025-10-21,Mobile,Login
I934,C10996,2026-03-05,Web,Purchase
I935,C10867,2025-10-11,Mobile,Inquiry
I936,C10265,2025-06-04,Call,Support
I937,C10328,2026-04-14,Call,Support
I938,C10929,2026-07-24,Mobile,Complaint
I939,C10940,2025-08-06,Web,Inquiry
I940,C10445,2025-10-16,Email,Purchase
I941,C10131,2025-10-22,Mobile,Inquiry
I942,C10427,2025-02-19,Mobile,Login
I943,C10958,2026-07-06,Email,Support
I944,C10747,2025-01-26,Branch,Inquiry
I945,C10695,2025-02-04,Mobile,Inquiry
I946,C10016,2025-05-08,Web,Login
I947,C10061,2025-05-05,Mobile,Inquiry
I948,C10123,2026-06-18,Email,Login
I949,C10212,2025-01-23,Call,Support
I950,C10941,2025-10-20,Email,Login
I951,C10628,2025-07-26,Call,Support
I952,C10882,2025-05-28,Mobile,Inquiry
I953,C10649,2025-01-08,Call,Complaint
I954,C10965,2025-06-20,Mobile,Login
I955,C10277,2025-10-06,Email,Purchase
I956,C10329,2025-10-09,Email,Complaint
I957,C10760,2025-04-21,Web,Purchase
I958,C10389,2025-05-10,Call,Inquiry
I959,C10356,2025-01-20,Email,Inquiry
I960,C10488,2026-06-06,Call,Login
I961,C10985,2026-06-25,Mobile,Support
I962,C10823,2025-10-06,Mobile,Login
I963,C10417,2026-07-25,Email,Support
I964,C10226,2025-10-13,Web,Purchase
I965,C10770,2026-06-20,Mobile,Login
I966,C10552,2026-08-18,Branch,Login
I967,C10315,2025-11-21,Call,Purchase
I968,C10104,2026-02-01,Web,Inquiry
I969,C10395,2025-02-21,Email,Support
I970,C10306,2025-01-14,Call,Login
I971,C10197,2026-01-02,Email,Inquiry
I972,C10349,2025-07-15,Call,Purchase
I973,C10477,2025-09-13,Call,Inquiry
I974,C10982,2026-07-04,Branch,Purchase
I975,C10159,2025-06-16,Mobile,Support
I976,C10266,2026-06-21,Call,Inquiry
I977,C10101,2025-05-15,Call,Login
I978,C10756,2025-12-26,Branch,Support
I979,C10422,2025-10-29,Call,Complaint
I980,C10916,2026-06-21,Email,Complaint
I981,C10198,2026-03-04,Email,Login
I982,C10116,2025-01-05,Mobile,Support
I983,C10325,2025-12-24,Web,Purchase
I984,C10903,2025-11-11,Branch,Support
I985,C10527,2026-07-11,Branch,Login
I986,C10125,2025-03-10,Branch,Support
I987,C10075,2026-02-21,Email,Login
I988,C10689,2026-02-22,Web,Inquiry
I989,C10653,2025-02-06,Mobile,Complaint
I990,C10785,2025-12-01,Call,Login
I991,C10631,2026-05-09,Email,Login
I992,C10099,2025-03-01,Email,Login
I993,C10503,2026-03-15,Web,Inquiry
I994,C10297,2025-06-26,Mobile,Support
I995,C10524,2026-07-22,Web,Inquiry
I996,C10925,2025-01-27,Mobile,Support
I997,C10971,2025-01-23,Call,Purchase
I998,C10166,2026-01-28,Email,Inquiry
I999,C10888,2026-08-18,Branch,Complaint
I1000,C10417,2026-01-28,Mobile,Support
I1001,C10016,2025-06-23,Call,Complaint
I1002,C10788,2025-02-10,Call,Inquiry
I1003,C10685,2026-01-23,Branch,Purchase
I1004,C10506,2026-01-07,Email,Login
I1005,C10806,2026-01-19,Call,Support
I1006,C10447,2025-05-08,Email,Complaint
I1007,C10191,2025-04-07,Web,Login
I1008,C10108,2026-06-12,Branch,Purchase
I1009,C10988,2026-04-14,Call,Inquiry
I1010,C10006,2026-01-30,Branch,Support
I1011,C10999,2025-08-11,Branch,Inquiry
I1012,C10160,2025-06-30,Call,Inquiry
I1013,C10233,2025-08-11,Mobile,Support
I1014,C10737,2026-05-07,Branch,Login
I1015,C10555,2025-07-14,Email,Inquiry
I1016,C10504,2025-06-18,Mobile,Purchase
I1017,C10460,2025-02-25,Mobile,Support
I1018,C10992,2025-01-31,Web,Login
I1019,C10257,2025-04-15,Mobile,Complaint
I1020,C10220,2025-11-29,Mobile,Login
I1021,C10628,2025-03-09,Call,Login
I1022,C10195,2025-05-20,Email,Support
I1023,C10251,2026-04-24,Email,Complaint
I1024,C10479,2026-01-18,Mobile,Support
I1025,C10890,2025-02-27,Mobile,Purchase
I1026,C10416,2025-03-30,Call,Complaint
I1027,C10274,2026-02-19,Call,Login
I1028,C10689,2025-08-03,Mobile,Login
I1029,C10539,2025-08-13,Email,Complaint
I1030,C10792,2025-12-31,Web,Login
I1031,C10551,2025-11-06,Call,Complaint
I1032,C10789,2025-11-02,Email,Support
I1033,C10679,2025-08-03,Call,Inquiry
I1034,C10093,2026-05-29,Web,Inquiry
I1035,C10157,2025-05-31,Branch,Inquiry
I1036,C10831,2025-11-17,Mobile,Login
I1037,C10378,2025-12-30,Branch,Complaint
I1038,C10694,2025-12-30,Call,Complaint
I1039,C10505,2025-05-22,Call,Inquiry
I1040,C10875,2025-06-26,Email,Inquiry
I1041,C10359,2026-07-22,Web,Login
I1042,C10357,2026-07-21,Email,Login
I1043,C10371,2025-03-29,Email,Complaint
I1044,C10685,2026-08-05,Web,Support
I1045,C10919,2025-03-12,Branch,Complaint
I1046,C10603,2025-05-02,Branch,Complaint
I1047,C10499,2025-12-29,Call,Inquiry
I1048,C10299,2025-01-13,Call,Purchase
I1049,C10198,2025-05-16,Web,Support
I1050,C10496,2026-08-10,Call,Purchase
I1051,C10350,2025-05-17,Mobile,Support
I1052,C10634,2025-03-30,Call,Login
I1053,C10343,2026-01-20,Web,Login
I1054,C10324,2025-11-18,Email,Login
I1055,C10861,2026-01-08,Mobile,Complaint
I1056,C10791,2025-01-18,Email,Login
I1057,C10514,2025-12-11,Call,Complaint
I1058,C10822,2025-10-05,Web,Complaint
I1059,C10744,2025-10-09,Branch,Complaint
I1060,C10503,2025-09-09,Web,Purchase
I1061,C10880,2026-02-08,Call,Purchase
I1062,C10252,2026-08-01,Web,Inquiry
I1063,C10816,2026-01-29,Mobile,Complaint
I1064,C10369,2025-03-24,Call,Inquiry
I1065,C10265,2026-06-09,Email,Purchase
I1066,C10819,2025-07-11,Mobile,Complaint
I1067,C10001,2026-09-01,Web,Inquiry
I1068,C10268,2026-06-09,Email,Inquiry
I1069,C10185,2025-03-08,Mobile,Support
I1070,C10245,2025-07-18,Branch,Complaint
I1071,C10003,2025-09-18,Branch,Login
I1072,C10328,2025-11-06,Email,Complaint
I1073,C10777,2025-06-19,Web,Purchase
I1074,C10074,2026-08-06,Mobile,Inquiry
I1075,C10466,2025-05-06,Email,Login
I1076,C10450,2025-10-03,Call,Support
I1077,C10098,2026-03-23,Email,Support
I1078,C10249,2026-07-26,Call,Complaint
I1079,C10339,2025-01-13,Mobile,Inquiry
I1080,C10037,2025-09-10,Email,Support
I1081,C10417,2026-06-02,Branch,Purchase
I1082,C10431,2025-03-25,Web,Complaint
I1083,C10718,2025-09-27,Email,Inquiry
I1084,C10275,2025-05-13,Email,Support
I1085,C10255,2025-01-06,Branch,Inquiry
I1086,C10505,2025-08-19,Email,Login
I1087,C10044,2025-07-02,Call,Complaint
I1088,C10025,2026-05-08,Mobile,Support
I1089,C10059,2026-05-18,Call,Inquiry
I1090,C10236,2025-02-18,Email,Complaint
I1091,C10393,2026-05-16,Mobile,Support
I1092,C10490,2026-03-21,Branch,Inquiry
I1093,C10492,2025-09-24,Web,Login
I1094,C10911,2025-03-01,Web,Complaint
I1095,C10568,2026-01-08,Call,Complaint
I1096,C10666,2025-11-24,Branch,Purchase
I1097,C10501,2026-02-03,Mobile,Complaint
I1098,C10096,2026-06-02,Mobile,Login
I1099,C10968,2026-06-30,Mobile,Inquiry
I1100,C10704,2026-01-15,Call,Login
I1101,C10444,2026-07-14,Branch,Purchase
I1102,C10251,2025-03-28,Mobile,Support
I1103,C10540,2025-02-01,Email,Support
I1104,C10415,2026-05-31,Web,Inquiry
I1105,C10169,2025-03-15,Mobile,Support
I1106,C10169,2026-08-28,Branch,Login
I1107,C10813,2025-01-17,Mobile,Inquiry
I1108,C10027,2025-12-20,Call,Inquiry
I1109,C10498,2026-07-20,Call,Complaint
I1110,C10963,2025-05-12,Branch,Complaint
I1111,C10546,2025-07-03,Web,Login
I1112,C10275,2025-07-31,Email,Support
I1113,C10472,2025-07-30,Web,Inquiry
I1114,C10273,2026-04-04,Call,Inquiry
I1115,C10090,2026-01-04,Mobile,Purchase
I1116,C10513,2026-01-25,Branch,Inquiry
I1117,C10910,2026-04-07,Mobile,Support
I1118,C10691,2025-07-17,Mobile,Purchase
I1119,C10900,2025-03-12,Call,Support
I1120,C10051,2025-05-09,Call,Purchase
I1121,C10890,2025-08-27,Email,Login
I1122,C10295,2025-09-02,Email,Support
I1123,C10013,2025-04-01,Call,Support
I1124,C10734,2025-10-31,Web,Support
I1125,C10206,2026-04-09,Call,Login
I1126,C10224,2025-11-10,Web,Purchase
I1127,C10478,2025-05-18,Branch,Inquiry
I1128,C10496,2025-06-10,Branch,Purchase
I1129,C10214,2025-04-29,Web,Purchase
I1130,C10430,2025-08-14,Branch,Login
I1131,C10815,2025-04-24,Email,Inquiry
I1132,C10265,2025-01-29,Email,Complaint
I1133,C10240,2025-07-02,Branch,Purchase
I1134,C10181,2025-01-20,Mobile,Purchase
I1135,C10373,2025-03-16,Mobile,Purchase
I1136,C10026,2025-02-05,Email,Inquiry
I1137,C10394,2025-05-17,Mobile,Support
I1138,C10393,2026-01-06,Mobile,Support
I1139,C10234,2026-08-12,Web,Purchase
I1140,C10422,2025-11-16,Branch,Inquiry
I1141,C10596,2026-04-11,Email,Purchase
I1142,C10150,2026-05-23,Mobile,Support
I1143,C10975,2026-05-12,Call,Purchase
I1144,C10541,2025-02-19,Branch,Inquiry
I1145,C10959,2025-06-08,Web,Support
I1146,C10843,2026-04-23,Web,Complaint
I1147,C10781,2026-01-12,Branch,Login
I1148,C10324,2025-11-07,Mobile,Support
I1149,C10591,2026-08-17,Call,Login
I1150,C10956,2026-08-21,Email,Complaint
I1151,C10408,2025-10-21,Web,Complaint
I1152,C10308,2025-10-09,Call,Purchase
I1153,C10326,2026-08-21,Call,Login
I1154,C10399,2025-02-14,Call,Purchase
I1155,C10405,2026-06-07,Mobile,Support
I1156,C10101,2025-04-04,Call,Support
I1157,C10247,2026-06-12,Branch,Login
I1158,C10061,2025-08-02,Web,Support
I1159,C10775,2025-12-29,Email,Complaint
I1160,C10137,2026-04-25,Call,Login
I1161,C10366,2025-08-29,Branch,Complaint
I1162,C10412,2025-01-01,Web,Support
I1163,C10303,2025-08-03,Email,Purchase
I1164,C10579,2026-08-23,Branch,Inquiry
I1165,C10056,2025-07-14,Call,Complaint
I1166,C10882,2026-07-12,Call,Complaint
I1167,C10751,2025-06-15,Call,Purchase
I1168,C10847,2025-03-19,Branch,Login
I1169,C10142,2025-04-08,Call,Support
I1170,C10538,2026-08-01,Email,Inquiry
I1171,C10508,2025-05-16,Email,Complaint
I1172,C10065,2025-07-10,Email,Inquiry
I1173,C10518,2025-09-09,Web,Complaint
I1174,C10110,2025-05-31,Email,Inquiry
I1175,C10099,2025-03-06,Branch,Complaint
I1176,C10986,2026-07-10,Branch,Complaint
I1177,C10158,2025-06-08,Mobile,Login
I1178,C10785,2025-05-19,Email,Support
I1179,C10134,2025-07-15,Call,Complaint
I1180,C10233,2025-01-13,Branch,Purchase
I1181,C10243,2026-04-15,Web,Purchase
I1182,C10281,2025-10-06,Web,Support
I1183,C10114,2025-10-19,Branch,Inquiry
I1184,C10673,2026-06-05,Call,Complaint
I1185,C10643,2025-10-25,Email,Inquiry
I1186,C10566,2026-03-08,Email,Support
I1187,C10340,2025-12-07,Branch,Login
I1188,C10468,2026-03-13,Call,Purchase
I1189,C10312,2025-01-07,Web,Support
I1190,C10523,2025-12-20,Web,Login
I1191,C10581,2026-02-17,Mobile,Complaint
I1192,C10281,2025-07-05,Branch,Inquiry
I1193,C10126,2026-01-16,Mobile,Complaint
I1194,C10914,2026-07-13,Email,Purchase
I1195,C10042,2026-05-16,Call,Inquiry
I1196,C10480,2026-05-11,Mobile,Support
I1197,C10481,2025-04-30,Email,Complaint
I1198,C10435,2025-06-12,Web,Complaint
I1199,C10163,2025-01-19,Web,Purchase
I1200,C10965,2025-07-10,Email,Login
I1201,C10152,2026-02-23,Email,Complaint
I1202,C10177,2025-07-29,Email,Purchase
I1203,C10304,2025-02-01,Email,Support
I1204,C10942,2026-02-11,Email,Complaint
I1205,C10389,2026-02-23,Branch,Complaint
I1206,C10741,2025-01-26,Web,Complaint
I1207,C10962,2025-06-04,Web,Support
I1208,C10258,2025-05-05,Email,Inquiry
I1209,C10726,2025-01-19,Mobile,Inquiry
I1210,C10929,2025-09-26,Email,Support
I1211,C10282,2026-02-23,Web,Complaint
I1212,C10844,2025-02-07,Call,Purchase
I1213,C10143,2026-04-18,Branch,Login
I1214,C10958,2025-02-17,Branch,Purchase
I1215,C10086,2026-01-12,Branch,Support
I1216,C10375,2026-03-01,Email,Complaint
I1217,C10959,2026-05-07,Branch,Purchase
I1218,C10051,2026-01-04,Mobile,Inquiry
I1219,C10053,2026-06-08,Mobile,Complaint
I1220,C10943,2025-01-21,Branch,Login
I1221,C10178,2026-01-26,Email,Complaint
I1222,C10375,2025-01-31,Call,Login
I1223,C10582,2026-08-04,Branch,Purchase
I1224,C10696,2026-07-16,Call,Support
I1225,C10387,2026-06-12,Mobile,Support
I1226,C10058,2025-08-22,Branch,Support
I1227,C10216,2025-10-24,Call,Complaint
I1228,C10958,2025-10-25,Call,Complaint
I1229,C10660,2026-03-24,Web,Purchase
I1230,C10369,2025-08-05,Email,Complaint
I1231,C10118,2026-08-01,Call,Support
I1232,C10703,2026-01-25,Email,Purchase
I1233,C10063,2026-04-24,Email,Support
I1234,C10666,2025-10-02,Web,Inquiry
I1235,C10801,2025-04-11,Email,Login
I1236,C10647,2025-05-22,Web,Login
I1237,C10245,2025-09-08,Call,Purchase
I1238,C10023,2026-03-27,Mobile,Complaint
I1239,C10808,2025-01-28,Branch,Purchase
I1240,C10637,2026-07-24,Email,Complaint
I1241,C10991,2025-08-26,Branch,Purchase
I1242,C10171,2026-08-03,Branch,Complaint
I1243,C10841,2026-02-06,Call,Login
I1244,C10536,2025-10-13,Web,Login
I1245,C10901,2026-02-09,Call,Login
I1246,C10808,2025-11-03,Web,Support
I1247,C10155,2025-07-29,Web,Purchase
I1248,C10889,2026-01-22,Branch,Login
I1249,C10164,2025-11-15,Email,Purchase
I1250,C10582,2025-06-10,Email,Complaint
I1251,C10352,2025-12-02,Web,Purchase
I1252,C10917,2026-03-06,Email,Purchase
I1253,C10583,2026-08-11,Web,Inquiry
I1254,C10325,2025-09-20,Mobile,Login
I1255,C10128,2025-06-23,Email,Complaint
I1256,C10032,2025-10-08,Email,Purchase
I1257,C10328,2025-11-06,Web,Support
I1258,C10239,2025-08-03,Call,Login
I1259,C10929,2025-11-12,Call,Purchase
I1260,C10795,2025-02-24,Email,Purchase
I1261,C10468,2026-05-20,Call,Purchase
I1262,C10550,2025-12-07,Call,Login
I1263,C10867,2026-04-09,Web,Login
I1264,C10810,2026-01-30,Call,Complaint
I1265,C10884,2026-05-20,Email,Support
I1266,C10594,2026-08-07,Mobile,Inquiry
I1267,C10007,2026-04-02,Mobile,Support
I1268,C10407,2026-01-16,Mobile,Complaint
I1269,C10281,2026-06-18,Mobile,Purchase
I1270,C10382,2025-04-17,Branch,Purchase
I1271,C10750,2025-08-06,Web,Inquiry
I1272,C10655,2025-11-22,Mobile,Support
I1273,C10678,2025-01-14,Call,Login
I1274,C10988,2025-06-24,Email,Inquiry
I1275,C10910,2025-06-28,Branch,Purchase
I1276,C10743,2025-12-11,Branch,Login
I1277,C10300,2026-07-10,Call,Login
I1278,C10341,2026-08-18,Call,Complaint
I1279,C10841,2025-06-19,Call,Inquiry
I1280,C10331,2025-11-09,Call,Login
I1281,C10666,2025-01-04,Mobile,Inquiry
I1282,C10016,2025-03-12,Email,Login
I1283,C10208,2025-02-03,Call,Purchase
I1284,C10796,2025-09-29,Branch,Inquiry
I1285,C10548,2025-05-07,Call,Support
I1286,C10032,2026-03-08,Branch,Support
I1287,C10238,2025-06-04,Email,Purchase
I1288,C10070,2026-07-06,Web,Support
I1289,C10534,2025-07-23,Web,Purchase
I1290,C10884,2026-08-07,Web,Login
I1291,C10008,2025-12-26,Email,Support
I1292,C10005,2026-07-16,Call,Login
I1293,C10986,2026-01-11,Branch,Login
I1294,C10131,2025-09-08,Email,Login
I1295,C10429,2025-08-05,Mobile,Complaint
I1296,C10478,2025-06-30,Branch,Inquiry
I1297,C10863,2025-04-10,Email,Purchase
I1298,C10574,2026-07-25,Call,Complaint
I1299,C10350,2026-04-02,Web,Purchase
I1300,C10162,2026-08-22,Web,Login
I1301,C10522,2026-08-04,Email,Support
I1302,C10092,2025-05-20,Mobile,Complaint
I1303,C10805,2025-12-06,Call,Support
I1304,C10640,2025-04-09,Web,Purchase
I1305,C10640,2025-05-17,Call,Support
I1306,C10457,2025-08-13,Branch,Purchase
I1307,C10837,2025-06-20,Call,Inquiry
I1308,C10105,2026-03-09,Branch,Complaint
I1309,C10447,2025-06-07,Web,Support
I1310,C10632,2026-01-24,Email,Support
I1311,C10855,2025-11-19,Web,Login
I1312,C10128,2026-08-13,Email,Inquiry
I1313,C10263,2025-10-21,Mobile,Login
I1314,C10761,2025-05-18,Web,Complaint
I1315,C10220,2025-05-18,Email,Complaint
I1316,C10564,2025-01-16,Call,Inquiry
I1317,C10663,2025-04-17,Branch,Purchase
I1318,C10188,2026-04-07,Web,Support
I1319,C10358,2025-05-08,Branch,Login
I1320,C10697,2025-10-07,Call,Support
I1321,C10473,2025-02-07,Email,Complaint
I1322,C10961,2026-07-28,Mobile,Purchase
I1323,C10270,2025-10-19,Email,Inquiry
I1324,C10615,2026-03-27,Branch,Login
I1325,C10995,2025-03-17,Branch,Support
I1326,C10723,2026-05-29,Email,Purchase
I1327,C10242,2025-06-18,Web,Support
I1328,C10329,2026-06-03,Mobile,Support
I1329,C10771,2026-07-05,Web,Login
I1330,C10961,2025-04-03,Web,Complaint
I1331,C10795,2025-03-25,Web,Login
I1332,C10472,2025-05-20,Email,Support
I1333,C10081,2025-04-02,Branch,Support
I1334,C10248,2025-11-06,Call,Purchase
I1335,C10368,2025-06-16,Web,Inquiry
I1336,C10371,2025-12-11,Email,Support
I1337,C10433,2025-06-30,Email,Complaint
I1338,C10287,2025-11-24,Email,Purchase
I1339,C10549,2026-07-17,Mobile,Complaint
I1340,C10418,2025-12-26,Email,Login
I1341,C10206,2025-07-31,Email,Inquiry
I1342,C10957,2025-10-04,Email,Login
I1343,C10335,2026-07-26,Web,Complaint
I1344,C10898,2025-07-15,Call,Complaint
I1345,C10633,2026-07-06,Call,Purchase
I1346,C10707,2026-07-06,Mobile,Support
I1347,C10858,2025-06-02,Email,Complaint
I1348,C10626,2025-09-26,Mobile,Support
I1349,C10854,2026-06-27,Web,Complaint
I1350,C10849,2026-03-24,Mobile,Login
I1351,C10985,2025-09-26,Mobile,Complaint
I1352,C10943,2025-09-11,Mobile,Support
I1353,C10375,2026-05-22,Mobile,Login
I1354,C10883,2025-08-16,Branch,Support
I1355,C10741,2025-07-26,Web,Purchase
I1356,C10212,2025-10-22,Web,Inquiry
I1357,C10063,2025-11-22,Web,Complaint
I1358,C10253,2025-06-01,Call,Complaint
I1359,C10841,2026-08-20,Call,Login
I1360,C10742,2026-03-04,Web,Complaint
I1361,C10425,2025-07-10,Call,Purchase
I1362,C10823,2025-12-17,Mobile,Complaint
I1363,C10602,2026-05-02,Call,Purchase
I1364,C10832,2026-08-30,Email,Inquiry
I1365,C10411,2026-01-31,Branch,Complaint
I1366,C10082,2026-05-08,Branch,Login
I1367,C10653,2025-01-11,Email,Purchase
I1368,C10237,2025-07-01,Mobile,Login
I1369,C10029,2025-12-31,Call,Login
I1370,C10190,2026-07-02,Mobile,Support
I1371,C10819,2025-04-15,Branch,Support
I1372,C10516,2025-05-01,Email,Support
I1373,C10783,2025-02-05,Web,Complaint
I1374,C10728,2026-03-12,Mobile,Purchase
I1375,C10067,2025-11-22,Mobile,Support
I1376,C10402,2025-04-06,Email,Login
I1377,C10783,2026-07-06,Web,Purchase
I1378,C10831,2025-02-06,Email,Support
I1379,C10334,2025-08-26,Web,Complaint
I1380,C10579,2025-01-18,Call,Login
I1381,C10569,2025-08-09,Branch,Support
I1382,C10893,2025-10-31,Web,Support
I1383,C10923,2026-04-03,Call,Complaint
I1384,C10632,2026-04-09,Mobile,Login
I1385,C10069,2025-08-12,Email,Support
I1386,C10075,2025-09-28,Call,Purchase
I1387,C10672,2026-03-12,Branch,Complaint
I1388,C10049,2025-02-20,Mobile,Login
I1389,C10264,2026-04-29,Web,Login
I1390,C10615,2025-07-03,Email,Login
I1391,C10182,2025-02-18,Branch,Inquiry
I1392,C10839,2025-04-10,Call,Purchase
I1393,C10655,2025-12-10,Call,Complaint
I1394,C10368,2025-03-31,Call,Inquiry
I1395,C10133,2025-07-13,Call,Login
I1396,C10014,2025-12-04,Mobile,Support
I1397,C10040,2026-01-20,Email,Purchase
I1398,C10067,2026-05-10,Call,Inquiry
I1399,C10149,2025-01-29,Web,Login
I1400,C10231,2026-01-04,Mobile,Inquiry
I1401,C10321,2025-09-15,Mobile,Complaint
I1402,C10093,2025-11-09,Mobile,Support
I1403,C10698,2025-06-22,Branch,Purchase
I1404,C10547,2025-01-19,Email,Inquiry
I1405,C10296,2025-12-01,Web,Purchase
I1406,C10411,2025-01-02,Call,Login
I1407,C10961,2025-04-28,Web,Complaint
I1408,C10227,2025-07-14,Mobile,Inquiry
I1409,C10159,2025-04-13,Email,Complaint
I1410,C10180,2026-04-22,Email,Complaint
I1411,C10305,2025-08-02,Email,Inquiry
I1412,C10040,2026-05-06,Web,Support
I1413,C10043,2026-08-04,Branch,Inquiry
I1414,C10131,2025-10-15,Call,Purchase
I1415,C10246,2025-10-21,Web,Complaint
I1416,C10278,2026-05-11,Web,Complaint
I1417,C10519,2025-04-04,Email,Purchase
I1418,C10339,2026-06-16,Email,Support
I1419,C10328,2026-01-25,Branch,Purchase
I1420,C10860,2026-02-25,Email,Purchase
I1421,C10162,2026-08-01,Web,Login
I1422,C10482,2025-04-30,Email,Purchase
I1423,C10592,2025-12-11,Branch,Complaint
I1424,C10718,2025-11-04,Mobile,Complaint
I1425,C10308,2026-03-09,Call,Support
I1426,C10377,2025-12-31,Branch,Login
I1427,C10491,2026-01-16,Mobile,Complaint
I1428,C10026,2026-06-21,Call,Complaint
I1429,C10247,2025-03-06,Mobile,Inquiry
I1430,C10959,2025-01-17,Mobile,Inquiry
I1431,C10633,2025-01-01,Web,Inquiry
I1432,C10374,2025-08-23,Branch,Inquiry
I1433,C10019,2025-08-16,Mobile,Inquiry
I1434,C10402,2025-07-26,Branch,Support
I1435,C10441,2025-01-23,Branch,Purchase
I1436,C10944,2025-10-21,Branch,Complaint
I1437,C10155,2025-04-14,Branch,Inquiry
I1438,C10619,2026-07-23,Mobile,Complaint
I1439,C10470,2025-12-13,Branch,Inquiry
I1440,C10338,2025-01-25,Call,Complaint
I1441,C10365,2025-08-22,Email,Complaint
I1442,C10843,2026-04-05,Call,Purchase
I1443,C10997,2025-01-23,Web,Login
I1444,C10615,2025-02-05,Branch,Purchase
I1445,C10683,2025-10-01,Branch,Login
I1446,C10811,2026-02-06,Mobile,Complaint
I1447,C10357,2025-02-24,Web,Purchase
I1448,C10736,2025-08-05,Email,Login
I1449,C10334,2026-08-05,Email,Login
I1450,C10578,2026-02-06,Call,Inquiry
I1451,C10556,2026-01-24,Call,Login
I1452,C10424,2026-03-20,Email,Login
I1453,C10369,2026-05-28,Branch,Purchase
I1454,C10848,2025-07-21,Mobile,Inquiry
I1455,C10536,2025-06-01,Email,Support
I1456,C10969,2025-06-01,Call,Inquiry
I1457,C10822,2025-11-06,Mobile,Purchase
I1458,C10097,2025-11-13,Email,Inquiry
I1459,C10041,2026-01-07,Branch,Purchase
I1460,C10388,2026-02-21,Email,Complaint
I1461,C10097,2026-08-28,Call,Inquiry
I1462,C10000,2026-03-08,Email,Purchase
I1463,C10468,2025-10-26,Call,Support
I1464,C10420,2026-04-19,Branch,Inquiry
I1465,C10753,2026-04-23,Branch,Login
I1466,C10645,2025-10-05,Mobile,Complaint
I1467,C10438,2025-06-05,Branch,Purchase
I1468,C10153,2026-04-27,Branch,Complaint
I1469,C10791,2025-11-16,Branch,Support
I1470,C10562,2025-02-12,Email,Login
I1471,C10700,2026-08-25,Branch,Complaint
I1472,C10772,2025-02-07,Branch,Inquiry
I1473,C10230,2026-04-21,Email,Complaint
I1474,C10807,2025-11-10,Call,Inquiry
I1475,C10037,2025-01-12,Web,Complaint
I1476,C10069,2026-08-15,Call,Complaint
I1477,C10452,2026-03-07,Branch,Complaint
I1478,C10849,2025-11-09,Mobile,Complaint
I1479,C10537,2025-05-08,Web,Support
I1480,C10764,2026-01-10,Mobile,Inquiry
I1481,C10124,2025-11-22,Mobile,Inquiry
I1482,C10419,2026-05-30,Call,Inquiry
I1483,C10485,2025-08-14,Email,Login
I1484,C10348,2026-01-03,Email,Complaint
I1485,C10749,2026-01-21,Email,Complaint
I1486,C10721,2025-01-23,Branch,Login
I1487,C10019,2025-05-28,Web,Complaint
I1488,C10153,2026-02-01,Web,Complaint
I1489,C10472,2025-12-04,Email,Support
I1490,C10626,2025-04-30,Web,Support
I1491,C10535,2026-03-30,Mobile,Support
I1492,C10925,2025-08-30,Call,Complaint
I1493,C10360,2026-06-25,Call,Support
I1494,C10488,2025-12-23,Mobile,Complaint
I1495,C10952,2025-10-03,Mobile,Purchase
I1496,C10928,2025-07-02,Branch,Inquiry
I1497,C10859,2026-07-04,Email,Login
I1498,C10872,2026-06-19,Call,Complaint
I1499,C10165,2026-02-22,Email,Login
I1500,C10141,2026-08-07,Branch,Inquiry
I1501,C10724,2026-06-23,Mobile,Login
I1502,C10885,2026-08-31,Branch,Support
I1503,C10766,2025-12-06,Mobile,Support
I1504,C10010,2026-04-11,Web,Purchase
I1505,C10390,2025-02-25,Mobile,Support
I1506,C10561,2025-01-11,Call,Inquiry
I1507,C10229,2025-09-10,Call,Login
I1508,C10284,2026-06-02,Email,Complaint
I1509,C10583,2025-03-04,Email,Purchase
I1510,C10883,2026-06-18,Web,Login
I1511,C10561,2026-02-09,Call,Inquiry
I1512,C10568,2025-07-03,Mobile,Inquiry
I1513,C10254,2025-08-03,Web,Inquiry
I1514,C10353,2025-12-31,Call,Login
I1515,C10565,2025-03-06,Call,Purchase
I1516,C10485,2026-08-31,Web,Purchase
I1517,C10868,2026-03-21,Call,Purchase
I1518,C10972,2026-05-30,Branch,Complaint
I1519,C10975,2026-08-16,Call,Support
I1520,C10992,2026-01-17,Call,Inquiry
I1521,C10669,2026-05-20,Call,Inquiry
I1522,C10043,2026-03-04,Email,Complaint
I1523,C10770,2026-05-17,Mobile,Inquiry
I1524,C10919,2025-02-10,Email,Complaint
I1525,C10981,2026-03-12,Email,Complaint
I1526,C10449,2025-01-24,Call,Inquiry
I1527,C10557,2025-10-15,Call,Purchase
I1528,C10510,2026-02-07,Branch,Support
I1529,C10374,2026-07-10,Call,Support
I1530,C10381,2025-01-14,Email,Inquiry
I1531,C10873,2025-03-05,Branch,Complaint
I1532,C10042,2026-07-04,Mobile,Purchase
I1533,C10442,2025-10-26,Call,Login
I1534,C10961,2025-10-25,Branch,Inquiry
I1535,C10864,2025-01-12,Call,Purchase
I1536,C10765,2026-09-01,Web,Inquiry
I1537,C10325,2025-08-04,Mobile,Support
I1538,C10008,2025-02-11,Email,Purchase
I1539,C10658,2026-04-29,Call,Inquiry
I1540,C10237,2025-01-16,Branch,Login
I1541,C10096,2026-06-05,Call,Support
I1542,C10901,2026-08-20,Mobile,Inquiry
I1543,C10133,2025-06-12,Call,Purchase
I1544,C10189,2025-01-21,Call,Complaint
I1545,C10910,2026-08-26,Email,Purchase
I1546,C10382,2026-08-12,Call,Support
I1547,C10693,2025-01-16,Mobile,Purchase
I1548,C10278,2025-05-27,Call,Support
I1549,C10597,2025-06-18,Call,Complaint
I1550,C10792,2025-08-24,Branch,Login
I1551,C10348,2025-12-30,Mobile,Support
I1552,C10344,2025-01-28,Mobile,Support
I1553,C10208,2025-10-08,Branch,Support
I1554,C10313,2025-06-19,Email,Inquiry
I1555,C10826,2026-08-24,Email,Inquiry
I1556,C10763,2025-10-27,Branch,Purchase
I1557,C10232,2026-06-24,Web,Login
I1558,C10105,2026-07-18,Call,Complaint
I1559,C10092,2026-08-08,Email,Complaint
I1560,C10912,2026-01-23,Mobile,Login
I1561,C10570,2026-03-13,Mobile,Inquiry
I1562,C10182,2025-09-17,Branch,Complaint
I1563,C10606,2026-07-12,Web,Complaint
I1564,C10103,2025-05-25,Call,Purchase
I1565,C10036,2025-11-10,Branch,Support
I1566,C10411,2025-12-14,Branch,Inquiry
I1567,C10863,2026-03-11,Email,Purchase
I1568,C10976,2026-02-24,Web,Inquiry
I1569,C10215,2026-01-15,Branch,Complaint
I1570,C10580,2026-07-09,Email,Purchase
I1571,C10373,2026-08-27,Web,Inquiry
I1572,C10072,2025-04-10,Call,Complaint
I1573,C10113,2026-07-20,Web,Complaint
I1574,C10908,2025-09-09,Call,Complaint
I1575,C10806,2025-11-06,Call,Purchase
I1576,C10580,2026-03-22,Web,Inquiry
I1577,C10951,2025-07-29,Web,Complaint
I1578,C10643,2025-01-24,Web,Support
I1579,C10315,2025-04-02,Web,Complaint
I1580,C10263,2026-07-13,Mobile,Complaint
I1581,C10647,2026-07-10,Mobile,Inquiry
I1582,C10066,2025-11-09,Mobile,Support
I1583,C10701,2025-06-06,Mobile,Purchase
I1584,C10516,2025-02-22,Branch,Support
I1585,C10805,2025-05-31,Branch,Inquiry
I1586,C10212,2026-07-05,Call,Support
I1587,C10314,2025-08-22,Call,Login
I1588,C10212,2025-04-21,Email,Complaint
I1589,C10849,2025-10-10,Mobile,Purchase
I1590,C10809,2026-06-03,Branch,Inquiry
I1591,C10625,2025-01-18,Call,Inquiry
I1592,C10520,2026-04-12,Web,Inquiry
I1593,C10858,2025-06-10,Email,Inquiry
I1594,C10039,2025-07-16,Mobile,Login
I1595,C10634,2025-11-25,Web,Purchase
I1596,C10113,2026-03-07,Email,Inquiry
I1597,C10678,2026-03-03,Mobile,Complaint
I1598,C10163,2025-08-08,Mobile,Login
I1599,C10329,2026-03-14,Branch,Inquiry
I1600,C10164,2025-07-29,Call,Login
I1601,C10814,2025-07-02,Mobile,Login
I1602,C10660,2025-04-11,Email,Login
I1603,C10308,2026-07-07,Branch,Purchase
I1604,C10823,2025-09-19,Web,Login
I1605,C10536,2025-06-05,Call,Login
I1606,C10940,2025-07-20,Email,Support
I1607,C10070,2025-01-25,Web,Inquiry
I1608,C10866,2025-07-04,Email,Inquiry
I1609,C10654,2026-07-28,Branch,Login
I1610,C10486,2025-08-12,Branch,Login
I1611,C10428,2025-03-01,Branch,Support
I1612,C10698,2026-06-02,Web,Login
I1613,C10145,2025-02-15,Web,Login
I1614,C10392,2025-04-04,Mobile,Purchase
I1615,C10374,2025-06-04,Mobile,Complaint
I1616,C10018,2026-04-20,Web,Login
I1617,C10001,2025-07-29,Branch,Inquiry
I1618,C10316,2025-03-23,Web,Login
I1619,C10334,2025-03-15,Mobile,Complaint
I1620,C10774,2025-03-06,Mobile,Purchase
I1621,C10074,2025-02-08,Mobile,Purchase
I1622,C10640,2025-09-21,Call,Purchase
I1623,C10512,2025-10-05,Email,Support
I1624,C10127,2025-10-02,Branch,Purchase
I1625,C10695,2025-05-12,Branch,Login
I1626,C10720,2025-09-17,Web,Purchase
I1627,C10019,2026-03-20,Web,Login
I1628,C10572,2025-04-08,Mobile,Support
I1629,C10319,2026-04-27,Call,Complaint
I1630,C10559,2025-09-08,Branch,Complaint
I1631,C10023,2025-10-04,Call,Support
I1632,C10943,2025-07-08,Branch,Support
I1633,C10240,2025-09-29,Mobile,Login
I1634,C10366,2025-04-10,Email,Login
I1635,C10766,2025-01-18,Branch,Login
I1636,C10560,2025-11-13,Web,Support
I1637,C10425,2025-03-14,Call,Complaint
I1638,C10426,2025-01-23,Branch,Purchase
I1639,C10754,2025-10-01,Branch,Complaint
I1640,C10380,2026-02-27,Email,Complaint
I1641,C10935,2025-10-09,Web,Inquiry
I1642,C10039,2025-10-24,Email,Complaint
I1643,C10201,2026-03-16,Web,Purchase
I1644,C10301,2025-07-12,Mobile,Support
I1645,C10752,2025-12-22,Call,Inquiry
I1646,C10589,2025-09-05,Web,Complaint
I1647,C10821,2025-10-15,Web,Inquiry
I1648,C10238,2025-05-25,Mobile,Complaint
I1649,C10464,2025-11-19,Call,Support
I1650,C10856,2025-11-12,Email,Support
I1651,C10578,2025-11-28,Mobile,Purchase
I1652,C10026,2025-02-04,Web,Complaint
I1653,C10987,2025-02-02,Branch,Complaint
I1654,C10268,2026-03-25,Email,Complaint
I1655,C10162,2025-05-12,Mobile,Login
I1656,C10420,2025-01-06,Branch,Support
I1657,C10451,2025-06-03,Branch,Inquiry
I1658,C10995,2026-08-24,Mobile,Support
I1659,C10968,2025-10-22,Branch,Support
I1660,C10721,2026-01-27,Branch,Purchase
I1661,C10525,2025-10-15,Call,Inquiry
I1662,C10401,2025-03-23,Call,Support
I1663,C10691,2026-02-25,Mobile,Support
I1664,C10844,2025-09-02,Branch,Purchase
I1665,C10871,2025-03-16,Web,Inquiry
I1666,C10797,2025-05-04,Branch,Complaint
I1667,C10854,2025-09-15,Web,Support
I1668,C10348,2025-09-05,Call,Purchase
I1669,C10150,2025-07-01,Branch,Purchase
I1670,C10172,2025-01-20,Mobile,Login
I1671,C10801,2026-06-28,Email,Purchase
I1672,C10644,2025-01-12,Web,Purchase
I1673,C10350,2025-05-18,Call,Complaint
I1674,C10938,2025-06-22,Branch,Login
I1675,C10733,2025-05-30,Call,Login
I1676,C10439,2025-12-13,Call,Complaint
I1677,C10593,2025-06-08,Email,Complaint
I1678,C10826,2025-10-09,Email,Complaint
I1679,C10888,2025-06-01,Mobile,Login
I1680,C10959,2025-08-07,Call,Complaint
I1681,C10323,2025-02-10,Branch,Support
I1682,C10015,2026-07-16,Email,Purchase
I1683,C10062,2026-04-16,Branch,Inquiry
I1684,C10802,2025-02-06,Mobile,Purchase
I1685,C10865,2026-05-20,Web,Complaint
I1686,C10263,2025-02-26,Mobile,Purchase
I1687,C10497,2025-02-21,Branch,Login
I1688,C10251,2025-08-25,Branch,Support
I1689,C10629,2026-06-12,Branch,Inquiry
I1690,C10848,2025-04-21,Mobile,Login
I1691,C10196,2025-10-24,Email,Purchase
I1692,C10808,2026-07-10,Mobile,Inquiry
I1693,C10945,2025-07-13,Call,Inquiry
I1694,C10054,2025-01-29,Email,Inquiry
I1695,C10221,2026-07-20,Email,Purchase
I1696,C10092,2026-07-03,Call,Purchase
I1697,C10466,2026-04-07,Email,Inquiry
I1698,C10996,2025-09-23,Branch,Complaint
I1699,C10721,2026-06-20,Branch,Purchase
I1700,C10183,2026-08-26,Call,Complaint
I1701,C10331,2026-03-19,Branch,Purchase
I1702,C10660,2026-06-16,Call,Inquiry
I1703,C10996,2025-01-11,Call,Inquiry
I1704,C10110,2026-05-20,Web,Purchase
I1705,C10631,2026-02-11,Branch,Support
I1706,C10868,2026-08-10,Call,Support
I1707,C10151,2026-04-23,Web,Inquiry
I1708,C10984,2026-03-24,Branch,Support
I1709,C10432,2025-03-10,Branch,Complaint
I1710,C10074,2025-10-18,Branch,Login
I1711,C10401,2025-08-12,Mobile,Support
I1712,C10877,2026-02-07,Email,Purchase
I1713,C10197,2026-02-27,Branch,Purchase
I1714,C10763,2026-06-28,Branch,Purchase
I1715,C10211,2025-06-08,Email,Login
I1716,C10459,2025-08-08,Mobile,Support
I1717,C10384,2026-05-25,Mobile,Inquiry
I1718,C10912,2025-06-21,Branch,Login
I1719,C10211,2025-03-25,Call,Support
I1720,C10662,2026-08-05,Call,Purchase
I1721,C10686,2025-10-06,Mobile,Inquiry
I1722,C10423,2026-01-30,Branch,Complaint
I1723,C10182,2026-02-06,Email,Login
I1724,C10852,2026-04-03,Mobile,Login
I1725,C10477,2025-03-29,Web,Support
I1726,C10576,2025-09-23,Web,Purchase
I1727,C10750,2026-03-10,Web,Inquiry
I1728,C10959,2026-01-11,Mobile,Login
I1729,C10834,2025-04-12,Email,Complaint
I1730,C10942,2026-06-17,Web,Purchase
I1731,C10473,2025-02-13,Email,Login
I1732,C10911,2025-01-11,Call,Inquiry
I1733,C10508,2026-07-02,Branch,Support
I1734,C10838,2026-06-21,Email,Inquiry
I1735,C10443,2025-04-22,Web,Support
I1736,C10698,2025-07-07,Mobile,Inquiry
I1737,C10325,2026-01-23,Mobile,Inquiry
I1738,C10753,2026-01-13,Web,Login
I1739,C10710,2025-10-01,Call,Login
I1740,C10631,2026-06-28,Web,Inquiry
I1741,C10841,2025-08-11,Mobile,Purchase
I1742,C10433,2026-07-22,Web,Support
I1743,C10396,2025-07-20,Web,Purchase
I1744,C10812,2025-06-11,Branch,Purchase
I1745,C10647,2025-02-20,Branch,Inquiry
I1746,C10400,2026-09-01,Call,Purchase
I1747,C10073,2025-10-04,Web,Support
I1748,C10489,2026-03-10,Web,Inquiry
I1749,C10625,2026-03-06,Branch,Support
I1750,C10548,2026-07-09,Branch,Login
I1751,C10759,2025-04-27,Mobile,Support
I1752,C10716,2025-10-16,Email,Complaint
I1753,C10943,2025-11-24,Web,Complaint
I1754,C10607,2025-09-07,Branch,Purchase
I1755,C10757,2026-07-15,Web,Purchase
I1756,C10147,2025-09-22,Web,Inquiry
I1757,C10360,2025-06-25,Email,Complaint
I1758,C10084,2025-08-05,Web,Complaint
I1759,C10521,2026-01-19,Branch,Purchase
I1760,C10821,2025-07-04,Email,Purchase
I1761,C10167,2025-05-26,Call,Support
I1762,C10401,2026-05-27,Email,Login
I1763,C10084,2025-07-14,Email,Purchase
I1764,C10754,2025-08-15,Call,Purchase
I1765,C10075,2025-09-28,Branch,Complaint
I1766,C10959,2025-08-04,Web,Inquiry
I1767,C10660,2026-06-05,Mobile,Inquiry
I1768,C10478,2026-07-02,Web,Purchase
I1769,C10632,2025-12-21,Web,Support
I1770,C10655,2026-01-13,Web,Complaint
I1771,C10266,2025-05-06,Mobile,Inquiry
I1772,C10793,2025-10-23,Web,Support
I1773,C10704,2026-07-05,Mobile,Complaint
I1774,C10050,2026-04-11,Web,Purchase
I1775,C10971,2026-06-05,Branch,Purchase
I1776,C10437,2025-05-19,Web,Support
I1777,C10808,2025-09-23,Mobile,Complaint
I1778,C10472,2026-01-29,Branch,Login
I1779,C10915,2026-01-01,Email,Purchase
I1780,C10485,2025-07-25,Web,Support
I1781,C10274,2026-01-30,Call,Support
I1782,C10293,2026-04-11,Mobile,Login
I1783,C10956,2026-03-04,Email,Complaint
I1784,C10010,2026-01-03,Email,Login
I1785,C10988,2026-01-17,Call,Purchase
I1786,C10831,2026-01-14,Branch,Purchase
I1787,C10896,2025-04-26,Email,Complaint
I1788,C10804,2025-12-20,Email,Login
I1789,C10230,2025-04-08,Web,Inquiry
I1790,C10592,2025-04-23,Mobile,Purchase
I1791,C10634,2025-05-14,Mobile,Complaint
I1792,C10563,2025-08-26,Mobile,Login
I1793,C10349,2026-01-10,Branch,Inquiry
I1794,C10430,2025-11-05,Mobile,Complaint
I1795,C10203,2025-06-01,Call,Inquiry
I1796,C10892,2025-04-22,Mobile,Support
I1797,C10450,2026-01-14,Branch,Purchase
I1798,C10779,2025-06-17,Call,Purchase
I1799,C10541,2026-08-05,Email,Support
I1800,C10450,2025-05-06,Branch,Login
I1801,C10776,2025-10-27,Mobile,Inquiry
I1802,C10700,2025-01-27,Branch,Login
I1803,C10016,2026-08-13,Web,Support
I1804,C10029,2025-04-27,Mobile,Complaint
I1805,C10878,2025-03-15,Email,Complaint
I1806,C10699,2025-09-26,Web,Login
I1807,C10053,2025-12-20,Call,Inquiry
I1808,C10542,2025-07-23,Call,Login
I1809,C10132,2025-03-16,Branch,Login
I1810,C10191,2026-04-25,Mobile,Complaint
I1811,C10589,2026-08-27,Web,Complaint
I1812,C10650,2026-05-31,Email,Purchase
I1813,C10595,2025-08-08,Email,Complaint
I1814,C10579,2025-07-21,Email,Login
I1815,C10937,2025-04-03,Call,Complaint
I1816,C10066,2025-11-14,Email,Complaint
I1817,C10030,2026-06-18,Web,Support
I1818,C10002,2026-05-24,Web,Complaint
I1819,C10721,2026-02-05,Email,Purchase
I1820,C10421,2025-03-05,Email,Inquiry
I1821,C10358,2025-09-26,Web,Inquiry
I1822,C10460,2025-04-03,Email,Purchase
I1823,C10238,2026-04-03,Mobile,Support
I1824,C10655,2025-08-09,Email,Login
I1825,C10681,2025-07-18,Branch,Support
I1826,C10455,2026-01-15,Mobile,Support
I1827,C10035,2026-07-31,Call,Complaint
I1828,C10294,2026-01-25,Web,Support
I1829,C10244,2025-01-07,Email,Purchase
I1830,C10671,2025-09-07,Email,Support
I1831,C10674,2026-01-13,Call,Complaint
I1832,C10739,2025-05-11,Web,Purchase
I1833,C10564,2026-08-25,Email,Support
I1834,C10208,2026-07-25,Call,Support
I1835,C10211,2025-05-30,Branch,Support
I1836,C10830,2026-04-18,Email,Complaint
I1837,C10448,2026-01-02,Branch,Purchase
I1838,C10677,2025-02-17,Mobile,Support
I1839,C10153,2025-08-02,Call,Purchase
I1840,C10453,2026-08-30,Email,Purchase
I1841,C10171,2025-06-18,Mobile,Purchase
I1842,C10090,2026-07-01,Call,Support
I1843,C10940,2025-04-22,Branch,Support
I1844,C10408,2025-07-02,Web,Purchase
I1845,C10293,2026-08-05,Email,Support
I1846,C10562,2026-02-20,Call,Login
I1847,C10745,2026-06-01,Web,Purchase
I1848,C10878,2026-08-14,Web,Support
I1849,C10695,2025-11-19,Web,Complaint
I1850,C10638,2025-07-27,Mobile,Inquiry
I1851,C10574,2025-08-29,Call,Purchase
I1852,C10826,2025-11-16,Web,Complaint
I1853,C10374,2025-05-05,Web,Inquiry
I1854,C10211,2025-09-20,Call,Purchase
I1855,C10029,2025-05-26,Email,Complaint
I1856,C10282,2025-02-21,Mobile,Inquiry
I1857,C10327,2025-10-02,Branch,Complaint
I1858,C10569,2026-01-02,Branch,Support
I1859,C10663,2025-01-25,Mobile,Complaint
I1860,C10563,2026-08-26,Email,Complaint
I1861,C10667,2026-06-11,Web,Purchase
I1862,C10341,2025-01-02,Web,Inquiry
I1863,C10582,2025-01-21,Mobile,Inquiry
I1864,C10671,2025-01-03,Web,Support
I1865,C10885,2025-11-10,Web,Complaint
I1866,C10138,2025-06-22,Email,Login
I1867,C10000,2025-04-30,Call,Complaint
I1868,C10046,2025-09-07,Branch,Inquiry
I1869,C10122,2026-02-21,Branch,Complaint
I1870,C10321,2026-05-30,Mobile,Login
I1871,C10089,2025-05-17,Mobile,Inquiry
I1872,C10954,2025-08-22,Mobile,Purchase
I1873,C10372,2025-08-24,Email,Inquiry
I1874,C10501,2026-01-24,Mobile,Complaint
I1875,C10725,2026-01-13,Mobile,Support
I1876,C10336,2026-02-20,Web,Complaint
I1877,C10310,2026-02-16,Mobile,Complaint
I1878,C10511,2025-06-18,Web,Login
I1879,C10322,2025-08-18,Call,Complaint
I1880,C10492,2026-09-01,Email,Inquiry
I1881,C10996,2025-01-21,Call,Login
I1882,C10067,2025-04-10,Email,Purchase
I1883,C10648,2025-03-14,Mobile,Support
I1884,C10277,2026-02-06,Call,Support
I1885,C10919,2026-01-28,Web,Support
I1886,C10787,2026-02-08,Branch,Inquiry
I1887,C10415,2025-08-25,Branch,Inquiry
I1888,C10826,2026-01-01,Web,Login
I1889,C10123,2026-05-25,Call,Support
I1890,C10894,2025-07-16,Call,Purchase
I1891,C10854,2026-06-28,Branch,Inquiry
I1892,C10256,2026-03-14,Branch,Login
I1893,C10410,2025-11-18,Web,Complaint
I1894,C10349,2025-06-18,Email,Purchase
I1895,C10495,2026-08-14,Mobile,Purchase
I1896,C10695,2025-09-21,Web,Login
I1897,C10016,2025-10-06,Email,Support
I1898,C10129,2025-06-11,Branch,Support
I1899,C10550,2025-05-23,Email,Login
I1900,C10963,2025-04-03,Mobile,Login
I1901,C10039,2025-02-05,Web,Purchase
I1902,C10476,2026-01-01,Email,Login
I1903,C10696,2026-01-02,Web,Login
I1904,C10598,2025-04-08,Branch,Inquiry
I1905,C10980,2026-01-08,Call,Purchase
I1906,C10790,2026-08-14,Mobile,Login
I1907,C10759,2025-03-21,Web,Complaint
I1908,C10121,2025-05-29,Mobile,Support
I1909,C10982,2025-07-04,Email,Support
I1910,C10778,2025-04-29,Call,Support
I1911,C10829,2025-05-05,Call,Complaint
I1912,C10320,2025-05-19,Call,Support
I1913,C10342,2025-12-03,Web,Login
I1914,C10371,2025-06-15,Email,Support
I1915,C10545,2026-05-14,Branch,Login
I1916,C10346,2025-03-22,Email,Complaint
I1917,C10661,2025-06-06,Email,Support
I1918,C10530,2025-12-18,Branch,Complaint
I1919,C10997,2025-02-16,Call,Login
I1920,C10801,2026-01-09,Branch,Inquiry
I1921,C10242,2026-06-10,Call,Support
I1922,C10247,2025-01-07,Email,Inquiry
I1923,C10730,2025-10-23,Mobile,Support
I1924,C10101,2026-04-14,Call,Login
I1925,C10995,2025-01-14,Email,Purchase
I1926,C10951,2025-12-30,Branch,Support
I1927,C10197,2025-01-17,Branch,Inquiry
I1928,C10284,2025-01-16,Mobile,Complaint
I1929,C10633,2026-07-15,Call,Purchase
I1930,C10789,2025-10-22,Mobile,Purchase
I1931,C10560,2025-05-22,Email,Purchase
I1932,C10433,2025-09-22,Branch,Login
I1933,C10830,2025-08-07,Mobile,Inquiry
I1934,C10841,2026-04-24,Web,Complaint
I1935,C10878,2025-07-06,Call,Support
I1936,C10276,2026-05-09,Web,Support
I1937,C10882,2025-10-14,Email,Support
I1938,C10476,2025-09-05,Web,Inquiry
I1939,C10291,2025-07-15,Call,Support
I1940,C10008,2026-01-19,Mobile,Purchase
I1941,C10984,2025-07-27,Branch,Inquiry
I1942,C10530,2025-02-05,Web,Login
I1943,C10722,2025-06-12,Email,Support
I1944,C10025,2025-01-07,Web,Inquiry
I1945,C10794,2025-10-05,Call,Complaint
I1946,C10517,2025-06-10,Branch,Support
I1947,C10160,2025-03-06,Web,Inquiry
I1948,C10294,2026-07-27,Branch,Support
I1949,C10942,2025-04-03,Web,Complaint
I1950,C10423,2026-06-29,Mobile,Login
I1951,C10190,2026-04-18,Call,Purchase
I1952,C10805,2026-03-04,Email,Support
I1953,C10299,2026-06-09,Mobile,Support
I1954,C10064,2025-01-04,Branch,Login
I1955,C10044,2025-09-13,Branch,Support
I1956,C10818,2025-10-01,Mobile,Complaint
I1957,C10817,2025-04-23,Branch,Purchase
I1958,C10725,2025-06-13,Branch,Purchase
I1959,C10423,2025-02-19,Branch,Complaint
I1960,C10867,2025-12-24,Branch,Complaint
I1961,C10767,2025-06-20,Branch,Purchase
I1962,C10744,2026-03-11,Mobile,Complaint
I1963,C10424,2025-03-19,Web,Purchase
I1964,C10006,2025-06-24,Web,Inquiry
I1965,C10726,2025-07-24,Mobile,Login
I1966,C10450,2026-04-18,Branch,Complaint
I1967,C10713,2025-02-24,Email,Complaint
I1968,C10914,2026-05-27,Call,Complaint
I1969,C10909,2025-03-17,Mobile,Complaint
I1970,C10440,2026-06-29,Email,Login
I1971,C10843,2025-10-01,Branch,Purchase
I1972,C10320,2025-06-18,Branch,Purchase
I1973,C10828,2025-09-12,Web,Purchase
I1974,C10871,2025-03-24,Web,Purchase
I1975,C10193,2025-09-27,Call,Login
I1976,C10179,2025-04-02,Branch,Complaint
I1977,C10148,2025-09-11,Branch,Support
I1978,C10924,2025-02-24,Mobile,Inquiry
I1979,C10201,2026-01-29,Web,Login
I1980,C10562,2025-07-17,Email,Inquiry
I1981,C10565,2025-08-12,Mobile,Inquiry
I1982,C10001,2025-10-09,Mobile,Login
I1983,C10053,2025-05-21,Branch,Complaint
I1984,C10829,2025-04-17,Call,Complaint
I1985,C10497,2025-02-22,Web,Inquiry
I1986,C10651,2026-02-24,Call,Login
I1987,C10397,2025-05-19,Call,Support
I1988,C10654,2025-07-28,Mobile,Inquiry
I1989,C10525,2025-10-28,Call,Complaint
I1990,C10974,2026-04-22,Mobile,Complaint
I1991,C10411,2025-10-11,Call,Complaint
I1992,C10295,2025-07-20,Mobile,Purchase
I1993,C10657,2025-09-15,Web,Purchase
I1994,C10718,2025-01-09,Call,Support
I1995,C10055,2025-11-02,Mobile,Purchase
I1996,C10055,2026-05-27,Branch,Complaint
I1997,C10536,2025-01-10,Call,Support
I1998,C10072,2026-07-10,Mobile,Purchase
I1999,C10406,2025-11-19,Call,Login
I2000,C10732,2026-07-20,Branch,Login
I2001,C10511,2025-04-06,Branch,Support
I2002,C10549,2026-08-18,Web,Login
I2003,C10997,2025-12-27,Email,Complaint
I2004,C10981,2026-06-01,Call,Support
I2005,C10377,2025-10-09,Branch,Purchase
I2006,C10631,2025-09-15,Mobile,Complaint
I2007,C10283,2025-09-20,Branch,Complaint
I2008,C10049,2026-05-24,Mobile,Login
I2009,C10552,2025-03-14,Email,Login
I2010,C10188,2025-05-10,Web,Inquiry
I2011,C10016,2025-11-15,Branch,Purchase
I2012,C10808,2026-02-28,Email,Inquiry
I2013,C10461,2025-08-22,Branch,Complaint
I2014,C10862,2026-02-26,Mobile,Support
I2015,C10367,2025-05-29,Email,Complaint
I2016,C10522,2025-06-10,Branch,Support
I2017,C10190,2025-09-03,Email,Login
I2018,C10062,2026-02-03,Branch,Login
I2019,C10443,2026-02-09,Email,Purchase
I2020,C10556,2026-01-08,Call,Inquiry
I2021,C10771,2026-03-21,Branch,Login
I2022,C10221,2025-01-23,Call,Purchase
I2023,C10730,2026-04-22,Call,Login
I2024,C10814,2025-08-21,Mobile,Login
I2025,C10480,2026-01-19,Call,Inquiry
I2026,C10028,2025-08-11,Branch,Login
I2027,C10037,2026-01-16,Email,Inquiry
I2028,C10083,2025-09-26,Branch,Support
I2029,C10864,2025-12-16,Branch,Complaint
I2030,C10372,2026-04-08,Branch,Login
I2031,C10070,2025-12-19,Email,Purchase
I2032,C10888,2026-07-25,Email,Support
I2033,C10782,2025-11-12,Branch,Purchase
I2034,C10513,2025-05-24,Branch,Complaint
I2035,C10135,2026-08-08,Email,Support
I2036,C10907,2026-05-27,Mobile,Inquiry
I2037,C10642,2025-02-27,Web,Inquiry
I2038,C10516,2026-06-22,Branch,Support
I2039,C10002,2026-04-16,Web,Login
I2040,C10979,2025-07-27,Call,Login
I2041,C10967,2026-07-01,Email,Purchase
I2042,C10086,2025-05-23,Call,Inquiry
I2043,C10779,2026-02-06,Call,Support
I2044,C10998,2026-03-30,Email,Support
I2045,C10005,2025-06-20,Email,Purchase
I2046,C10582,2025-02-20,Call,Inquiry
I2047,C10911,2025-11-28,Mobile,Complaint
I2048,C10313,2025-02-12,Mobile,Support
I2049,C10581,2025-05-13,Mobile,Support
I2050,C10482,2026-04-19,Web,Purchase
I2051,C10028,2025-07-27,Mobile,Complaint
I2052,C10709,2025-11-19,Email,Purchase
I2053,C10283,2026-08-30,Web,Inquiry
I2054,C10337,2025-08-08,Web,Inquiry
I2055,C10916,2025-01-31,Mobile,Login
I2056,C10735,2025-03-11,Mobile,Support
I2057,C10401,2025-08-23,Email,Support
I2058,C10928,2026-04-05,Branch,Login
I2059,C10120,2025-08-02,Email,Complaint
I2060,C10069,2026-05-19,Web,Support
I2061,C10742,2025-08-02,Email,Login
I2062,C10537,2025-05-28,Branch,Inquiry
I2063,C10793,2025-05-22,Mobile,Inquiry
I2064,C10048,2025-07-23,Web,Purchase
I2065,C10888,2026-04-07,Branch,Login
I2066,C10911,2025-06-01,Call,Inquiry
I2067,C10350,2025-11-10,Call,Login
I2068,C10311,2026-05-02,Web,Inquiry
I2069,C10117,2025-09-11,Web,Login
I2070,C10596,2025-08-10,Email,Purchase
I2071,C10453,2025-08-13,Call,Login
I2072,C10837,2026-07-25,Mobile,Inquiry
I2073,C10838,2025-03-08,Mobile,Login
I2074,C10724,2025-10-17,Web,Inquiry
I2075,C10715,2026-04-21,Mobile,Login
I2076,C10845,2025-12-06,Call,Purchase
I2077,C10024,2025-12-13,Branch,Purchase
I2078,C10294,2025-01-30,Call,Inquiry
I2079,C10398,2026-08-15,Web,Complaint
I2080,C10626,2026-01-14,Email,Complaint
I2081,C10881,2026-04-27,Web,Complaint
I2082,C10723,2025-05-16,Call,Inquiry
I2083,C10024,2025-09-16,Email,Purchase
I2084,C10608,2025-03-01,Email,Purchase
I2085,C10548,2026-04-13,Email,Complaint
I2086,C10920,2025-05-04,Call,Support
I2087,C10538,2026-07-30,Mobile,Login
I2088,C10036,2025-03-03,Call,Support
I2089,C10308,2025-12-25,Branch,Support
I2090,C10649,2026-01-20,Web,Purchase
I2091,C10631,2026-02-11,Email,Inquiry
I2092,C10344,2025-02-20,Email,Login
I2093,C10109,2025-11-06,Email,Complaint
I2094,C10087,2026-02-18,Email,Purchase
I2095,C10105,2025-01-20,Email,Inquiry
I2096,C10765,2025-03-09,Email,Support
I2097,C10309,2026-01-25,Mobile,Login
I2098,C10688,2026-07-22,Call,Support
I2099,C10767,2025-07-07,Web,Inquiry
I2100,C10921,2025-01-26,Web,Login
I2101,C10732,2026-02-16,Mobile,Complaint
I2102,C10113,2025-05-13,Web,Support
I2103,C10384,2025-04-24,Branch,Login
I2104,C10802,2025-08-24,Email,Complaint
I2105,C10660,2025-06-11,Mobile,Purchase
I2106,C10942,2025-12-19,Call,Login
I2107,C10359,2026-02-20,Email,Inquiry
I2108,C10259,2026-02-26,Branch,Complaint
I2109,C10199,2025-05-12,Branch,Inquiry
I2110,C10296,2026-07-07,Call,Support
I2111,C10529,2025-02-06,Email,Complaint
I2112,C10503,2025-06-18,Web,Inquiry
I2113,C10443,2026-07-22,Email,Purchase
I2114,C10724,2026-08-12,Web,Purchase
I2115,C10741,2025-05-30,Branch,Purchase
I2116,C10751,2025-06-24,Mobile,Purchase
I2117,C10067,2026-07-12,Web,Support
I2118,C10052,2025-11-09,Call,Inquiry
I2119,C10026,2025-02-17,Call,Purchase
I2120,C10164,2026-04-23,Branch,Inquiry
I2121,C10753,2026-03-25,Branch,Support
I2122,C10652,2025-02-26,Call,Complaint
I2123,C10316,2025-07-16,Mobile,Complaint
I2124,C10681,2025-12-19,Branch,Support
I2125,C10854,2026-01-09,Mobile,Login
I2126,C10103,2025-10-03,Email,Support
I2127,C10684,2025-07-14,Branch,Support
I2128,C10190,2025-10-02,Email,Inquiry
I2129,C10666,2026-05-18,Web,Complaint
I2130,C10311,2026-02-18,Mobile,Support
I2131,C10354,2026-06-22,Mobile,Inquiry
I2132,C10117,2025-05-01,Email,Support
I2133,C10049,2026-01-03,Call,Purchase
I2134,C10194,2026-06-01,Call,Inquiry
I2135,C10892,2025-02-13,Email,Inquiry
I2136,C10070,2025-09-15,Mobile,Purchase
I2137,C10946,2026-04-01,Email,Complaint
I2138,C10684,2025-05-28,Email,Support
I2139,C10854,2026-02-13,Branch,Purchase
I2140,C10079,2025-12-13,Web,Purchase
I2141,C10167,2026-08-01,Branch,Support
I2142,C10572,2025-02-26,Branch,Inquiry
I2143,C10910,2025-06-12,Branch,Purchase
I2144,C10404,2026-05-04,Web,Support
I2145,C10086,2025-04-21,Email,Support
I2146,C10821,2025-08-21,Call,Purchase
I2147,C10720,2026-05-04,Web,Inquiry
I2148,C10218,2026-07-29,Web,Complaint
I2149,C10640,2026-07-10,Mobile,Login
I2150,C10134,2025-06-16,Call,Purchase
I2151,C10650,2026-01-13,Mobile,Purchase
I2152,C10046,2026-01-21,Call,Complaint
I2153,C10644,2026-06-26,Email,Purchase
I2154,C10074,2025-11-09,Branch,Complaint
I2155,C10721,2025-05-14,Branch,Purchase
I2156,C10879,2026-05-31,Email,Complaint
I2157,C10767,2025-07-04,Mobile,Support
I2158,C10508,2025-01-30,Mobile,Login
I2159,C10931,2026-08-22,Mobile,Login
I2160,C10934,2025-06-08,Web,Login
I2161,C10412,2025-01-26,Web,Inquiry
I2162,C10227,2025-08-10,Mobile,Complaint
I2163,C10521,2025-07-11,Email,Inquiry
I2164,C10058,2026-01-14,Call,Purchase
I2165,C10182,2026-01-01,Web,Support
I2166,C10997,2025-07-28,Mobile,Purchase
I2167,C10007,2025-11-27,Mobile,Login
I2168,C10701,2025-03-28,Email,Support
I2169,C10380,2026-04-16,Branch,Purchase
I2170,C10494,2025-05-13,Call,Support
I2171,C10320,2025-06-30,Web,Support
I2172,C10057,2025-10-22,Web,Complaint
I2173,C10269,2025-08-28,Branch,Complaint
I2174,C10609,2025-05-10,Email,Purchase
I2175,C10553,2026-04-06,Email,Inquiry
I2176,C10343,2025-02-27,Email,Login
I2177,C10045,2025-03-07,Branch,Complaint
I2178,C10756,2025-09-12,Branch,Login
I2179,C10984,2026-08-15,Web,Purchase
I2180,C10784,2026-04-09,Web,Purchase
I2181,C10693,2025-05-25,Call,Complaint
I2182,C10618,2025-11-26,Mobile,Purchase
I2183,C10569,2025-02-26,Mobile,Complaint
I2184,C10901,2026-05-16,Call,Login
I2185,C10100,2025-07-23,Mobile,Support
I2186,C10880,2025-01-21,Email,Complaint
I2187,C10670,2026-01-23,Web,Inquiry
I2188,C10514,2025-09-25,Email,Login
I2189,C10838,2025-01-04,Web,Support
I2190,C10243,2026-08-11,Mobile,Login
I2191,C10678,2025-12-25,Call,Complaint
I2192,C10382,2025-07-19,Web,Purchase
I2193,C10894,2026-01-14,Call,Inquiry
I2194,C10404,2026-03-07,Mobile,Support
I2195,C10050,2025-07-26,Call,Complaint
I2196,C10148,2025-10-28,Web,Login
I2197,C10375,2025-07-09,Web,Support
I2198,C10170,2025-03-07,Web,Support
I2199,C10551,2025-12-13,Email,Complaint
I2200,C10494,2025-03-08,Mobile,Inquiry
I2201,C10525,2026-06-18,Branch,Complaint
I2202,C10148,2025-10-14,Mobile,Complaint
I2203,C10825,2026-08-31,Mobile,Complaint
I2204,C10236,2026-03-15,Web,Complaint
I2205,C10177,2025-04-18,Email,Complaint
I2206,C10809,2026-01-14,Branch,Inquiry
I2207,C10617,2026-08-05,Branch,Purchase
I2208,C10484,2026-06-05,Email,Purchase
I2209,C10459,2026-06-20,Call,Inquiry
I2210,C10133,2026-04-16,Email,Login
I2211,C10955,2026-06-09,Web,Complaint
I2212,C10722,2025-02-14,Web,Login
I2213,C10441,2026-02-26,Branch,Login
I2214,C10337,2025-08-23,Mobile,Inquiry
I2215,C10211,2026-08-05,Call,Support
I2216,C10279,2026-07-07,Mobile,Login
I2217,C10423,2025-06-15,Email,Login
I2218,C10090,2025-03-18,Email,Support
I2219,C10983,2026-07-05,Email,Support
I2220,C10706,2025-12-02,Web,Login
I2221,C10543,2026-04-29,Branch,Complaint
I2222,C10150,2025-08-03,Branch,Login
I2223,C10819,2026-08-21,Call,Purchase
I2224,C10906,2025-06-28,Email,Purchase
I2225,C10705,2026-08-05,Email,Inquiry
I2226,C10633,2025-03-31,Email,Inquiry
I2227,C10959,2025-12-29,Web,Support
I2228,C10234,2026-07-16,Email,Support
I2229,C10299,2026-06-04,Call,Support
I2230,C10455,2025-06-10,Call,Login
I2231,C10709,2025-02-15,Call,Complaint
I2232,C10602,2026-02-10,Branch,Login
I2233,C10815,2025-09-01,Web,Purchase
I2234,C10498,2026-05-28,Email,Inquiry
I2235,C10551,2025-04-17,Web,Login
I2236,C10609,2025-05-15,Mobile,Purchase
I2237,C10718,2026-04-07,Web,Purchase
I2238,C10769,2026-05-18,Branch,Purchase
I2239,C10860,2026-07-26,Email,Inquiry
I2240,C10010,2026-07-24,Branch,Inquiry
I2241,C10353,2025-06-26,Branch,Complaint
I2242,C10041,2025-04-14,Email,Login
I2243,C10492,2025-04-02,Email,Login
I2244,C10290,2025-06-18,Email,Login
I2245,C10177,2025-09-26,Mobile,Inquiry
I2246,C10914,2025-03-07,Call,Support
I2247,C10967,2026-06-03,Web,Inquiry
I2248,C10417,2026-03-22,Email,Purchase
I2249,C10251,2025-04-29,Email,Login
I2250,C10926,2026-06-01,Mobile,Inquiry
I2251,C10592,2025-11-25,Branch,Login
I2252,C10494,2026-04-29,Branch,Support
I2253,C10483,2026-05-30,Call,Support
I2254,C10235,2025-02-14,Branch,Inquiry
I2255,C10753,2026-07-18,Branch,Login
I2256,C10320,2025-05-30,Branch,Login
I2257,C10143,2026-03-16,Call,Complaint
I2258,C10945,2026-01-31,Mobile,Purchase
I2259,C10835,2025-10-08,Call,Purchase
I2260,C10306,2025-06-14,Branch,Login
I2261,C10090,2025-12-06,Web,Complaint
I2262,C10617,2025-03-10,Branch,Login
I2263,C10439,2026-02-13,Branch,Login
I2264,C10322,2026-06-28,Email,Login
I2265,C10554,2026-05-31,Branch,Purchase
I2266,C10761,2026-02-25,Branch,Purchase
I2267,C10074,2025-07-25,Branch,Inquiry
I2268,C10396,2025-04-14,Call,Support
I2269,C10160,2026-07-22,Email,Login
I2270,C10276,2025-07-11,Branch,Complaint
I2271,C10015,2025-10-25,Branch,Support
I2272,C10159,2026-05-03,Mobile,Inquiry
I2273,C10575,2026-01-29,Branch,Support
I2274,C10733,2026-02-16,Email,Inquiry
I2275,C10482,2026-01-25,Email,Login
I2276,C10174,2026-03-07,Branch,Inquiry
I2277,C10775,2025-03-16,Call,Inquiry
I2278,C10506,2025-02-06,Branch,Login
I2279,C10449,2025-05-23,Branch,Inquiry
I2280,C10236,2025-09-13,Call,Inquiry
I2281,C10262,2026-01-23,Branch,Complaint
I2282,C10058,2025-07-08,Call,Inquiry
I2283,C10968,2026-05-25,Web,Purchase
I2284,C10910,2026-03-13,Branch,Complaint
I2285,C10623,2026-02-08,Email,Purchase
I2286,C10394,2026-08-05,Web,Login
I2287,C10915,2025-07-05,Branch,Inquiry
I2288,C10314,2025-09-07,Web,Complaint
I2289,C10414,2025-04-20,Email,Inquiry
I2290,C10002,2026-06-11,Mobile,Purchase
I2291,C10172,2026-04-16,Branch,Inquiry
I2292,C10935,2026-06-07,Email,Purchase
I2293,C10218,2025-08-24,Branch,Support
I2294,C10983,2025-10-17,Email,Purchase
I2295,C10899,2025-05-26,Email,Login
I2296,C10515,2025-01-28,Email,Purchase
I2297,C10044,2025-12-15,Branch,Support
I2298,C10250,2025-05-25,Web,Complaint
I2299,C10656,2026-04-04,Web,Inquiry
I2300,C10645,2025-01-26,Email,Complaint
I2301,C10408,2025-04-02,Branch,Inquiry
I2302,C10404,2025-04-10,Web,Purchase
I2303,C10397,2026-01-12,Email,Purchase
I2304,C10790,2025-08-16,Branch,Inquiry
I2305,C10239,2025-03-22,Branch,Support
I2306,C10188,2026-03-14,Email,Purchase
I2307,C10745,2026-01-16,Email,Login
I2308,C10264,2025-09-18,Call,Inquiry
I2309,C10167,2025-03-23,Email,Login
I2310,C10162,2026-01-26,Call,Purchase
I2311,C10649,2025-09-11,Web,Support
I2312,C10868,2026-08-02,Call,Purchase
I2313,C10200,2026-09-01,Mobile,Complaint
I2314,C10331,2026-08-25,Web,Purchase
I2315,C10595,2026-02-21,Branch,Login
I2316,C10614,2026-02-25,Mobile,Login
I2317,C10823,2025-07-11,Mobile,Purchase
I2318,C10954,2026-01-10,Branch,Login
I2319,C10392,2025-05-26,Branch,Inquiry
I2320,C10934,2026-06-08,Call,Purchase
I2321,C10814,2025-07-30,Branch,Purchase
I2322,C10204,2026-04-04,Call,Login
I2323,C10253,2025-05-03,Branch,Support
I2324,C10659,2026-04-05,Email,Complaint
I2325,C10344,2025-06-19,Mobile,Support
I2326,C10732,2025-08-10,Call,Complaint
I2327,C10640,2025-01-22,Branch,Login
I2328,C10171,2026-01-21,Call,Support
I2329,C10387,2026-08-16,Web,Login
I2330,C10007,2026-07-29,Mobile,Support
I2331,C10631,2025-10-07,Email,Support
I2332,C10795,2026-03-13,Mobile,Login
I2333,C10502,2026-03-13,Branch,Purchase
I2334,C10671,2025-10-27,Web,Purchase
I2335,C10111,2025-02-16,Branch,Login
I2336,C10422,2026-08-03,Email,Login
I2337,C10278,2025-07-26,Email,Complaint
I2338,C10946,2025-05-26,Web,Purchase
I2339,C10713,2025-04-10,Branch,Inquiry
I2340,C10923,2025-01-08,Branch,Inquiry
I2341,C10173,2025-02-09,Email,Purchase
I2342,C10936,2025-08-08,Call,Complaint
I2343,C10733,2025-02-03,Mobile,Login
I2344,C10785,2026-05-30,Email,Complaint
I2345,C10881,2025-08-01,Web,Support
I2346,C10470,2025-09-05,Call,Login
I2347,C10961,2025-01-17,Branch,Complaint
I2348,C10767,2025-08-12,Email,Complaint
I2349,C10598,2026-02-15,Call,Complaint
I2350,C10335,2025-01-08,Mobile,Support
I2351,C10383,2025-02-12,Call,Login
I2352,C10046,2026-06-14,Email,Complaint
I2353,C10115,2025-01-15,Mobile,Purchase
I2354,C10477,2026-03-19,Email,Login
I2355,C10951,2026-05-09,Email,Support
I2356,C10965,2026-05-16,Branch,Support
I2357,C10405,2025-12-10,Call,Complaint
I2358,C10723,2026-04-23,Email,Login
I2359,C10665,2025-06-03,Call,Purchase
I2360,C10598,2025-02-02,Call,Inquiry
I2361,C10470,2026-05-04,Web,Complaint
I2362,C10063,2025-10-25,Mobile,Complaint
I2363,C10963,2026-01-31,Branch,Inquiry
I2364,C10869,2025-09-01,Call,Complaint
I2365,C10034,2025-03-13,Branch,Inquiry
I2366,C10160,2025-07-10,Call,Inquiry
I2367,C10324,2026-04-28,Email,Support
I2368,C10204,2026-01-12,Call,Complaint
I2369,C10917,2025-03-11,Web,Login
I2370,C10865,2025-04-05,Web,Login
I2371,C10355,2025-11-08,Mobile,Purchase
I2372,C10807,2025-12-24,Web,Login
I2373,C10499,2025-10-09,Email,Login
I2374,C10400,2026-08-11,Email,Support
I2375,C10796,2025-07-15,Mobile,Support
I2376,C10647,2025-03-29,Call,Support
I2377,C10747,2026-07-25,Call,Complaint
I2378,C10054,2025-08-02,Call,Login
I2379,C10783,2025-09-24,Mobile,Inquiry
I2380,C10618,2026-04-09,Call,Complaint
I2381,C10867,2026-05-30,Email,Login
I2382,C10739,2025-11-01,Email,Login
I2383,C10334,2025-10-13,Branch,Support
I2384,C10628,2025-03-23,Call,Support
I2385,C10143,2025-02-05,Mobile,Support
I2386,C10317,2025-09-05,Email,Support
I2387,C10510,2025-02-18,Call,Complaint
I2388,C10620,2025-05-03,Branch,Support
I2389,C10224,2026-04-12,Mobile,Support
I2390,C10977,2026-07-28,Email,Purchase
I2391,C10040,2026-04-13,Web,Purchase
I2392,C10111,2025-06-26,Call,Complaint
I2393,C10354,2025-11-25,Mobile,Inquiry
I2394,C10420,2025-01-11,Mobile,Support
I2395,C10729,2026-03-17,Mobile,Support
I2396,C10815,2026-01-06,Web,Support
I2397,C10374,2026-08-24,Branch,Login
I2398,C10184,2025-07-17,Mobile,Inquiry
I2399,C10366,2026-03-22,Email,Login
I2400,C10414,2026-07-01,Branch,Complaint
I2401,C10962,2026-08-26,Branch,Complaint
I2402,C10740,2025-12-08,Web,Inquiry
I2403,C10084,2026-01-26,Email,Complaint
I2404,C10676,2025-10-17,Branch,Complaint
I2405,C10784,2026-06-29,Branch,Complaint
I2406,C10291,2025-10-18,Mobile,Purchase
I2407,C10859,2025-10-01,Branch,Login
I2408,C10104,2026-07-19,Branch,Purchase
I2409,C10677,2025-05-22,Call,Inquiry
I2410,C10157,2025-08-10,Email,Complaint
I2411,C10371,2025-04-09,Call,Purchase
I2412,C10549,2025-02-20,Mobile,Inquiry
I2413,C10194,2025-08-14,Mobile,Support
I2414,C10398,2025-12-15,Email,Login
I2415,C10228,2025-11-03,Mobile,Purchase
I2416,C10989,2025-07-19,Mobile,Support
I2417,C10678,2025-04-01,Email,Support
I2418,C10759,2026-03-08,Branch,Login
I2419,C10285,2026-01-28,Email,Login
I2420,C10857,2026-07-18,Mobile,Login
I2421,C10805,2025-07-19,Branch,Inquiry
I2422,C10783,2025-02-14,Email,Login
I2423,C10055,2025-11-22,Email,Login
I2424,C10034,2025-12-11,Mobile,Purchase
I2425,C10182,2026-02-28,Call,Login
I2426,C10265,2026-02-02,Web,Support
I2427,C10741,2025-01-02,Email,Inquiry
I2428,C10205,2025-07-21,Email,Purchase
I2429,C10846,2026-08-24,Call,Inquiry
I2430,C10772,2026-02-12,Web,Login
I2431,C10221,2026-04-17,Web,Login
I2432,C10484,2026-08-20,Web,Support
I2433,C10309,2025-05-23,Call,Login
I2434,C10533,2025-10-20,Web,Login
I2435,C10417,2026-04-21,Call,Purchase
I2436,C10747,2025-03-09,Branch,Login
I2437,C10082,2025-08-06,Call,Inquiry
I2438,C10550,2025-10-27,Mobile,Inquiry
I2439,C10701,2025-10-23,Branch,Purchase
I2440,C10971,2025-04-21,Web,Support
I2441,C10399,2025-06-13,Web,Login
I2442,C10705,2025-02-12,Mobile,Complaint
I2443,C10726,2025-01-22,Call,Purchase
I2444,C10436,2026-06-07,Web,Login
I2445,C10006,2026-05-10,Mobile,Login
I2446,C10802,2025-05-27,Web,Support
I2447,C10362,2025-08-11,Web,Purchase
I2448,C10099,2026-03-26,Web,Login
I2449,C10227,2026-01-03,Web,Purchase
I2450,C10838,2025-11-05,Mobile,Inquiry
I2451,C10398,2026-03-19,Email,Purchase
I2452,C10223,2026-01-17,Call,Support
I2453,C10336,2025-05-20,Branch,Complaint
I2454,C10563,2026-04-14,Branch,Login
I2455,C10481,2026-01-13,Web,Purchase
I2456,C10898,2026-06-19,Call,Purchase
I2457,C10796,2026-07-19,Mobile,Complaint
I2458,C10216,2026-03-03,Mobile,Inquiry
I2459,C10338,2026-02-27,Branch,Complaint
I2460,C10256,2026-05-31,Branch,Complaint
I2461,C10681,2025-08-07,Email,Inquiry
I2462,C10997,2025-07-26,Web,Support
I2463,C10301,2025-02-20,Call,Support
I2464,C10293,2025-05-09,Mobile,Inquiry
I2465,C10228,2025-02-27,Mobile,Complaint
I2466,C10846,2025-12-21,Branch,Inquiry
I2467,C10230,2025-01-31,Branch,Inquiry
I2468,C10937,2026-06-22,Call,Purchase
I2469,C10746,2025-04-18,Email,Support
I2470,C10521,2026-01-25,Mobile,Complaint
I2471,C10559,2025-08-22,Mobile,Login
I2472,C10749,2025-05-19,Web,Login
I2473,C10367,2025-04-11,Mobile,Login
I2474,C10059,2025-10-22,Email,Inquiry
I2475,C10369,2026-06-25,Branch,Purchase
I2476,C10834,2026-02-23,Email,Inquiry
I2477,C10099,2025-11-18,Call,Purchase
I2478,C10416,2026-01-20,Web,Support
I2479,C10092,2026-06-22,Mobile,Login
I2480,C10265,2025-02-14,Mobile,Purchase
I2481,C10312,2026-06-14,Mobile,Complaint
I2482,C10694,2026-06-18,Call,Login
I2483,C10900,2026-06-02,Call,Purchase
I2484,C10120,2025-05-31,Call,Purchase
I2485,C10749,2025-01-19,Mobile,Purchase
I2486,C10807,2025-10-13,Branch,Login
I2487,C10995,2026-05-12,Mobile,Login
I2488,C10534,2025-03-06,Mobile,Inquiry
I2489,C10611,2025-08-04,Email,Login
I2490,C10583,2025-06-27,Web,Login
I2491,C10009,2026-06-19,Mobile,Support
I2492,C10947,2026-03-26,Branch,Login
I2493,C10930,2025-07-09,Web,Login
I2494,C10107,2025-04-14,Email,Purchase
I2495,C10754,2025-01-22,Mobile,Login
I2496,C10636,2025-11-20,Email,Login
I2497,C10049,2025-09-10,Call,Purchase
I2498,C10460,2026-02-21,Mobile,Complaint
I2499,C10815,2026-02-20,Call,Purchase
I2500,C10239,2025-07-29,Web,Complaint
I2501,C10793,2025-04-10,Call,Login
I2502,C10593,2026-02-28,Call,Support
I2503,C10734,2025-01-20,Web,Support
I2504,C10045,2026-07-06,Email,Inquiry
I2505,C10312,2025-10-24,Web,Inquiry
I2506,C10668,2026-01-24,Web,Inquiry
I2507,C10298,2025-09-02,Web,Purchase
I2508,C10640,2025-02-21,Email,Support
I2509,C10794,2026-01-17,Email,Login
I2510,C10347,2025-02-05,Call,Complaint
I2511,C10298,2025-06-19,Branch,Complaint
I2512,C10790,2025-01-26,Email,Purchase
I2513,C10042,2025-01-10,Branch,Complaint
I2514,C10206,2025-09-29,Email,Inquiry
I2515,C10532,2026-07-28,Call,Login
I2516,C10757,2025-03-01,Branch,Login
I2517,C10603,2026-08-26,Web,Support
I2518,C10026,2025-12-10,Branch,Support
I2519,C10762,2026-02-05,Web,Purchase
I2520,C10171,2025-04-25,Web,Login
I2521,C10075,2026-01-11,Branch,Complaint
I2522,C10438,2025-01-22,Mobile,Purchase
I2523,C10131,2026-05-30,Mobile,Purchase
I2524,C10923,2026-03-15,Call,Support
I2525,C10680,2025-11-18,Email,Complaint
I2526,C10616,2025-11-13,Email,Complaint
I2527,C10142,2025-07-24,Branch,Purchase
I2528,C10364,2025-10-07,Web,Login
I2529,C10298,2025-04-07,Call,Login
I2530,C10524,2025-08-20,Call,Purchase
I2531,C10302,2026-06-18,Branch,Purchase
I2532,C10112,2026-06-22,Mobile,Login
I2533,C10040,2025-07-15,Mobile,Support
I2534,C10041,2026-03-09,Email,Inquiry
I2535,C10457,2026-02-28,Branch,Support
I2536,C10182,2025-07-08,Branch,Complaint
I2537,C10334,2025-10-29,Web,Purchase
I2538,C10299,2026-03-03,Web,Login
I2539,C10022,2026-01-19,Call,Support
I2540,C10768,2025-12-11,Branch,Login
I2541,C10212,2026-01-18,Web,Complaint
I2542,C10756,2026-04-17,Web,Purchase
I2543,C10820,2025-12-28,Email,Support
I2544,C10917,2025-01-25,Mobile,Login
I2545,C10565,2025-03-02,Call,Complaint
I2546,C10340,2026-03-21,Mobile,Complaint
I2547,C10094,2026-08-26,Call,Support
I2548,C10764,2026-06-27,Mobile,Inquiry
I2549,C10703,2025-02-11,Mobile,Purchase
I2550,C10998,2025-12-17,Branch,Support
I2551,C10177,2025-09-14,Email,Inquiry
I2552,C10154,2025-03-14,Call,Inquiry
I2553,C10525,2026-08-28,Branch,Complaint
I2554,C10256,2026-05-26,Mobile,Login
I2555,C10725,2025-02-05,Web,Purchase
I2556,C10622,2026-05-07,Mobile,Purchase
I2557,C10812,2025-09-21,Email,Purchase
I2558,C10611,2025-06-10,Mobile,Support
I2559,C10813,2026-04-05,Mobile,Purchase
I2560,C10773,2025-12-31,Web,Complaint
I2561,C10324,2025-09-04,Web,Complaint
I2562,C10702,2026-04-30,Email,Purchase
I2563,C10431,2025-10-09,Mobile,Complaint
I2564,C10738,2025-12-18,Email,Inquiry
I2565,C10848,2025-04-07,Mobile,Complaint
I2566,C10766,2025-07-25,Web,Inquiry
I2567,C10247,2026-02-18,Email,Inquiry
I2568,C10052,2026-02-07,Branch,Support
I2569,C10822,2025-04-13,Email,Support
I2570,C10327,2026-01-02,Branch,Login
I2571,C10843,2026-04-17,Branch,Support
I2572,C10957,2025-06-16,Web,Purchase
I2573,C10809,2025-08-07,Call,Complaint
I2574,C10228,2025-04-15,Email,Purchase
I2575,C10743,2025-05-08,Call,Purchase
I2576,C10518,2025-02-17,Web,Complaint
I2577,C10698,2026-08-04,Branch,Purchase
I2578,C10018,2025-06-23,Mobile,Login
I2579,C10818,2026-05-17,Web,Complaint
I2580,C10697,2025-08-01,Branch,Support
I2581,C10678,2026-03-29,Call,Complaint
I2582,C10890,2026-07-03,Mobile,Purchase
I2583,C10084,2025-01-21,Web,Login
I2584,C10286,2025-01-28,Web,Complaint
I2585,C10889,2026-07-20,Branch,Support
I2586,C10763,2026-01-29,Email,Login
I2587,C10710,2026-07-21,Call,Inquiry
I2588,C10926,2025-04-01,Call,Complaint
I2589,C10637,2026-07-22,Call,Inquiry
I2590,C10587,2025-07-20,Mobile,Complaint
I2591,C10626,2025-03-16,Branch,Purchase
I2592,C10932,2026-08-27,Mobile,Complaint
I2593,C10614,2025-04-08,Web,Purchase
I2594,C10106,2026-03-17,Mobile,Login
I2595,C10689,2025-09-02,Mobile,Inquiry
I2596,C10415,2025-01-23,Web,Login
I2597,C10532,2025-07-13,Email,Login
I2598,C10452,2025-04-18,Email,Complaint
I2599,C10974,2026-05-29,Branch,Purchase
I2600,C10918,2025-11-19,Branch,Login
I2601,C10749,2026-08-23,Mobile,Complaint
I2602,C10212,2025-02-11,Branch,Purchase
I2603,C10702,2025-02-23,Mobile,Purchase
I2604,C10115,2025-03-22,Branch,Inquiry
I2605,C10735,2026-02-28,Branch,Support
I2606,C10702,2026-04-14,Branch,Login
I2607,C10542,2025-07-29,Web,Complaint
I2608,C10119,2025-08-02,Mobile,Support
I2609,C10390,2025-11-16,Web,Complaint
I2610,C10160,2025-02-23,Email,Complaint
I2611,C10788,2025-01-31,Web,Inquiry
I2612,C10918,2025-12-17,Mobile,Complaint
I2613,C10683,2026-04-12,Branch,Support
I2614,C10074,2025-02-24,Web,Login
I2615,C10253,2026-08-22,Email,Inquiry
I2616,C10623,2026-04-23,Web,Complaint
I2617,C10576,2025-01-29,Web,Complaint
I2618,C10649,2025-12-21,Branch,Complaint
I2619,C10652,2026-07-23,Email,Login
I2620,C10801,2026-08-21,Mobile,Login
I2621,C10629,2026-08-27,Email,Complaint
I2622,C10845,2025-06-26,Email,Purchase
I2623,C10575,2025-10-05,Call,Inquiry
I2624,C10426,2026-02-10,Mobile,Purchase
I2625,C10857,2025-01-09,Call,Complaint
I2626,C10542,2025-03-11,Call,Complaint
I2627,C10575,2026-05-20,Branch,Inquiry
I2628,C10041,2026-02-01,Email,Purchase
I2629,C10669,2026-07-02,Email,Inquiry
I2630,C10730,2026-02-10,Branch,Login
I2631,C10561,2025-09-12,Branch,Purchase
I2632,C10083,2025-09-19,Mobile,Complaint
I2633,C10963,2026-01-03,Web,Inquiry
I2634,C10868,2026-04-15,Web,Purchase
I2635,C10527,2025-03-29,Call,Login
I2636,C10773,2025-02-14,Email,Support
I2637,C10262,2025-03-21,Web,Inquiry
I2638,C10935,2025-08-14,Web,Inquiry
I2639,C10455,2025-05-10,Call,Inquiry
I2640,C10043,2025-10-03,Call,Support
I2641,C10832,2025-12-16,Mobile,Purchase
I2642,C10953,2026-03-06,Web,Support
I2643,C10681,2025-08-16,Web,Inquiry
I2644,C10234,2025-10-06,Mobile,Inquiry
I2645,C10628,2025-03-16,Email,Login
I2646,C10494,2025-06-03,Call,Login
I2647,C10397,2026-04-05,Email,Login
I2648,C10171,2025-04-20,Email,Purchase
I2649,C10694,2025-01-16,Email,Login
I2650,C10108,2025-03-13,Call,Complaint
I2651,C10267,2025-07-28,Branch,Complaint
I2652,C10234,2025-06-01,Email,Complaint
I2653,C10648,2026-01-25,Branch,Login
I2654,C10537,2025-04-23,Branch,Purchase
I2655,C10953,2025-02-18,Branch,Login
I2656,C10088,2026-05-25,Web,Inquiry
I2657,C10761,2026-08-07,Mobile,Inquiry
I2658,C10780,2025-01-27,Branch,Inquiry
I2659,C10392,2026-08-12,Web,Support
I2660,C10864,2025-02-03,Branch,Login
I2661,C10864,2025-08-29,Branch,Purchase
I2662,C10580,2025-10-13,Branch,Inquiry
I2663,C10742,2026-06-11,Branch,Login
I2664,C10068,2025-11-30,Mobile,Purchase
I2665,C10747,2026-04-15,Email,Support
I2666,C10564,2025-02-03,Call,Support
I2667,C10369,2025-08-10,Branch,Inquiry
I2668,C10708,2025-02-25,Branch,Login
I2669,C10418,2025-08-06,Web,Purchase
I2670,C10010,2026-02-05,Email,Purchase
I2671,C10462,2025-11-27,Web,Inquiry
I2672,C10686,2025-06-30,Mobile,Inquiry
I2673,C10012,2026-03-12,Call,Inquiry
I2674,C10046,2025-07-18,Mobile,Support
I2675,C10071,2025-04-25,Call,Inquiry
I2676,C10401,2025-10-24,Call,Support
I2677,C10882,2025-09-30,Branch,Complaint
I2678,C10373,2025-05-15,Mobile,Complaint
I2679,C10386,2025-05-10,Call,Login
I2680,C10767,2025-01-19,Web,Inquiry
I2681,C10905,2026-02-27,Mobile,Complaint
I2682,C10861,2026-02-04,Call,Inquiry
I2683,C10007,2025-11-02,Branch,Complaint
I2684,C10730,2026-07-11,Call,Inquiry
I2685,C10595,2025-01-09,Branch,Inquiry
I2686,C10823,2025-12-29,Mobile,Support
I2687,C10645,2026-02-07,Email,Login
I2688,C10659,2025-11-14,Email,Support
I2689,C10985,2025-10-08,Branch,Support
I2690,C10756,2025-01-30,Call,Support
I2691,C10641,2026-04-05,Email,Login
I2692,C10441,2025-02-12,Email,Support
I2693,C10701,2025-07-09,Mobile,Complaint
I2694,C10995,2025-12-04,Branch,Support
I2695,C10361,2025-01-16,Mobile,Inquiry
I2696,C10600,2025-04-13,Email,Complaint
I2697,C10840,2025-04-29,Branch,Complaint
I2698,C10244,2025-02-19,Mobile,Support
I2699,C10244,2025-02-14,Email,Inquiry
I2700,C10191,2025-12-14,Call,Login
I2701,C10317,2025-07-12,Call,Inquiry
I2702,C10017,2025-12-01,Web,Login
I2703,C10912,2025-11-03,Branch,Complaint
I2704,C10418,2026-02-19,Call,Purchase
I2705,C10807,2026-03-12,Branch,Inquiry
I2706,C10138,2025-10-23,Mobile,Complaint
I2707,C10135,2026-07-09,Mobile,Complaint
I2708,C10613,2025-12-31,Web,Complaint
I2709,C10300,2025-09-21,Web,Support
I2710,C10832,2026-03-23,Web,Purchase
I2711,C10737,2026-07-01,Email,Inquiry
I2712,C10636,2025-03-20,Call,Complaint
I2713,C10199,2025-05-07,Call,Support
I2714,C10142,2026-01-15,Mobile,Login
I2715,C10935,2025-01-14,Web,Login
I2716,C10774,2025-10-05,Call,Complaint
I2717,C10937,2026-07-09,Web,Inquiry
I2718,C10490,2025-02-23,Web,Purchase
I2719,C10053,2025-04-05,Call,Login
I2720,C10598,2026-07-20,Mobile,Login
I2721,C10457,2026-03-02,Branch,Complaint
I2722,C10460,2025-08-04,Branch,Support
I2723,C10237,2026-08-12,Branch,Complaint
I2724,C10969,2025-02-01,Web,Purchase
I2725,C10807,2026-07-28,Branch,Login
I2726,C10201,2025-06-08,Branch,Support
I2727,C10812,2025-07-01,Web,Support
I2728,C10268,2025-09-23,Mobile,Inquiry
I2729,C10644,2025-04-24,Call,Inquiry
I2730,C10839,2026-02-27,Email,Inquiry
I2731,C10676,2025-06-17,Call,Inquiry
I2732,C10560,2025-06-26,Call,Support
I2733,C10571,2026-03-18,Call,Support
I2734,C10886,2026-08-10,Mobile,Inquiry
I2735,C10308,2025-10-10,Branch,Purchase
I2736,C10813,2026-05-17,Call,Inquiry
I2737,C10014,2025-08-17,Call,Purchase
I2738,C10311,2025-11-02,Mobile,Login
I2739,C10767,2025-01-18,Mobile,Login
I2740,C10984,2026-05-05,Branch,Purchase
I2741,C10592,2026-01-31,Call,Support
I2742,C10244,2025-05-30,Email,Complaint
I2743,C10314,2025-07-25,Call,Complaint
I2744,C10069,2026-07-14,Email,Support
I2745,C10221,2025-09-14,Call,Complaint
I2746,C10546,2025-08-31,Email,Inquiry
I2747,C10632,2025-02-01,Mobile,Complaint
I2748,C10428,2026-05-31,Web,Support
I2749,C10493,2025-06-20,Email,Inquiry
I2750,C10965,2025-07-31,Mobile,Inquiry
I2751,C10043,2025-05-30,Mobile,Complaint
I2752,C10564,2025-05-10,Call,Complaint
I2753,C10785,2025-06-19,Email,Login
I2754,C10030,2025-04-19,Email,Purchase
I2755,C10800,2025-06-18,Email,Login
I2756,C10725,2025-10-11,Call,Support
I2757,C10275,2025-03-21,Mobile,Complaint
I2758,C10246,2026-06-18,Call,Inquiry
I2759,C10012,2025-06-11,Branch,Complaint
I2760,C10110,2025-05-24,Web,Support
I2761,C10913,2026-03-27,Branch,Complaint
I2762,C10935,2026-06-15,Web,Support
I2763,C10635,2026-04-18,Branch,Purchase
I2764,C10402,2025-12-13,Web,Purchase
I2765,C10892,2025-05-17,Email,Complaint
I2766,C10341,2026-02-10,Email,Support
I2767,C10467,2025-05-15,Call,Login
I2768,C10352,2025-01-18,Web,Login
I2769,C10407,2026-06-17,Mobile,Login
I2770,C10706,2026-07-23,Branch,Purchase
I2771,C10692,2025-11-09,Mobile,Complaint
I2772,C10337,2026-02-03,Branch,Support
I2773,C10046,2026-09-01,Web,Login
I2774,C10940,2026-01-15,Web,Purchase
I2775,C10081,2025-01-04,Email,Support
I2776,C10879,2025-03-18,Call,Login
I2777,C10984,2026-08-06,Email,Purchase
I2778,C10787,2025-02-23,Branch,Purchase
I2779,C10029,2025-02-20,Email,Inquiry
I2780,C10882,2026-03-25,Email,Login
I2781,C10491,2026-02-27,Mobile,Complaint
I2782,C10788,2025-06-01,Email,Support
I2783,C10936,2026-02-21,Mobile,Purchase
I2784,C10573,2025-12-29,Web,Login
I2785,C10058,2025-12-16,Email,Complaint
I2786,C10097,2025-04-08,Branch,Purchase
I2787,C10077,2026-05-04,Mobile,Purchase
I2788,C10896,2025-03-12,Branch,Purchase
I2789,C10415,2026-05-29,Branch,Login
I2790,C10639,2025-03-24,Branch,Support
I2791,C10698,2026-05-18,Web,Support
I2792,C10734,2025-10-12,Mobile,Support
I2793,C10272,2025-10-12,Email,Login
I2794,C10215,2025-06-14,Call,Login
I2795,C10965,2025-07-31,Mobile,Purchase
I2796,C10394,2026-02-05,Call,Purchase
I2797,C10206,2026-08-03,Email,Support
I2798,C10599,2025-02-25,Branch,Purchase
I2799,C10342,2026-08-02,Call,Inquiry
I2800,C10632,2026-03-11,Web,Complaint
I2801,C10017,2026-05-25,Email,Purchase
I2802,C10482,2026-06-05,Web,Purchase
I2803,C10267,2025-07-12,Mobile,Complaint
I2804,C10132,2025-03-04,Call,Purchase
I2805,C10442,2026-04-29,Call,Complaint
I2806,C10549,2026-02-10,Web,Inquiry
I2807,C10479,2025-04-02,Mobile,Complaint
I2808,C10126,2026-04-02,Mobile,Purchase
I2809,C10558,2026-08-19,Mobile,Purchase
I2810,C10632,2025-02-26,Web,Complaint
I2811,C10443,2026-04-14,Call,Login
I2812,C10420,2025-07-27,Email,Support
I2813,C10929,2025-03-11,Branch,Login
I2814,C10685,2025-05-16,Call,Support
I2815,C10243,2025-04-09,Mobile,Login
I2816,C10777,2026-05-14,Branch,Support
I2817,C10386,2026-05-14,Mobile,Login
I2818,C10165,2025-02-27,Email,Purchase
I2819,C10923,2026-01-16,Call,Support
I2820,C10434,2026-02-16,Mobile,Purchase
I2821,C10142,2025-11-27,Mobile,Complaint
I2822,C10962,2026-04-11,Mobile,Inquiry
I2823,C10175,2025-05-16,Web,Login
I2824,C10298,2025-09-28,Call,Support
I2825,C10949,2025-06-20,Mobile,Login
I2826,C10887,2025-03-25,Branch,Inquiry
I2827,C10528,2026-06-08,Call,Purchase
I2828,C10995,2026-06-10,Branch,Inquiry
I2829,C10521,2025-11-08,Email,Complaint
I2830,C10741,2025-05-20,Branch,Purchase
I2831,C10383,2025-04-27,Web,Purchase
I2832,C10374,2026-03-28,Branch,Purchase
I2833,C10380,2025-04-24,Email,Complaint
I2834,C10457,2025-06-23,Mobile,Inquiry
I2835,C10010,2025-05-19,Branch,Inquiry
I2836,C10745,2025-02-04,Call,Login
I2837,C10409,2025-03-10,Web,Complaint
I2838,C10414,2025-11-23,Branch,Support
I2839,C10276,2025-05-31,Web,Complaint
I2840,C10050,2026-07-15,Email,Complaint
I2841,C10323,2026-04-12,Branch,Inquiry
I2842,C10529,2026-03-11,Web,Purchase
I2843,C10407,2026-05-17,Email,Inquiry
I2844,C10771,2025-06-03,Email,Complaint
I2845,C10604,2026-04-17,Branch,Inquiry
I2846,C10038,2025-01-16,Email,Inquiry
I2847,C10077,2025-10-29,Email,Complaint
I2848,C10165,2025-11-09,Mobile,Inquiry
I2849,C10264,2026-05-13,Branch,Complaint
I2850,C10612,2025-06-28,Email,Complaint
I2851,C10126,2026-05-23,Mobile,Inquiry
I2852,C10373,2026-07-17,Web,Login
I2853,C10306,2026-03-20,Branch,Inquiry
I2854,C10493,2026-01-02,Email,Purchase
I2855,C10623,2026-03-16,Mobile,Complaint
I2856,C10385,2025-12-08,Web,Login
I2857,C10472,2025-03-18,Branch,Support
I2858,C10449,2026-03-10,Branch,Complaint
I2859,C10100,2025-11-25,Call,Purchase
I2860,C10729,2026-06-19,Call,Support
I2861,C10649,2025-02-25,Email,Support
I2862,C10459,2025-01-05,Web,Support
I2863,C10266,2026-08-15,Email,Purchase
I2864,C10151,2026-07-03,Web,Purchase
I2865,C10357,2025-05-29,Branch,Support
I2866,C10174,2026-02-15,Web,Support
I2867,C10990,2026-01-28,Mobile,Inquiry
I2868,C10612,2025-06-09,Call,Complaint
I2869,C10265,2025-08-26,Web,Login
I2870,C10094,2025-10-23,Mobile,Complaint
I2871,C10909,2026-05-16,Web,Login
I2872,C10087,2026-02-18,Email,Purchase
I2873,C10396,2025-06-22,Web,Inquiry
I2874,C10440,2026-03-21,Web,Login
I2875,C10531,2026-08-26,Branch,Complaint
I2876,C10881,2026-07-05,Email,Support
I2877,C10108,2026-06-04,Branch,Complaint
I2878,C10758,2025-01-03,Web,Complaint
I2879,C10452,2026-06-26,Call,Inquiry
I2880,C10036,2025-09-06,Call,Login
I2881,C10414,2025-04-12,Call,Purchase
I2882,C10944,2025-07-14,Mobile,Inquiry
I2883,C10796,2025-07-12,Web,Login
I2884,C10714,2026-02-16,Mobile,Purchase
I2885,C10579,2026-06-26,Branch,Complaint
I2886,C10441,2025-07-11,Mobile,Complaint
I2887,C10026,2025-07-13,Web,Login
I2888,C10894,2026-07-14,Call,Inquiry
I2889,C10910,2025-09-25,Call,Inquiry
I2890,C10221,2025-05-03,Mobile,Purchase
I2891,C10502,2026-05-19,Web,Complaint
I2892,C10035,2026-08-15,Web,Purchase
I2893,C10444,2025-06-02,Web,Login
I2894,C10987,2025-01-26,Mobile,Login
I2895,C10128,2025-09-28,Call,Purchase
I2896,C10786,2025-12-22,Email,Complaint
I2897,C10263,2025-04-18,Branch,Inquiry
I2898,C10175,2025-01-04,Web,Purchase
I2899,C10156,2026-02-07,Mobile,Complaint
I2900,C10829,2025-09-09,Email,Support
I2901,C10445,2026-05-07,Web,Login
I2902,C10331,2026-04-13,Call,Complaint
I2903,C10147,2025-11-22,Email,Inquiry
I2904,C10998,2025-12-30,Web,Inquiry
I2905,C10829,2026-06-03,Mobile,Complaint
I2906,C10706,2025-03-14,Email,Login
I2907,C10965,2026-03-07,Mobile,Inquiry
I2908,C10567,2025-05-16,Web,Inquiry
I2909,C10820,2026-06-20,Branch,Support
I2910,C10831,2025-05-20,Web,Inquiry
I2911,C10494,2025-10-13,Branch,Complaint
I2912,C10955,2026-05-25,Call,Inquiry
I2913,C10197,2025-08-31,Branch,Inquiry
I2914,C10100,2026-05-07,Web,Purchase
I2915,C10806,2026-01-04,Email,Complaint
I2916,C10496,2025-08-04,Call,Purchase
I2917,C10165,2025-02-19,Mobile,Support
I2918,C10262,2026-08-15,Mobile,Inquiry
I2919,C10374,2026-03-31,Call,Inquiry
I2920,C10460,2026-08-06,Web,Purchase
I2921,C10998,2026-07-18,Mobile,Purchase
I2922,C10278,2026-02-07,Mobile,Inquiry
I2923,C10375,2026-01-15,Mobile,Inquiry
I2924,C10576,2025-07-28,Call,Purchase
I2925,C10489,2025-04-12,Mobile,Purchase
I2926,C10367,2025-03-29,Call,Purchase
I2927,C10465,2026-04-06,Branch,Purchase
I2928,C10858,2026-08-27,Web,Login
I2929,C10960,2025-08-28,Web,Complaint
I2930,C10557,2026-01-27,Call,Purchase
I2931,C10403,2025-01-22,Web,Support
I2932,C10356,2025-01-20,Branch,Complaint
I2933,C10484,2026-03-14,Mobile,Purchase
I2934,C10253,2025-04-03,Call,Support
I2935,C10389,2025-12-26,Mobile,Purchase
I2936,C10360,2025-09-26,Branch,Purchase
I2937,C10227,2025-07-12,Web,Purchase
I2938,C10799,2025-08-15,Mobile,Support
I2939,C10755,2025-04-12,Branch,Purchase
I2940,C10424,2026-02-06,Call,Login
I2941,C10242,2025-07-24,Email,Login
I2942,C10792,2026-05-26,Web,Inquiry
I2943,C10223,2025-08-19,Call,Complaint
I2944,C10533,2025-04-26,Mobile,Inquiry
I2945,C10949,2025-10-19,Email,Inquiry
I2946,C10779,2025-08-09,Call,Support
I2947,C10097,2025-09-27,Email,Complaint
I2948,C10408,2025-06-27,Call,Purchase
I2949,C10596,2026-06-15,Branch,Login
I2950,C10734,2026-02-15,Call,Inquiry
I2951,C10101,2026-05-01,Branch,Login
I2952,C10870,2025-10-05,Email,Inquiry
I2953,C10538,2025-03-01,Email,Inquiry
I2954,C10300,2026-06-18,Mobile,Complaint
I2955,C10448,2025-07-21,Call,Support
I2956,C10149,2025-10-28,Email,Support
I2957,C10148,2026-04-28,Mobile,Purchase
I2958,C10763,2025-12-05,Web,Purchase
I2959,C10966,2025-09-03,Email,Login
I2960,C10320,2026-06-25,Call,Inquiry
I2961,C10394,2026-07-30,Call,Purchase
I2962,C10282,2026-07-04,Email,Support
I2963,C10559,2026-01-24,Branch,Support
I2964,C10916,2025-06-24,Branch,Support
I2965,C10944,2025-04-19,Mobile,Support
I2966,C10817,2025-10-29,Branch,Purchase
I2967,C10085,2026-06-19,Email,Inquiry
I2968,C10508,2026-02-15,Web,Login
I2969,C10084,2026-08-01,Call,Inquiry
I2970,C10907,2026-04-11,Branch,Login
I2971,C10792,2025-03-16,Branch,Login
I2972,C10585,2026-06-12,Call,Purchase
I2973,C10564,2025-09-08,Mobile,Login
I2974,C10149,2026-03-09,Email,Inquiry
I2975,C10247,2025-11-30,Web,Purchase
I2976,C10437,2025-09-17,Email,Inquiry
I2977,C10287,2025-08-19,Email,Login
I2978,C10128,2026-04-16,Call,Support
I2979,C10146,2025-09-08,Email,Login
I2980,C10673,2026-08-24,Branch,Support
I2981,C10442,2025-03-10,Mobile,Complaint
I2982,C10272,2025-10-21,Branch,Support
I2983,C10848,2025-06-11,Mobile,Inquiry
I2984,C10467,2025-04-28,Branch,Complaint
I2985,C10625,2026-03-10,Email,Inquiry
I2986,C10257,2026-02-27,Mobile,Login
I2987,C10578,2025-09-30,Email,Inquiry
I2988,C10517,2025-07-17,Call,Inquiry
I2989,C10575,2025-04-19,Web,Purchase
I2990,C10498,2025-08-24,Mobile,Purchase
I2991,C10501,2026-06-09,Branch,Login
I2992,C10705,2025-06-07,Branch,Complaint
I2993,C10705,2025-07-17,Email,Login
I2994,C10614,2025-03-07,Call,Complaint
I2995,C10875,2026-01-31,Mobile,Inquiry
I2996,C10903,2025-08-04,Branch,Support
I2997,C10406,2025-05-02,Web,Purchase
I2998,C10967,2025-07-16,Web,Purchase
I2999,C10721,2025-11-26,Web,Purchase
I3000,C10680,2026-05-11,Call,Purchase
I3001,C10248,2026-02-06,Web,Inquiry
I3002,C10539,2026-06-10,Call,Inquiry
I3003,C10182,2025-12-10,Call,Inquiry
I3004,C10394,2026-07-11,Mobile,Complaint
I3005,C10818,2026-04-30,Email,Login
I3006,C10949,2025-10-02,Email,Login
I3007,C10612,2025-06-20,Mobile,Inquiry
I3008,C10131,2025-02-21,Email,Support
I3009,C10085,2026-03-14,Branch,Purchase
I3010,C10022,2026-06-25,Email,Login
I3011,C10779,2025-09-01,Call,Support
I3012,C10584,2025-01-20,Email,Inquiry
I3013,C10271,2026-08-16,Email,Purchase
I3014,C10912,2026-02-21,Web,Inquiry
I3015,C10436,2025-01-13,Mobile,Login
I3016,C10989,2025-03-06,Branch,Complaint
I3017,C10620,2026-07-24,Call,Login
I3018,C10062,2026-07-28,Call,Complaint
I3019,C10560,2025-10-11,Web,Purchase
I3020,C10526,2025-05-30,Call,Login
I3021,C10919,2026-02-11,Call,Complaint
I3022,C10896,2026-02-18,Web,Complaint
I3023,C10449,2026-03-03,Mobile,Inquiry
I3024,C10940,2025-09-22,Call,Login
I3025,C10153,2025-01-09,Mobile,Complaint
I3026,C10665,2026-03-27,Email,Login
I3027,C10329,2026-04-29,Email,Inquiry
I3028,C10998,2025-05-20,Branch,Inquiry
I3029,C10384,2026-05-02,Branch,Login
I3030,C10223,2025-02-27,Email,Support
I3031,C10254,2026-08-02,Web,Login
I3032,C10383,2026-03-04,Web,Login
I3033,C10286,2025-06-15,Email,Inquiry
I3034,C10179,2026-06-24,Branch,Purchase
I3035,C10221,2025-01-24,Branch,Purchase
I3036,C10672,2025-07-09,Web,Login
I3037,C10650,2025-01-20,Branch,Complaint
I3038,C10639,2026-01-08,Call,Login
I3039,C10727,2025-10-05,Mobile,Login
I3040,C10590,2025-04-11,Email,Inquiry
I3041,C10337,2026-08-18,Web,Login
I3042,C10744,2025-03-27,Call,Login
I3043,C10181,2025-04-03,Web,Complaint
I3044,C10473,2025-02-14,Web,Purchase
I3045,C10672,2025-06-03,Email,Login
I3046,C10905,2025-12-21,Call,Support
I3047,C10951,2026-05-26,Email,Inquiry
I3048,C10190,2025-01-14,Call,Inquiry
I3049,C10837,2026-07-30,Call,Inquiry
I3050,C10299,2026-03-03,Web,Complaint
I3051,C10638,2025-01-07,Web,Support
I3052,C10487,2025-05-13,Email,Purchase
I3053,C10267,2025-12-24,Web,Support
I3054,C10229,2026-03-06,Mobile,Support
I3055,C10216,2025-10-07,Branch,Support
I3056,C10129,2026-04-04,Email,Inquiry
I3057,C10718,2025-11-23,Call,Purchase
I3058,C10146,2026-01-09,Call,Login
I3059,C10458,2025-10-06,Call,Purchase
I3060,C10586,2025-08-27,Branch,Login
I3061,C10871,2026-01-05,Mobile,Complaint
I3062,C10562,2025-12-11,Mobile,Inquiry
I3063,C10452,2025-06-01,Call,Purchase
I3064,C10901,2025-11-17,Branch,Login
I3065,C10489,2026-08-08,Email,Complaint
I3066,C10453,2026-02-07,Branch,Purchase
I3067,C10651,2025-07-20,Mobile,Inquiry
I3068,C10775,2025-08-13,Call,Purchase
I3069,C10916,2025-12-12,Web,Purchase
I3070,C10073,2025-07-10,Call,Complaint
I3071,C10040,2025-08-17,Branch,Support
I3072,C10534,2025-11-13,Mobile,Complaint
I3073,C10050,2025-07-22,Mobile,Login
I3074,C10911,2025-08-23,Branch,Inquiry
I3075,C10280,2025-02-21,Email,Complaint
I3076,C10116,2025-05-14,Mobile,Complaint
I3077,C10096,2026-08-15,Web,Inquiry
I3078,C10389,2025-06-06,Mobile,Complaint
I3079,C10036,2025-03-12,Branch,Support
I3080,C10963,2026-04-21,Web,Support
I3081,C10403,2025-07-11,Email,Inquiry
I3082,C10541,2025-04-03,Mobile,Inquiry
I3083,C10904,2026-03-06,Branch,Support
I3084,C10127,2026-07-25,Mobile,Purchase
I3085,C10981,2025-01-02,Web,Support
I3086,C10509,2025-11-20,Web,Complaint
I3087,C10702,2026-04-05,Branch,Inquiry
I3088,C10175,2025-09-04,Web,Complaint
I3089,C10869,2026-08-05,Web,Inquiry
I3090,C10865,2025-10-24,Email,Inquiry
I3091,C10486,2025-06-06,Branch,Complaint
I3092,C10192,2025-12-13,Call,Complaint
I3093,C10123,2025-04-05,Email,Complaint
I3094,C10495,2026-06-07,Web,Complaint
I3095,C10832,2026-03-01,Email,Login
I3096,C10243,2025-04-08,Call,Support
I3097,C10702,2025-04-11,Branch,Complaint
I3098,C10532,2025-08-30,Web,Login
I3099,C10455,2026-06-27,Branch,Login
I3100,C10789,2026-05-09,Branch,Login
I3101,C10823,2026-02-08,Call,Purchase
I3102,C10693,2025-07-20,Call,Purchase
I3103,C10474,2025-08-06,Branch,Inquiry
I3104,C10007,2026-03-26,Web,Purchase
I3105,C10995,2025-11-06,Branch,Complaint
I3106,C10315,2025-10-29,Email,Login
I3107,C10286,2026-04-13,Call,Purchase
I3108,C10915,2026-05-27,Mobile,Complaint
I3109,C10244,2026-06-19,Mobile,Inquiry
I3110,C10613,2025-07-25,Branch,Support
I3111,C10743,2025-09-09,Call,Login
I3112,C10902,2025-04-12,Branch,Login
I3113,C10020,2025-03-14,Mobile,Support
I3114,C10467,2026-06-11,Branch,Complaint
I3115,C10466,2026-01-02,Web,Complaint
I3116,C10954,2025-03-07,Web,Login
I3117,C10168,2026-01-02,Mobile,Support
I3118,C10638,2025-02-19,Web,Purchase
I3119,C10192,2025-10-03,Call,Support
I3120,C10528,2026-08-01,Email,Purchase
I3121,C10592,2026-02-28,Web,Purchase
I3122,C10888,2026-01-31,Call,Inquiry
I3123,C10529,2025-10-29,Email,Support
I3124,C10754,2026-08-25,Call,Purchase
I3125,C10774,2026-04-20,Mobile,Inquiry
I3126,C10458,2025-06-14,Branch,Inquiry
I3127,C10390,2026-05-26,Email,Complaint
I3128,C10112,2025-10-25,Web,Purchase
I3129,C10925,2025-08-29,Call,Inquiry
I3130,C10871,2025-10-24,Web,Login
I3131,C10693,2025-01-11,Call,Complaint
I3132,C10484,2025-11-01,Web,Inquiry
I3133,C10460,2026-06-16,Email,Complaint
I3134,C10859,2026-06-26,Mobile,Support
I3135,C10471,2025-06-25,Call,Support
I3136,C10024,2026-03-18,Web,Login
I3137,C10028,2025-04-17,Mobile,Inquiry
I3138,C10477,2026-02-18,Email,Login
I3139,C10693,2026-01-02,Web,Support
I3140,C10359,2025-12-18,Email,Support
I3141,C10875,2025-06-15,Branch,Inquiry
I3142,C10623,2025-11-21,Email,Purchase
I3143,C10629,2025-02-07,Email,Inquiry
I3144,C10630,2025-11-05,Branch,Complaint
I3145,C10949,2025-04-15,Branch,Inquiry
I3146,C10491,2025-09-12,Mobile,Purchase
I3147,C10364,2025-10-13,Call,Purchase
I3148,C10007,2026-08-27,Branch,Complaint
I3149,C10527,2025-04-08,Branch,Complaint
I3150,C10283,2025-02-20,Mobile,Inquiry
I3151,C10240,2026-08-31,Branch,Login
I3152,C10107,2025-12-29,Email,Complaint
I3153,C10764,2026-07-17,Mobile,Login
I3154,C10275,2026-02-18,Branch,Purchase
I3155,C10894,2025-04-14,Call,Login
I3156,C10420,2025-11-13,Mobile,Support
I3157,C10614,2025-10-09,Branch,Support
I3158,C10073,2025-04-18,Call,Support
I3159,C10752,2025-09-21,Email,Purchase
I3160,C10926,2026-08-18,Email,Purchase
I3161,C10034,2026-04-25,Branch,Inquiry
I3162,C10485,2025-12-12,Mobile,Purchase
I3163,C10823,2025-04-08,Call,Inquiry
I3164,C10533,2026-03-05,Call,Complaint
I3165,C10253,2025-02-19,Mobile,Complaint
I3166,C10135,2026-05-03,Branch,Purchase
I3167,C10646,2026-03-11,Mobile,Login
I3168,C10183,2025-01-02,Email,Complaint
I3169,C10854,2026-06-26,Call,Purchase
I3170,C10520,2025-07-08,Mobile,Login
I3171,C10927,2026-08-10,Email,Login
I3172,C10913,2026-02-21,Email,Support
I3173,C10590,2025-12-26,Branch,Inquiry
I3174,C10548,2025-01-13,Branch,Purchase
I3175,C10745,2026-08-17,Call,Complaint
I3176,C10983,2025-08-20,Mobile,Inquiry
I3177,C10024,2025-10-11,Mobile,Support
I3178,C10795,2025-10-25,Branch,Complaint
I3179,C10512,2025-09-08,Branch,Login
I3180,C10319,2025-09-29,Mobile,Inquiry
I3181,C10288,2025-09-30,Mobile,Complaint
I3182,C10620,2025-01-18,Call,Purchase
I3183,C10711,2026-01-14,Mobile,Complaint
I3184,C10798,2026-01-11,Email,Purchase
I3185,C10763,2025-04-19,Branch,Complaint
I3186,C10615,2025-05-04,Branch,Purchase
I3187,C10119,2026-08-17,Call,Inquiry
I3188,C10312,2025-01-09,Call,Support
I3189,C10795,2026-04-21,Email,Purchase
I3190,C10884,2025-12-17,Email,Inquiry
I3191,C10822,2025-06-17,Email,Login
I3192,C10866,2026-08-16,Call,Login
I3193,C10613,2025-12-25,Web,Support
I3194,C10842,2026-08-29,Email,Inquiry
I3195,C10008,2025-10-07,Mobile,Login
I3196,C10841,2026-04-10,Web,Login
I3197,C10907,2025-01-23,Email,Purchase
I3198,C10349,2025-02-16,Call,Support
I3199,C10858,2025-08-26,Email,Support
I3200,C10401,2025-02-19,Mobile,Login
I3201,C10853,2026-02-10,Web,Support
I3202,C10219,2025-11-15,Mobile,Support
I3203,C10053,2025-05-05,Email,Purchase
I3204,C10295,2025-10-26,Call,Support
I3205,C10311,2026-07-11,Call,Complaint
I3206,C10989,2025-07-29,Email,Inquiry
I3207,C10809,2026-08-11,Web,Support
I3208,C10793,2025-06-29,Email,Login
I3209,C10231,2025-01-13,Web,Purchase
I3210,C10032,2025-09-03,Mobile,Login
I3211,C10297,2026-06-23,Branch,Login
I3212,C10613,2026-07-25,Mobile,Complaint
I3213,C10724,2026-06-30,Email,Support
I3214,C10193,2025-08-28,Branch,Purchase
I3215,C10762,2026-05-20,Email,Support
I3216,C10567,2026-04-17,Branch,Purchase
I3217,C10462,2026-04-12,Branch,Complaint
I3218,C10655,2025-06-09,Call,Support
I3219,C10399,2026-07-31,Email,Complaint
I3220,C10709,2025-05-01,Mobile,Purchase
I3221,C10825,2025-12-19,Branch,Login
I3222,C10380,2026-01-10,Call,Login
I3223,C10022,2025-02-17,Mobile,Complaint
I3224,C10049,2025-06-30,Mobile,Support
I3225,C10072,2026-07-25,Branch,Login
I3226,C10868,2026-03-19,Call,Support
I3227,C10573,2025-04-01,Web,Support
I3228,C10915,2025-07-16,Call,Inquiry
I3229,C10531,2026-02-05,Branch,Purchase
I3230,C10715,2025-06-21,Branch,Support
I3231,C10903,2025-02-03,Call,Purchase
I3232,C10081,2026-03-29,Mobile,Login
I3233,C10765,2025-08-24,Web,Purchase
I3234,C10079,2026-01-11,Web,Complaint
I3235,C10529,2026-03-08,Call,Login
I3236,C10179,2025-02-27,Call,Purchase
I3237,C10198,2026-07-23,Mobile,Support
I3238,C10148,2026-04-05,Call,Inquiry
I3239,C10121,2025-12-29,Mobile,Complaint
I3240,C10406,2025-05-13,Web,Complaint
I3241,C10008,2025-08-26,Email,Login
I3242,C10757,2025-01-27,Web,Purchase
I3243,C10137,2025-07-01,Web,Login
I3244,C10049,2026-03-14,Mobile,Inquiry
I3245,C10589,2025-12-27,Branch,Login
I3246,C10386,2025-08-05,Mobile,Support
I3247,C10597,2025-11-21,Web,Inquiry
I3248,C10768,2025-01-10,Call,Purchase
I3249,C10766,2026-08-27,Web,Purchase
I3250,C10543,2026-08-31,Web,Inquiry
I3251,C10424,2025-05-27,Email,Support
I3252,C10711,2025-12-22,Branch,Purchase
I3253,C10660,2026-01-01,Web,Complaint
I3254,C10825,2026-07-02,Call,Inquiry
I3255,C10178,2025-09-07,Mobile,Inquiry
I3256,C10838,2025-10-29,Call,Complaint
I3257,C10379,2026-07-11,Call,Support
I3258,C10282,2026-07-30,Branch,Inquiry
I3259,C10766,2025-10-18,Mobile,Complaint
I3260,C10299,2025-09-27,Call,Inquiry
I3261,C10503,2026-05-12,Web,Inquiry
I3262,C10950,2026-05-09,Call,Purchase
I3263,C10971,2026-07-07,Mobile,Login
I3264,C10747,2025-09-08,Email,Login
I3265,C10493,2026-06-26,Call,Inquiry
I3266,C10668,2025-05-29,Web,Purchase
I3267,C10224,2026-02-20,Web,Complaint
I3268,C10182,2025-05-28,Call,Purchase
I3269,C10487,2025-01-06,Mobile,Inquiry
I3270,C10664,2025-10-30,Call,Complaint
I3271,C10309,2025-05-14,Email,Login
I3272,C10444,2025-11-01,Email,Login
I3273,C10502,2025-05-21,Branch,Purchase
I3274,C10117,2026-01-24,Call,Support
I3275,C10283,2026-06-23,Email,Inquiry
I3276,C10855,2026-05-10,Call,Complaint
I3277,C10008,2026-02-22,Mobile,Login
I3278,C10064,2026-06-22,Email,Purchase
I3279,C10432,2025-01-24,Mobile,Inquiry
I3280,C10543,2026-06-20,Call,Complaint
I3281,C10954,2025-08-04,Mobile,Support
I3282,C10492,2025-04-04,Branch,Complaint
I3283,C10305,2026-03-16,Branch,Purchase
I3284,C10614,2025-04-04,Email,Complaint
I3285,C10060,2026-06-02,Branch,Purchase
I3286,C10051,2025-09-19,Mobile,Inquiry
I3287,C10855,2025-10-19,Email,Inquiry
I3288,C10950,2025-03-25,Call,Login
I3289,C10906,2025-02-27,Web,Purchase
I3290,C10525,2025-05-06,Call,Inquiry
I3291,C10613,2026-03-16,Branch,Purchase
I3292,C10512,2025-05-29,Branch,Support
I3293,C10852,2025-02-27,Email,Login
I3294,C10393,2026-05-19,Web,Login
I3295,C10044,2026-06-09,Email,Support
I3296,C10477,2026-05-14,Branch,Purchase
I3297,C10786,2025-05-13,Web,Complaint
I3298,C10865,2025-01-28,Email,Complaint
I3299,C10466,2026-01-17,Email,Support
I3300,C10862,2025-10-10,Mobile,Purchase
I3301,C10368,2026-03-21,Call,Complaint
I3302,C10601,2026-02-14,Email,Support
I3303,C10214,2025-01-03,Call,Purchase
I3304,C10537,2025-11-17,Web,Support
I3305,C10635,2025-06-10,Web,Complaint
I3306,C10825,2025-04-01,Call,Purchase
I3307,C10884,2025-12-16,Web,Support
I3308,C10687,2025-10-29,Mobile,Purchase
I3309,C10833,2025-09-26,Web,Login
I3310,C10797,2025-07-20,Call,Login
I3311,C10200,2025-10-28,Branch,Support
I3312,C10964,2026-08-18,Email,Complaint
I3313,C10947,2026-07-08,Call,Purchase
I3314,C10828,2025-06-26,Mobile,Purchase
I3315,C10972,2025-08-24,Email,Login
I3316,C10586,2025-05-22,Branch,Purchase
I3317,C10093,2025-07-24,Call,Purchase
I3318,C10785,2025-07-15,Branch,Complaint
I3319,C10435,2026-03-15,Call,Support
I3320,C10290,2025-10-09,Mobile,Support
I3321,C10001,2025-10-04,Call,Inquiry
I3322,C10382,2026-07-30,Web,Purchase
I3323,C10439,2026-04-26,Email,Support
I3324,C10009,2025-09-22,Mobile,Support
I3325,C10565,2025-01-08,Email,Inquiry
I3326,C10280,2026-07-22,Call,Login
I3327,C10910,2026-03-03,Web,Complaint
I3328,C10659,2025-11-18,Call,Inquiry
I3329,C10758,2025-12-17,Call,Support
I3330,C10905,2025-07-05,Call,Login
I3331,C10471,2026-05-12,Mobile,Complaint
I3332,C10466,2026-02-01,Web,Inquiry
I3333,C10248,2026-05-06,Branch,Inquiry
I3334,C10497,2026-06-25,Call,Inquiry
I3335,C10256,2025-05-30,Branch,Purchase
I3336,C10034,2026-08-15,Mobile,Inquiry
I3337,C10466,2026-03-14,Call,Purchase
I3338,C10166,2025-06-17,Mobile,Purchase
I3339,C10321,2026-02-04,Email,Support
I3340,C10099,2026-08-10,Call,Support
I3341,C10738,2025-03-24,Branch,Complaint
I3342,C10035,2025-04-20,Web,Complaint
I3343,C10413,2025-02-06,Email,Purchase
I3344,C10756,2025-03-12,Call,Complaint
I3345,C10285,2025-11-28,Mobile,Support
I3346,C10739,2025-09-21,Branch,Support
I3347,C10758,2025-02-09,Web,Inquiry
I3348,C10147,2026-05-31,Branch,Purchase
I3349,C10873,2026-01-28,Email,Purchase
I3350,C10496,2025-01-15,Branch,Login
I3351,C10957,2025-04-14,Mobile,Support
I3352,C10470,2025-01-09,Branch,Login
I3353,C10954,2026-06-20,Email,Purchase
I3354,C10441,2025-04-01,Mobile,Complaint
I3355,C10714,2026-05-05,Branch,Login
I3356,C10546,2026-07-11,Email,Inquiry
I3357,C10518,2026-02-02,Email,Support
I3358,C10851,2025-10-02,Branch,Purchase
I3359,C10722,2025-05-16,Call,Support
I3360,C10616,2025-06-07,Call,Support
I3361,C10151,2026-02-19,Web,Purchase
I3362,C10298,2025-06-20,Mobile,Purchase
I3363,C10982,2025-04-18,Branch,Support
I3364,C10604,2025-06-20,Call,Login
I3365,C10629,2025-03-06,Email,Complaint
I3366,C10816,2025-09-08,Web,Login
I3367,C10600,2025-11-26,Mobile,Login
I3368,C10412,2025-11-27,Branch,Login
I3369,C10597,2025-06-28,Call,Purchase
I3370,C10515,2026-01-11,Call,Complaint
I3371,C10114,2025-06-26,Branch,Support
I3372,C10621,2025-04-20,Branch,Purchase
I3373,C10673,2025-05-25,Call,Purchase
I3374,C10257,2026-04-08,Web,Support
I3375,C10708,2025-06-01,Call,Complaint
I3376,C10870,2026-08-27,Email,Login
I3377,C10551,2025-12-05,Web,Support
I3378,C10280,2025-07-09,Branch,Inquiry
I3379,C10044,2025-04-14,Branch,Login
I3380,C10384,2025-03-08,Call,Login
I3381,C10320,2026-01-11,Web,Complaint
I3382,C10134,2025-08-10,Web,Purchase
I3383,C10912,2026-01-17,Call,Support
I3384,C10842,2026-01-18,Web,Support
I3385,C10477,2026-02-28,Web,Inquiry
I3386,C10109,2025-06-14,Web,Support
I3387,C10321,2025-03-25,Call,Login
I3388,C10758,2025-06-26,Mobile,Login
I3389,C10991,2026-03-08,Mobile,Purchase
I3390,C10858,2026-08-26,Call,Inquiry
I3391,C10089,2025-11-18,Branch,Complaint
I3392,C10058,2025-09-29,Branch,Login
I3393,C10853,2025-07-06,Web,Purchase
I3394,C10376,2025-03-29,Web,Purchase
I3395,C10420,2025-07-24,Call,Purchase
I3396,C10050,2026-04-28,Call,Inquiry
I3397,C10453,2026-02-03,Web,Purchase
I3398,C10768,2026-02-02,Email,Support
I3399,C10986,2025-02-23,Branch,Purchase
I3400,C10205,2026-06-27,Email,Purchase
I3401,C10230,2025-09-12,Branch,Complaint
I3402,C10616,2025-09-23,Web,Complaint
I3403,C10951,2025-01-06,Call,Login
I3404,C10552,2025-02-17,Mobile,Inquiry
I3405,C10416,2025-06-08,Branch,Purchase
I3406,C10066,2025-10-01,Email,Login
I3407,C10795,2025-07-01,Branch,Login
I3408,C10498,2025-04-20,Email,Purchase
I3409,C10187,2026-07-11,Email,Login
I3410,C10612,2025-05-28,Call,Login
I3411,C10444,2025-05-15,Branch,Inquiry
I3412,C10085,2026-08-23,Branch,Purchase
I3413,C10314,2025-06-24,Email,Support
I3414,C10773,2025-10-13,Branch,Purchase
I3415,C10776,2026-06-05,Web,Inquiry
I3416,C10304,2025-09-10,Email,Inquiry
I3417,C10768,2025-10-24,Call,Support
I3418,C10534,2026-08-16,Email,Support
I3419,C10463,2026-08-19,Branch,Login
I3420,C10142,2025-02-22,Email,Complaint
I3421,C10212,2025-02-16,Branch,Purchase
I3422,C10683,2025-05-03,Mobile,Support
I3423,C10000,2025-08-17,Branch,Purchase
I3424,C10781,2026-08-04,Mobile,Inquiry
I3425,C10016,2025-08-31,Web,Complaint
I3426,C10420,2025-12-13,Mobile,Support
I3427,C10478,2026-06-11,Branch,Support
I3428,C10286,2025-02-19,Mobile,Inquiry
I3429,C10344,2025-05-15,Email,Purchase
I3430,C10675,2025-10-31,Mobile,Purchase
I3431,C10450,2025-07-13,Branch,Complaint
I3432,C10159,2026-03-17,Email,Inquiry
I3433,C10335,2025-04-27,Web,Purchase
I3434,C10188,2025-03-17,Branch,Support
I3435,C10804,2025-06-15,Call,Complaint
I3436,C10926,2025-06-19,Branch,Complaint
I3437,C10097,2025-05-14,Mobile,Complaint
I3438,C10332,2025-03-10,Web,Complaint
I3439,C10324,2025-06-04,Email,Complaint
I3440,C10425,2026-04-30,Branch,Login
I3441,C10308,2026-03-06,Web,Login
I3442,C10519,2026-03-04,Email,Login
I3443,C10246,2026-01-12,Branch,Login
I3444,C10866,2026-02-22,Call,Support
I3445,C10977,2026-05-19,Email,Support
I3446,C10778,2025-12-22,Web,Inquiry
I3447,C10086,2025-02-27,Branch,Purchase
I3448,C10778,2025-05-26,Email,Inquiry
I3449,C10396,2026-07-12,Email,Complaint
I3450,C10230,2026-05-11,Email,Complaint
I3451,C10412,2025-09-08,Mobile,Login
I3452,C10980,2025-03-18,Mobile,Login
I3453,C10867,2025-11-12,Call,Support
I3454,C10933,2026-06-08,Email,Purchase
I3455,C10774,2026-05-10,Branch,Login
I3456,C10489,2026-06-04,Branch,Login
I3457,C10297,2025-12-21,Call,Complaint
I3458,C10948,2026-08-14,Mobile,Support
I3459,C10679,2025-07-13,Mobile,Complaint
I3460,C10042,2025-09-28,Mobile,Support
I3461,C10786,2025-01-16,Call,Complaint
I3462,C10346,2026-03-18,Call,Purchase
I3463,C10526,2026-03-05,Branch,Inquiry
I3464,C10793,2025-08-29,Branch,Complaint
I3465,C10164,2025-03-27,Branch,Complaint
I3466,C10740,2025-04-14,Branch,Complaint
I3467,C10133,2026-08-21,Web,Complaint
I3468,C10363,2026-08-26,Email,Support
I3469,C10310,2025-05-15,Mobile,Support
I3470,C10846,2026-02-19,Web,Support
I3471,C10742,2025-09-07,Branch,Purchase
I3472,C10303,2025-11-11,Branch,Login
I3473,C10401,2026-07-06,Call,Support
I3474,C10764,2026-04-18,Call,Purchase
I3475,C10748,2025-04-03,Branch,Login
I3476,C10081,2026-01-14,Web,Purchase
I3477,C10031,2025-12-08,Web,Inquiry
I3478,C10160,2026-04-24,Branch,Complaint
I3479,C10296,2025-06-24,Web,Purchase
I3480,C10243,2026-03-28,Web,Purchase
I3481,C10817,2026-05-05,Call,Inquiry
I3482,C10711,2025-06-11,Branch,Purchase
I3483,C10267,2026-05-29,Email,Complaint
I3484,C10447,2026-03-03,Branch,Inquiry
I3485,C10317,2026-06-14,Call,Support
I3486,C10631,2025-05-14,Email,Support
I3487,C10597,2025-10-16,Web,Support
I3488,C10033,2026-08-22,Call,Complaint
I3489,C10998,2025-03-20,Mobile,Purchase
I3490,C10144,2025-01-13,Mobile,Inquiry
I3491,C10822,2025-02-02,Email,Support
I3492,C10884,2026-08-24,Web,Support
I3493,C10337,2026-05-11,Branch,Inquiry
I3494,C10528,2026-03-03,Web,Support
I3495,C10602,2026-07-31,Email,Login
I3496,C10446,2026-08-06,Web,Complaint
I3497,C10397,2025-04-14,Mobile,Support
I3498,C10307,2026-07-02,Mobile,Complaint
I3499,C10325,2025-07-12,Web,Complaint
I3500,C10087,2025-01-15,Mobile,Purchase
I3501,C10010,2025-08-11,Branch,Login
I3502,C10514,2025-07-08,Email,Support
I3503,C10923,2025-12-14,Mobile,Complaint
I3504,C10268,2025-08-13,Mobile,Login
I3505,C10738,2025-04-16,Mobile,Support
I3506,C10578,2025-04-18,Web,Login
I3507,C10363,2026-01-06,Call,Support
I3508,C10327,2026-05-27,Mobile,Inquiry
I3509,C10273,2025-08-11,Mobile,Login
I3510,C10764,2025-03-10,Email,Complaint
I3511,C10424,2026-03-15,Branch,Login
I3512,C10165,2025-11-23,Branch,Login
I3513,C10453,2026-03-25,Email,Complaint
I3514,C10195,2025-09-22,Email,Purchase
I3515,C10735,2026-06-10,Mobile,Complaint
I3516,C10502,2026-02-01,Branch,Support
I3517,C10401,2026-07-13,Call,Complaint
I3518,C10756,2026-04-23,Email,Inquiry
I3519,C10332,2026-03-30,Email,Inquiry
I3520,C10200,2026-01-20,Call,Complaint
I3521,C10064,2026-08-15,Mobile,Login
I3522,C10653,2026-06-21,Call,Support
I3523,C10181,2025-02-24,Call,Complaint
I3524,C10028,2026-01-11,Web,Login
I3525,C10774,2026-04-29,Call,Support
I3526,C10997,2026-07-06,Branch,Login
I3527,C10333,2026-05-20,Email,Purchase
I3528,C10671,2026-07-04,Email,Support
I3529,C10434,2025-03-30,Mobile,Support
I3530,C10216,2026-03-07,Mobile,Purchase
I3531,C10748,2026-01-04,Email,Inquiry
I3532,C10624,2025-06-19,Call,Inquiry
I3533,C10333,2025-07-19,Mobile,Complaint
I3534,C10169,2026-06-04,Email,Support
I3535,C10537,2026-06-26,Email,Login
I3536,C10598,2025-08-16,Branch,Purchase
I3537,C10063,2025-03-02,Web,Support
I3538,C10560,2026-03-21,Call,Support
I3539,C10246,2025-10-19,Web,Purchase
I3540,C10874,2025-12-07,Call,Complaint
I3541,C10340,2026-08-01,Email,Purchase
I3542,C10691,2025-07-18,Email,Complaint
I3543,C10575,2025-11-07,Call,Complaint
I3544,C10303,2026-01-14,Web,Login
I3545,C10216,2025-03-25,Web,Support
I3546,C10925,2026-08-29,Mobile,Inquiry
I3547,C10788,2026-05-04,Web,Inquiry
I3548,C10652,2025-04-09,Web,Support
I3549,C10908,2026-07-11,Branch,Support
I3550,C10852,2026-07-05,Mobile,Support
I3551,C10594,2026-01-07,Branch,Complaint
I3552,C10739,2026-08-25,Email,Login
I3553,C10485,2025-06-06,Branch,Login
I3554,C10937,2025-01-19,Mobile,Login
I3555,C10340,2026-04-14,Call,Inquiry
I3556,C10686,2025-02-07,Mobile,Purchase
I3557,C10103,2025-08-06,Branch,Complaint
I3558,C10196,2025-05-13,Mobile,Complaint
I3559,C10177,2026-02-13,Email,Support
I3560,C10751,2025-10-05,Web,Login
I3561,C10701,2026-05-17,Web,Support
I3562,C10795,2025-11-15,Call,Support
I3563,C10450,2025-06-20,Branch,Purchase
I3564,C10292,2025-08-21,Mobile,Inquiry
I3565,C10881,2025-11-07,Web,Complaint
I3566,C10653,2026-02-04,Call,Login
I3567,C10925,2025-11-16,Web,Purchase
I3568,C10211,2025-04-15,Call,Purchase
I3569,C10005,2025-11-16,Branch,Complaint
I3570,C10816,2025-02-23,Email,Login
I3571,C10669,2025-06-22,Web,Support
I3572,C10465,2025-01-13,Web,Inquiry
I3573,C10867,2025-09-11,Branch,Login
I3574,C10563,2026-04-11,Web,Purchase
I3575,C10440,2025-01-21,Web,Purchase
I3576,C10664,2025-06-09,Web,Purchase
I3577,C10242,2025-12-27,Branch,Inquiry
I3578,C10677,2026-07-16,Mobile,Complaint
I3579,C10559,2025-07-19,Branch,Purchase
I3580,C10297,2026-07-19,Email,Purchase
I3581,C10616,2025-06-04,Call,Purchase
I3582,C10093,2026-06-15,Branch,Inquiry
I3583,C10223,2025-10-02,Call,Inquiry
I3584,C10251,2025-06-17,Email,Inquiry
I3585,C10565,2025-11-24,Web,Login
I3586,C10755,2026-07-23,Web,Login
I3587,C10598,2025-06-22,Call,Purchase
I3588,C10979,2025-07-13,Branch,Complaint
I3589,C10923,2026-06-03,Branch,Support
I3590,C10780,2026-04-11,Mobile,Login
I3591,C10917,2026-05-18,Web,Support
I3592,C10770,2026-08-30,Call,Complaint
I3593,C10775,2025-02-26,Mobile,Support
I3594,C10466,2026-08-22,Email,Inquiry
I3595,C10107,2025-11-18,Branch,Support
I3596,C10530,2025-12-23,Email,Purchase
I3597,C10100,2025-03-15,Branch,Inquiry
I3598,C10499,2026-08-18,Web,Inquiry
I3599,C10576,2025-01-16,Mobile,Login
I3600,C10670,2026-01-19,Branch,Inquiry
I3601,C10570,2026-01-27,Web,Inquiry
I3602,C10996,2025-10-31,Mobile,Purchase
I3603,C10942,2025-05-26,Email,Login
I3604,C10277,2025-09-02,Mobile,Inquiry
I3605,C10697,2026-08-06,Web,Support
I3606,C10209,2026-01-07,Call,Support
I3607,C10937,2025-02-22,Web,Inquiry
I3608,C10195,2025-06-13,Branch,Support
I3609,C10584,2026-08-07,Call,Login
I3610,C10493,2025-01-09,Email,Inquiry
I3611,C10296,2025-02-07,Call,Inquiry
I3612,C10405,2025-03-23,Email,Complaint
I3613,C10938,2026-04-16,Web,Complaint
I3614,C10882,2025-11-21,Call,Inquiry
I3615,C10942,2026-01-07,Email,Support
I3616,C10653,2026-08-15,Branch,Complaint
I3617,C10742,2025-07-28,Call,Login
I3618,C10768,2025-01-03,Email,Complaint
I3619,C10781,2026-02-14,Mobile,Purchase
I3620,C10569,2025-02-11,Call,Purchase
I3621,C10599,2026-05-29,Call,Complaint
I3622,C10086,2025-01-03,Call,Inquiry
I3623,C10331,2026-07-12,Web,Complaint
I3624,C10706,2026-02-16,Email,Support
I3625,C10684,2025-10-21,Call,Inquiry
I3626,C10295,2026-08-07,Email,Login
I3627,C10209,2026-08-22,Mobile,Purchase
I3628,C10552,2025-02-23,Call,Complaint
I3629,C10293,2025-07-25,Web,Support
I3630,C10321,2025-02-25,Call,Support
I3631,C10990,2025-07-12,Email,Purchase
I3632,C10097,2025-07-18,Call,Login
I3633,C10683,2025-03-07,Branch,Complaint
I3634,C10544,2025-09-18,Web,Login
I3635,C10018,2026-02-13,Mobile,Inquiry
I3636,C10384,2026-01-26,Email,Login
I3637,C10690,2025-04-10,Mobile,Complaint
I3638,C10051,2025-01-11,Email,Complaint
I3639,C10363,2025-05-01,Branch,Inquiry
I3640,C10373,2025-06-24,Email,Inquiry
I3641,C10469,2026-03-03,Mobile,Complaint
I3642,C10037,2026-02-13,Email,Purchase
I3643,C10838,2026-01-26,Web,Support
I3644,C10558,2026-07-21,Call,Complaint
I3645,C10499,2025-02-24,Mobile,Complaint
I3646,C10710,2025-09-16,Web,Purchase
I3647,C10891,2025-03-08,Email,Support
I3648,C10409,2026-03-24,Call,Support
I3649,C10971,2025-10-07,Call,Login
I3650,C10095,2026-08-23,Email,Inquiry
I3651,C10290,2025-07-06,Email,Login
I3652,C10104,2026-03-20,Call,Support
I3653,C10201,2025-12-06,Mobile,Inquiry
I3654,C10271,2025-07-16,Email,Login
I3655,C10640,2026-08-09,Branch,Complaint
I3656,C10840,2026-04-07,Email,Complaint
I3657,C10953,2025-05-05,Branch,Support
I3658,C10635,2025-06-07,Web,Complaint
I3659,C10188,2025-05-11,Branch,Login
I3660,C10333,2025-06-13,Mobile,Login
I3661,C10086,2025-08-12,Email,Login
I3662,C10944,2026-08-19,Branch,Inquiry
I3663,C10323,2026-05-16,Web,Purchase
I3664,C10589,2025-11-26,Call,Support
I3665,C10331,2025-08-09,Web,Purchase
I3666,C10316,2025-11-19,Branch,Complaint
I3667,C10259,2025-02-13,Branch,Inquiry
I3668,C10497,2025-10-24,Mobile,Purchase
I3669,C10592,2026-05-13,Call,Complaint
I3670,C10362,2026-06-18,Email,Login
I3671,C10601,2026-03-13,Mobile,Complaint
I3672,C10290,2025-07-10,Mobile,Purchase
I3673,C10331,2025-05-04,Call,Purchase
I3674,C10436,2026-01-15,Mobile,Inquiry
I3675,C10934,2025-08-01,Branch,Inquiry
I3676,C10595,2026-07-15,Web,Inquiry
I3677,C10969,2025-10-01,Call,Login
I3678,C10165,2025-03-09,Call,Purchase
I3679,C10542,2025-07-02,Email,Complaint
I3680,C10563,2025-08-19,Branch,Purchase
I3681,C10306,2025-04-23,Web,Login
I3682,C10472,2026-05-26,Web,Login
I3683,C10832,2025-10-01,Call,Complaint
I3684,C10952,2025-07-26,Mobile,Inquiry
I3685,C10409,2025-04-06,Web,Login
I3686,C10908,2025-07-11,Call,Complaint
I3687,C10775,2025-10-20,Email,Complaint
I3688,C10801,2025-12-17,Web,Inquiry
I3689,C10251,2025-07-11,Branch,Purchase
I3690,C10859,2026-01-10,Mobile,Purchase
I3691,C10339,2025-08-04,Call,Complaint
I3692,C10499,2026-06-21,Mobile,Support
I3693,C10184,2025-01-18,Web,Complaint
I3694,C10966,2025-08-03,Call,Support
I3695,C10070,2025-04-17,Email,Login
I3696,C10790,2025-11-18,Mobile,Inquiry
I3697,C10169,2025-07-28,Mobile,Purchase
I3698,C10507,2025-11-26,Mobile,Inquiry
I3699,C10410,2026-07-18,Call,Support
I3700,C10477,2025-02-16,Mobile,Purchase
I3701,C10138,2025-10-15,Call,Login
I3702,C10257,2026-05-16,Call,Complaint
I3703,C10556,2025-05-06,Email,Purchase
I3704,C10021,2025-06-22,Email,Purchase
I3705,C10280,2025-02-24,Web,Support
I3706,C10835,2025-07-22,Web,Purchase
I3707,C10628,2025-01-16,Mobile,Support
I3708,C10439,2025-06-20,Call,Complaint
I3709,C10453,2026-08-11,Call,Login
I3710,C10711,2025-07-10,Mobile,Support
I3711,C10332,2025-09-11,Branch,Complaint
I3712,C10322,2026-08-19,Email,Complaint
I3713,C10096,2025-12-18,Call,Support
I3714,C10036,2026-08-22,Web,Purchase
I3715,C10232,2025-04-14,Branch,Support
I3716,C10654,2026-07-17,Call,Login
I3717,C10840,2026-05-25,Email,Login
I3718,C10075,2025-02-01,Branch,Inquiry
I3719,C10374,2026-01-20,Branch,Login
I3720,C10690,2026-02-16,Branch,Support
I3721,C10547,2026-02-19,Web,Support
I3722,C10405,2025-01-14,Web,Complaint
I3723,C10836,2025-05-12,Branch,Inquiry
I3724,C10166,2025-06-01,Email,Purchase
I3725,C10964,2026-08-31,Web,Inquiry
I3726,C10987,2025-05-02,Web,Complaint
I3727,C10417,2026-07-23,Web,Support
I3728,C10878,2025-06-24,Mobile,Inquiry
I3729,C10203,2025-11-12,Branch,Complaint
I3730,C10213,2026-03-09,Email,Support
I3731,C10013,2026-08-14,Email,Complaint
I3732,C10456,2025-03-12,Mobile,Purchase
I3733,C10646,2026-03-28,Web,Inquiry
I3734,C10060,2025-03-27,Email,Complaint
I3735,C10503,2025-04-16,Web,Login
I3736,C10654,2025-06-23,Web,Login
I3737,C10428,2026-02-22,Call,Support
I3738,C10830,2025-04-15,Email,Support
I3739,C10939,2025-07-28,Call,Login
I3740,C10881,2025-08-13,Mobile,Inquiry
I3741,C10675,2026-05-01,Branch,Inquiry
I3742,C10903,2025-05-17,Branch,Support
I3743,C10084,2025-12-05,Branch,Login
I3744,C10266,2026-06-20,Branch,Purchase
I3745,C10467,2025-01-29,Email,Purchase
I3746,C10153,2025-06-21,Call,Complaint
I3747,C10216,2025-04-23,Call,Support
I3748,C10063,2025-07-10,Call,Complaint
I3749,C10383,2025-01-18,Call,Inquiry
I3750,C10270,2025-06-04,Web,Inquiry
I3751,C10775,2026-03-29,Mobile,Complaint
I3752,C10447,2026-04-12,Call,Support
I3753,C10808,2025-09-10,Email,Purchase
I3754,C10788,2025-08-31,Branch,Complaint
I3755,C10908,2026-02-03,Email,Support
I3756,C10079,2026-03-18,Mobile,Purchase
I3757,C10548,2026-07-07,Call,Login
I3758,C10672,2026-08-26,Mobile,Support
I3759,C10270,2025-12-18,Call,Support
I3760,C10245,2025-04-20,Branch,Purchase
I3761,C10504,2025-12-04,Branch,Login
I3762,C10263,2026-06-29,Web,Purchase
I3763,C10374,2025-09-13,Mobile,Complaint
I3764,C10822,2026-01-08,Web,Complaint
I3765,C10673,2026-08-04,Web,Inquiry
I3766,C10394,2025-05-24,Branch,Complaint
I3767,C10554,2026-08-11,Call,Login
I3768,C10449,2026-06-13,Web,Support
I3769,C10577,2025-01-25,Branch,Inquiry
I3770,C10978,2025-10-03,Call,Complaint
I3771,C10661,2026-06-09,Branch,Inquiry
I3772,C10974,2026-06-03,Web,Complaint
I3773,C10695,2026-03-04,Call,Complaint
I3774,C10138,2025-01-31,Web,Login
I3775,C10373,2025-03-31,Branch,Purchase
I3776,C10897,2026-06-12,Call,Support
I3777,C10382,2026-01-26,Web,Complaint
I3778,C10180,2025-07-22,Mobile,Inquiry
I3779,C10075,2026-06-05,Branch,Complaint
I3780,C10866,2026-06-21,Mobile,Support
I3781,C10587,2026-08-30,Call,Support
I3782,C10723,2025-01-30,Web,Login
I3783,C10705,2025-06-04,Branch,Complaint
I3784,C10797,2026-08-23,Email,Purchase
I3785,C10928,2025-11-30,Call,Inquiry
I3786,C10183,2025-08-08,Mobile,Login
I3787,C10834,2026-04-08,Call,Login
I3788,C10722,2025-05-24,Call,Complaint
I3789,C10063,2026-06-30,Email,Support
I3790,C10506,2026-05-08,Call,Complaint
I3791,C10907,2026-02-05,Branch,Inquiry
I3792,C10183,2026-07-11,Web,Inquiry
I3793,C10831,2026-03-24,Mobile,Support
I3794,C10928,2026-07-09,Call,Inquiry
I3795,C10909,2025-03-16,Web,Purchase
I3796,C10790,2026-01-05,Web,Purchase
I3797,C10672,2025-09-11,Branch,Login
I3798,C10176,2025-09-24,Mobile,Purchase
I3799,C10956,2025-11-15,Call,Support
I3800,C10996,2025-10-10,Web,Login
I3801,C10902,2026-02-09,Web,Inquiry
I3802,C10604,2026-08-10,Call,Support
I3803,C10568,2026-04-09,Branch,Support
I3804,C10181,2025-12-28,Branch,Inquiry
I3805,C10792,2025-02-11,Branch,Login
I3806,C10670,2026-07-27,Call,Support
I3807,C10869,2025-01-20,Email,Login
I3808,C10240,2025-01-02,Call,Inquiry
I3809,C10292,2025-03-21,Web,Login
I3810,C10329,2025-03-08,Call,Complaint
I3811,C10405,2025-07-20,Call,Inquiry
I3812,C10427,2025-04-03,Email,Login
I3813,C10776,2026-06-01,Email,Complaint
I3814,C10999,2025-03-26,Mobile,Login
I3815,C10372,2025-08-25,Call,Complaint
I3816,C10213,2026-05-06,Branch,Inquiry
I3817,C10178,2026-04-22,Mobile,Purchase
I3818,C10685,2025-10-09,Call,Login
I3819,C10136,2026-02-22,Email,Purchase
I3820,C10448,2026-06-06,Call,Inquiry
I3821,C10016,2025-11-21,Mobile,Complaint
I3822,C10838,2025-05-05,Branch,Login
I3823,C10005,2026-01-16,Branch,Complaint
I3824,C10630,2026-05-07,Call,Support
I3825,C10235,2026-01-13,Mobile,Complaint
I3826,C10571,2025-06-11,Mobile,Inquiry
I3827,C10146,2026-05-21,Branch,Purchase
I3828,C10279,2025-07-26,Web,Inquiry
I3829,C10433,2026-07-28,Email,Purchase
I3830,C10550,2026-01-20,Branch,Complaint
I3831,C10110,2026-05-30,Web,Inquiry
I3832,C10604,2025-04-26,Call,Complaint
I3833,C10689,2025-05-05,Web,Support
I3834,C10532,2025-08-28,Call,Login
I3835,C10408,2025-09-03,Branch,Purchase
I3836,C10242,2025-03-22,Email,Complaint
I3837,C10265,2026-02-12,Call,Login
I3838,C10042,2026-01-07,Web,Login
I3839,C10674,2025-11-30,Web,Complaint
I3840,C10827,2025-12-20,Web,Support
I3841,C10777,2026-02-28,Call,Inquiry
I3842,C10515,2025-02-08,Call,Support
I3843,C10237,2026-04-17,Email,Login
I3844,C10714,2025-02-20,Branch,Complaint
I3845,C10485,2025-01-24,Call,Purchase
I3846,C10179,2026-01-04,Call,Inquiry
I3847,C10809,2025-05-13,Mobile,Login
I3848,C10552,2025-02-03,Branch,Complaint
I3849,C10713,2025-10-07,Web,Inquiry
I3850,C10303,2025-03-04,Email,Login
I3851,C10460,2025-06-18,Mobile,Login
I3852,C10084,2026-03-10,Email,Login
I3853,C10641,2025-03-11,Web,Purchase
I3854,C10525,2025-03-08,Mobile,Complaint
I3855,C10519,2025-04-27,Email,Support
I3856,C10297,2025-07-20,Email,Inquiry
I3857,C10412,2026-05-14,Mobile,Purchase
I3858,C10528,2026-01-25,Branch,Login
I3859,C10411,2025-12-02,Web,Login
I3860,C10634,2025-01-25,Web,Login
I3861,C10088,2025-11-28,Call,Login
I3862,C10862,2025-08-03,Web,Complaint
I3863,C10895,2025-07-13,Branch,Purchase
I3864,C10323,2025-04-10,Web,Complaint
I3865,C10514,2025-05-12,Mobile,Inquiry
I3866,C10699,2025-08-19,Mobile,Login
I3867,C10632,2025-05-04,Email,Complaint
I3868,C10082,2026-08-30,Branch,Purchase
I3869,C10296,2026-05-23,Mobile,Complaint
I3870,C10340,2025-06-13,Call,Login
I3871,C10540,2025-05-07,Branch,Inquiry
I3872,C10905,2025-04-24,Email,Support
I3873,C10866,2025-06-24,Mobile,Purchase
I3874,C10529,2025-06-14,Email,Complaint
I3875,C10913,2025-09-06,Email,Purchase
I3876,C10148,2026-03-02,Branch,Inquiry
I3877,C10160,2025-12-30,Call,Purchase
I3878,C10070,2025-03-12,Call,Login
I3879,C10700,2025-01-23,Web,Login
I3880,C10012,2025-06-03,Branch,Inquiry
I3881,C10921,2025-11-25,Mobile,Support
I3882,C10451,2026-03-28,Mobile,Complaint
I3883,C10621,2025-04-05,Web,Login
I3884,C10716,2025-01-30,Email,Login
I3885,C10145,2025-05-07,Email,Inquiry
I3886,C10963,2025-07-10,Branch,Inquiry
I3887,C10725,2025-12-01,Branch,Inquiry
I3888,C10990,2025-06-26,Mobile,Complaint
I3889,C10716,2026-08-07,Email,Complaint
I3890,C10826,2025-06-08,Email,Inquiry
I3891,C10768,2025-05-17,Web,Complaint
I3892,C10669,2025-02-26,Call,Purchase
I3893,C10658,2026-05-04,Web,Support
I3894,C10459,2025-03-12,Call,Support
I3895,C10627,2026-05-07,Call,Complaint
I3896,C10648,2026-01-11,Email,Purchase
I3897,C10475,2026-06-02,Branch,Support
I3898,C10992,2025-01-22,Mobile,Support
I3899,C10288,2025-03-19,Email,Inquiry
I3900,C10352,2025-06-03,Mobile,Purchase
I3901,C10882,2026-02-08,Email,Login
I3902,C10241,2026-07-03,Branch,Support
I3903,C10988,2025-08-12,Email,Purchase
I3904,C10518,2025-11-11,Branch,Support
I3905,C10922,2025-03-11,Email,Support
I3906,C10575,2026-06-03,Branch,Support
I3907,C10959,2025-08-31,Web,Purchase
I3908,C10752,2026-06-26,Mobile,Support
I3909,C10413,2026-02-11,Mobile,Support
I3910,C10110,2025-10-28,Email,Inquiry
I3911,C10774,2026-07-03,Branch,Support
I3912,C10838,2026-01-04,Branch,Purchase
I3913,C10254,2026-08-03,Branch,Complaint
I3914,C10240,2025-02-18,Call,Login
I3915,C10678,2026-03-06,Mobile,Purchase
I3916,C10522,2026-03-25,Call,Support
I3917,C10979,2025-05-05,Web,Inquiry
I3918,C10262,2026-02-08,Call,Login
I3919,C10321,2025-12-04,Branch,Complaint
I3920,C10632,2025-10-29,Branch,Login
I3921,C10687,2026-06-08,Branch,Purchase
I3922,C10311,2026-09-01,Email,Purchase
I3923,C10328,2026-02-20,Branch,Support
I3924,C10119,2026-04-18,Branch,Inquiry
I3925,C10078,2026-01-21,Mobile,Inquiry
I3926,C10554,2026-06-11,Call,Complaint
I3927,C10791,2026-01-30,Email,Inquiry
I3928,C10143,2026-01-08,Branch,Inquiry
I3929,C10332,2025-05-13,Branch,Purchase
I3930,C10783,2025-09-27,Call,Complaint
I3931,C10771,2026-04-15,Mobile,Login
I3932,C10878,2026-03-06,Mobile,Login
I3933,C10251,2026-06-10,Branch,Support
I3934,C10483,2026-06-25,Branch,Inquiry
I3935,C10644,2026-08-10,Call,Login
I3936,C10461,2025-10-28,Call,Complaint
I3937,C10880,2025-08-06,Mobile,Purchase
I3938,C10828,2025-11-22,Web,Inquiry
I3939,C10814,2025-05-12,Mobile,Login
I3940,C10049,2025-04-26,Mobile,Login
I3941,C10836,2026-08-13,Email,Purchase
I3942,C10019,2025-03-15,Email,Complaint
I3943,C10529,2025-12-10,Mobile,Login
I3944,C10496,2025-08-13,Branch,Purchase
I3945,C10467,2025-11-15,Call,Support
I3946,C10365,2026-04-21,Branch,Login
I3947,C10288,2025-01-14,Branch,Purchase
I3948,C10352,2026-01-05,Web,Login
I3949,C10523,2025-09-12,Web,Support
I3950,C10448,2026-08-26,Call,Support
I3951,C10344,2026-04-30,Email,Complaint
I3952,C10019,2025-10-30,Web,Support
I3953,C10346,2026-03-28,Call,Complaint
I3954,C10067,2025-12-06,Call,Complaint
I3955,C10778,2026-07-24,Call,Login
I3956,C10361,2026-03-28,Web,Support
I3957,C10999,2025-10-26,Web,Purchase
I3958,C10903,2026-03-19,Mobile,Support
I3959,C10218,2025-08-13,Email,Inquiry
I3960,C10201,2026-04-14,Web,Inquiry
I3961,C10603,2026-03-04,Branch,Login
I3962,C10780,2025-05-11,Call,Purchase
I3963,C10287,2025-06-16,Mobile,Purchase
I3964,C10236,2025-07-07,Call,Complaint
I3965,C10628,2025-04-29,Mobile,Purchase
I3966,C10347,2026-07-23,Mobile,Inquiry
I3967,C10444,2025-01-24,Mobile,Support
I3968,C10860,2026-06-08,Mobile,Support
I3969,C10733,2025-12-09,Call,Support
I3970,C10709,2026-02-10,Mobile,Complaint
I3971,C10421,2025-04-16,Mobile,Login
I3972,C10923,2026-03-13,Mobile,Login
I3973,C10018,2025-09-12,Mobile,Complaint
I3974,C10639,2025-03-09,Call,Login
I3975,C10891,2025-09-26,Web,Purchase
I3976,C10799,2025-12-22,Call,Complaint
I3977,C10027,2025-09-06,Branch,Complaint
I3978,C10775,2025-07-26,Mobile,Purchase
I3979,C10985,2025-01-21,Branch,Support
I3980,C10794,2026-07-08,Mobile,Complaint
I3981,C10903,2025-03-06,Branch,Login
I3982,C10811,2026-06-22,Call,Login
I3983,C10747,2026-03-17,Mobile,Complaint
I3984,C10233,2025-06-09,Mobile,Support
I3985,C10774,2025-12-16,Call,Complaint
I3986,C10114,2026-07-31,Call,Inquiry
I3987,C10390,2026-05-15,Call,Purchase
I3988,C10769,2025-01-14,Branch,Support
I3989,C10069,2026-02-26,Branch,Inquiry
I3990,C10577,2026-07-17,Branch,Complaint
I3991,C10895,2026-02-25,Branch,Purchase
I3992,C10452,2025-10-18,Call,Login
I3993,C10943,2025-09-27,Email,Support
I3994,C10678,2026-08-22,Call,Complaint
I3995,C10494,2025-01-16,Mobile,Complaint
I3996,C10719,2026-06-12,Web,Complaint
I3997,C10907,2025-02-16,Web,Complaint
I3998,C10905,2026-08-28,Email,Purchase
I3999,C10261,2025-04-15,Mobile,Login
I4000,C10325,2025-02-18,Branch,Support
I4001,C10812,2026-02-06,Mobile,Purchase
I4002,C10652,2025-11-12,Email,Purchase
I4003,C10139,2025-09-22,Web,Inquiry
I4004,C10512,2026-04-18,Mobile,Login
I4005,C10911,2025-10-02,Branch,Inquiry
I4006,C10269,2026-01-24,Branch,Login
I4007,C10600,2026-03-20,Branch,Inquiry
I4008,C10727,2025-11-18,Branch,Complaint
I4009,C10949,2025-08-03,Web,Support
I4010,C10259,2025-03-31,Email,Support
I4011,C10096,2025-09-07,Call,Support
I4012,C10639,2025-05-22,Mobile,Purchase
I4013,C10996,2026-05-02,Email,Login
I4014,C10953,2026-04-03,Mobile,Support
I4015,C10943,2025-04-16,Call,Complaint
I4016,C10553,2026-04-16,Branch,Login
I4017,C10525,2025-03-10,Call,Login
I4018,C10960,2025-02-02,Branch,Inquiry
I4019,C10775,2026-01-09,Web,Inquiry
I4020,C10981,2025-01-06,Mobile,Support
I4021,C10606,2026-04-10,Branch,Complaint
I4022,C10743,2025-10-29,Web,Complaint
I4023,C10004,2025-09-27,Web,Purchase
I4024,C10476,2026-08-21,Call,Support
I4025,C10204,2026-01-30,Mobile,Support
I4026,C10828,2026-07-12,Web,Purchase
I4027,C10381,2026-04-28,Call,Login
I4028,C10887,2026-08-20,Mobile,Inquiry
I4029,C10979,2025-06-17,Call,Login
I4030,C10445,2025-02-21,Email,Inquiry
I4031,C10910,2025-04-07,Mobile,Complaint
I4032,C10587,2026-04-11,Branch,Login
I4033,C10212,2025-05-25,Call,Complaint
I4034,C10755,2025-04-08,Call,Inquiry
I4035,C10583,2025-04-26,Mobile,Inquiry
I4036,C10562,2026-01-18,Call,Inquiry
I4037,C10872,2026-03-30,Branch,Purchase
I4038,C10584,2025-06-01,Call,Inquiry
I4039,C10214,2025-08-19,Branch,Inquiry
I4040,C10588,2026-08-29,Mobile,Complaint
I4041,C10411,2025-04-05,Branch,Complaint
I4042,C10893,2026-04-14,Mobile,Inquiry
I4043,C10361,2026-03-15,Call,Support
I4044,C10662,2025-08-13,Branch,Inquiry
I4045,C10125,2026-05-11,Call,Login
I4046,C10520,2025-01-18,Email,Purchase
I4047,C10092,2025-06-11,Call,Inquiry
I4048,C10432,2025-07-18,Branch,Login
I4049,C10557,2026-06-01,Call,Support
I4050,C10580,2026-01-23,Web,Complaint
I4051,C10267,2026-03-17,Web,Purchase
I4052,C10769,2026-03-24,Branch,Complaint
I4053,C10371,2025-05-27,Web,Complaint
I4054,C10263,2026-02-10,Call,Support
I4055,C10318,2026-05-28,Email,Support
I4056,C10800,2025-12-05,Branch,Complaint
I4057,C10078,2025-08-05,Email,Inquiry
I4058,C10852,2025-07-07,Branch,Login
I4059,C10578,2025-06-11,Web,Inquiry
I4060,C10592,2025-09-17,Web,Purchase
I4061,C10792,2026-05-18,Branch,Support
I4062,C10224,2026-03-21,Web,Inquiry
I4063,C10500,2025-04-25,Mobile,Complaint
I4064,C10168,2026-07-24,Branch,Purchase
I4065,C10587,2025-07-11,Mobile,Login
I4066,C10030,2026-02-09,Web,Inquiry
I4067,C10951,2026-05-13,Web,Inquiry
I4068,C10741,2025-01-28,Call,Inquiry
I4069,C10295,2025-03-18,Mobile,Support
I4070,C10624,2026-08-26,Branch,Inquiry
I4071,C10915,2026-03-20,Mobile,Complaint
I4072,C10178,2025-01-07,Call,Purchase
I4073,C10317,2026-02-18,Email,Login
I4074,C10510,2025-05-01,Mobile,Inquiry
I4075,C10416,2026-08-05,Email,Complaint
I4076,C10124,2026-06-16,Email,Inquiry
I4077,C10862,2025-12-16,Mobile,Support
I4078,C10802,2025-04-26,Mobile,Purchase
I4079,C10362,2025-02-05,Mobile,Login
I4080,C10936,2025-01-06,Web,Support
I4081,C10037,2026-07-19,Mobile,Purchase
I4082,C10397,2026-03-05,Mobile,Complaint
I4083,C10666,2026-07-12,Call,Complaint
I4084,C10597,2025-11-22,Branch,Support
I4085,C10827,2026-07-07,Branch,Inquiry
I4086,C10745,2026-05-24,Web,Login
I4087,C10589,2025-03-07,Branch,Complaint
I4088,C10680,2026-01-06,Mobile,Support
I4089,C10143,2025-08-01,Branch,Complaint
I4090,C10410,2025-07-14,Email,Inquiry
I4091,C10138,2025-05-19,Branch,Login
I4092,C10948,2026-07-19,Branch,Support
I4093,C10628,2026-08-26,Call,Purchase
I4094,C10315,2025-07-04,Web,Login
I4095,C10852,2025-03-10,Call,Complaint
I4096,C10448,2026-05-26,Web,Support
I4097,C10704,2026-07-05,Branch,Purchase
I4098,C10070,2025-12-18,Branch,Login
I4099,C10746,2026-01-28,Web,Support
I4100,C10476,2026-01-23,Branch,Inquiry
I4101,C10326,2025-04-03,Web,Complaint
I4102,C10363,2026-07-10,Call,Login
I4103,C10345,2026-06-25,Call,Purchase
I4104,C10011,2025-07-29,Branch,Complaint
I4105,C10722,2026-02-16,Mobile,Complaint
I4106,C10508,2026-09-01,Email,Support
I4107,C10431,2026-05-02,Web,Purchase
I4108,C10440,2025-11-28,Email,Complaint
I4109,C10253,2025-03-04,Mobile,Login
I4110,C10967,2025-02-02,Mobile,Purchase
I4111,C10748,2025-08-19,Call,Login
I4112,C10477,2026-05-26,Branch,Complaint
I4113,C10619,2026-05-18,Call,Login
I4114,C10939,2025-08-26,Call,Complaint
I4115,C10151,2026-01-12,Branch,Inquiry
I4116,C10116,2025-10-10,Email,Support
I4117,C10888,2025-08-18,Call,Complaint
I4118,C10188,2025-02-08,Call,Login
I4119,C10966,2026-01-20,Call,Support
I4120,C10755,2026-05-06,Call,Purchase
I4121,C10589,2026-05-04,Email,Inquiry
I4122,C10715,2026-04-24,Branch,Support
I4123,C10180,2025-01-06,Mobile,Inquiry
I4124,C10338,2025-11-13,Branch,Purchase
I4125,C10684,2025-08-26,Email,Complaint
I4126,C10767,2025-01-11,Mobile,Inquiry
I4127,C10893,2026-03-04,Mobile,Support
I4128,C10189,2025-12-04,Email,Inquiry
I4129,C10485,2026-03-29,Web,Purchase
I4130,C10278,2026-02-07,Email,Purchase
I4131,C10270,2026-05-01,Email,Inquiry
I4132,C10561,2025-03-12,Mobile,Login
I4133,C10677,2025-03-11,Mobile,Support
I4134,C10202,2026-06-11,Call,Inquiry
I4135,C10811,2026-08-04,Mobile,Complaint
I4136,C10166,2026-05-07,Call,Purchase
I4137,C10187,2025-12-01,Email,Login
I4138,C10151,2026-06-01,Email,Inquiry
I4139,C10799,2025-01-17,Email,Purchase
I4140,C10097,2026-05-01,Mobile,Inquiry
I4141,C10370,2026-07-07,Web,Login
I4142,C10282,2026-08-26,Mobile,Purchase
I4143,C10410,2025-09-20,Web,Login
I4144,C10280,2025-10-02,Branch,Support
I4145,C10365,2025-09-07,Call,Purchase
I4146,C10346,2025-08-04,Mobile,Support
I4147,C10563,2025-01-12,Mobile,Login
I4148,C10014,2026-06-16,Branch,Complaint
I4149,C10400,2026-02-25,Email,Login
I4150,C10162,2026-03-07,Web,Inquiry
I4151,C10848,2026-07-07,Call,Login
I4152,C10173,2025-07-06,Email,Support
I4153,C10741,2025-06-04,Branch,Inquiry
I4154,C10620,2025-12-11,Call,Inquiry
I4155,C10430,2026-01-11,Call,Login
I4156,C10410,2025-03-12,Call,Inquiry
I4157,C10827,2026-06-12,Mobile,Login
I4158,C10277,2025-01-30,Mobile,Complaint
I4159,C10867,2025-12-07,Branch,Inquiry
I4160,C10301,2025-05-23,Call,Complaint
I4161,C10126,2026-01-25,Mobile,Inquiry
I4162,C10534,2025-07-19,Mobile,Login
I4163,C10439,2025-01-22,Mobile,Purchase
I4164,C10942,2025-05-17,Call,Support
I4165,C10697,2026-06-25,Branch,Inquiry
I4166,C10401,2026-06-25,Branch,Support
I4167,C10964,2025-12-28,Email,Support
I4168,C10110,2025-08-18,Web,Support
I4169,C10033,2026-03-15,Web,Inquiry
I4170,C10572,2026-05-25,Web,Purchase
I4171,C10092,2025-08-14,Mobile,Inquiry
I4172,C10261,2026-06-01,Branch,Complaint
I4173,C10728,2025-11-01,Call,Login
I4174,C10851,2025-02-13,Email,Login
I4175,C10755,2025-08-12,Mobile,Support
I4176,C10641,2026-04-02,Mobile,Complaint
I4177,C10266,2025-11-10,Call,Support
I4178,C10650,2025-07-19,Email,Login
I4179,C10570,2026-03-24,Branch,Support
I4180,C10004,2025-02-20,Branch,Purchase
I4181,C10639,2026-01-20,Call,Login
I4182,C10305,2025-12-05,Call,Purchase
I4183,C10561,2025-08-01,Branch,Inquiry
I4184,C10609,2025-10-07,Web,Inquiry
I4185,C10293,2026-05-21,Call,Inquiry
I4186,C10695,2025-08-29,Call,Login
I4187,C10052,2025-09-03,Web,Login
I4188,C10014,2025-06-07,Web,Complaint
I4189,C10949,2026-03-28,Mobile,Support
I4190,C10776,2026-02-25,Web,Support
I4191,C10677,2025-07-26,Email,Support
I4192,C10111,2026-01-03,Email,Complaint
I4193,C10486,2025-11-30,Branch,Login
I4194,C10835,2025-04-29,Mobile,Purchase
I4195,C10525,2026-07-09,Mobile,Login
I4196,C10465,2026-05-04,Mobile,Purchase
I4197,C10857,2026-05-01,Mobile,Support
I4198,C10706,2025-03-23,Mobile,Support
I4199,C10911,2025-01-14,Branch,Complaint
I4200,C10564,2026-05-29,Branch,Purchase
I4201,C10012,2026-01-29,Mobile,Purchase
I4202,C10152,2026-03-05,Call,Support
I4203,C10698,2025-05-28,Web,Support
I4204,C10869,2025-07-09,Email,Support
I4205,C10557,2026-07-18,Branch,Support
I4206,C10603,2026-03-09,Email,Complaint
I4207,C10550,2025-02-18,Email,Inquiry
I4208,C10181,2026-07-17,Web,Inquiry
I4209,C10924,2025-03-30,Mobile,Complaint
I4210,C10676,2025-12-05,Call,Inquiry
I4211,C10530,2026-03-02,Mobile,Support
I4212,C10693,2026-08-16,Branch,Complaint
I4213,C10184,2026-08-18,Web,Login
I4214,C10835,2025-01-08,Call,Support
I4215,C10680,2026-02-06,Web,Login
I4216,C10907,2026-08-11,Email,Support
I4217,C10109,2026-02-19,Call,Inquiry
I4218,C10833,2025-12-30,Email,Complaint
I4219,C10968,2026-08-11,Call,Inquiry
I4220,C10408,2026-05-22,Call,Inquiry
I4221,C10225,2025-02-04,Branch,Login
I4222,C10574,2026-08-01,Web,Support
I4223,C10800,2025-08-25,Email,Purchase
I4224,C10376,2025-06-23,Mobile,Complaint
I4225,C10599,2025-02-01,Branch,Purchase
I4226,C10615,2025-05-05,Mobile,Purchase
I4227,C10583,2025-02-27,Email,Inquiry
I4228,C10975,2025-12-08,Mobile,Inquiry
I4229,C10886,2026-01-06,Call,Complaint
I4230,C10191,2025-05-28,Web,Support
I4231,C10401,2026-02-24,Web,Complaint
I4232,C10262,2026-06-24,Branch,Support
I4233,C10877,2025-11-21,Email,Support
I4234,C10848,2026-01-21,Mobile,Login
I4235,C10957,2026-02-20,Mobile,Purchase
I4236,C10778,2026-07-07,Mobile,Login
I4237,C10894,2026-03-06,Call,Login
I4238,C10771,2026-06-14,Email,Login
I4239,C10426,2025-02-20,Email,Inquiry
I4240,C10158,2025-09-16,Call,Purchase
I4241,C10418,2025-07-13,Email,Inquiry
I4242,C10260,2025-05-10,Web,Support
I4243,C10740,2026-05-29,Mobile,Complaint
I4244,C10872,2025-02-12,Call,Complaint
I4245,C10646,2026-02-13,Call,Login
I4246,C10092,2025-09-04,Mobile,Support
I4247,C10774,2026-07-14,Web,Support
I4248,C10112,2025-04-12,Mobile,Complaint
I4249,C10738,2026-01-12,Email,Support
I4250,C10779,2025-03-25,Mobile,Inquiry
I4251,C10438,2026-02-21,Call,Purchase
I4252,C10722,2026-04-23,Branch,Purchase
I4253,C10616,2025-06-16,Mobile,Complaint
I4254,C10447,2026-02-11,Web,Inquiry
I4255,C10155,2025-03-14,Mobile,Login
I4256,C10332,2025-03-07,Call,Inquiry
I4257,C10249,2025-05-26,Mobile,Login
I4258,C10974,2026-05-04,Mobile,Purchase
I4259,C10819,2025-10-21,Mobile,Login
I4260,C10076,2025-05-10,Email,Purchase
I4261,C10984,2025-03-06,Call,Purchase
I4262,C10260,2026-06-18,Branch,Inquiry
I4263,C10216,2025-10-12,Branch,Purchase
I4264,C10639,2025-04-09,Mobile,Complaint
I4265,C10841,2025-10-05,Call,Support
I4266,C10619,2025-06-14,Web,Complaint
I4267,C10574,2025-07-16,Email,Purchase
I4268,C10088,2025-05-18,Call,Support
I4269,C10111,2025-08-01,Email,Purchase
I4270,C10587,2025-10-12,Email,Support
I4271,C10639,2025-02-06,Email,Inquiry
I4272,C10224,2025-06-18,Email,Complaint
I4273,C10192,2025-11-03,Branch,Purchase
I4274,C10098,2025-01-22,Email,Login
I4275,C10656,2025-12-07,Branch,Inquiry
I4276,C10081,2025-07-30,Mobile,Purchase
I4277,C10712,2025-08-05,Branch,Purchase
I4278,C10506,2025-12-03,Call,Inquiry
I4279,C10722,2025-02-24,Web,Inquiry
I4280,C10189,2026-03-06,Call,Login
I4281,C10026,2026-04-18,Call,Inquiry
I4282,C10727,2025-10-22,Email,Complaint
I4283,C10838,2025-09-15,Web,Complaint
I4284,C10842,2026-01-28,Call,Complaint
I4285,C10828,2025-06-24,Call,Login
I4286,C10226,2025-08-31,Call,Support
I4287,C10809,2025-12-12,Mobile,Inquiry
I4288,C10619,2025-08-20,Web,Login
I4289,C10480,2026-07-06,Call,Complaint
I4290,C10359,2026-03-11,Web,Inquiry
I4291,C10093,2025-06-29,Call,Purchase
I4292,C10079,2026-08-14,Email,Complaint
I4293,C10718,2025-08-29,Branch,Support
I4294,C10032,2025-04-27,Branch,Login
I4295,C10471,2025-04-30,Branch,Purchase
I4296,C10747,2025-11-05,Branch,Complaint
I4297,C10057,2026-05-07,Web,Login
I4298,C10036,2025-04-06,Branch,Support
I4299,C10237,2025-04-11,Call,Purchase
I4300,C10134,2025-10-03,Email,Support
I4301,C10643,2025-05-29,Mobile,Inquiry
I4302,C10783,2025-09-25,Web,Purchase
I4303,C10024,2025-06-18,Web,Support
I4304,C10261,2025-01-06,Email,Purchase
I4305,C10432,2025-06-21,Mobile,Purchase
I4306,C10311,2026-04-19,Email,Inquiry
I4307,C10096,2025-05-01,Mobile,Login
I4308,C10758,2025-03-04,Branch,Purchase
I4309,C10141,2025-08-29,Branch,Complaint
I4310,C10876,2026-07-23,Branch,Inquiry
I4311,C10053,2025-08-13,Mobile,Purchase
I4312,C10336,2026-05-01,Email,Purchase
I4313,C10125,2025-03-23,Call,Login
I4314,C10548,2025-11-19,Call,Support
I4315,C10746,2025-03-09,Email,Login
I4316,C10157,2026-07-24,Call,Support
I4317,C10004,2026-05-13,Call,Inquiry
I4318,C10804,2025-03-26,Web,Support
I4319,C10534,2025-08-21,Call,Support
I4320,C10581,2026-07-17,Branch,Login
I4321,C10770,2025-02-10,Email,Purchase
I4322,C10737,2025-06-13,Branch,Login
I4323,C10165,2026-08-18,Mobile,Inquiry
I4324,C10007,2025-08-11,Mobile,Inquiry
I4325,C10858,2026-05-25,Call,Login
I4326,C10534,2025-11-22,Call,Purchase
I4327,C10496,2025-08-12,Call,Purchase
I4328,C10164,2026-07-30,Web,Support
I4329,C10551,2025-05-24,Email,Login
I4330,C10393,2026-01-21,Email,Complaint
I4331,C10633,2025-07-07,Web,Login
I4332,C10606,2026-02-17,Mobile,Login
I4333,C10431,2026-06-03,Mobile,Complaint
I4334,C10538,2026-02-06,Web,Support
I4335,C10022,2025-09-09,Branch,Login
I4336,C10450,2026-03-22,Web,Purchase
I4337,C10566,2026-01-29,Call,Purchase
I4338,C10757,2026-08-30,Mobile,Inquiry
I4339,C10889,2025-11-07,Branch,Purchase
I4340,C10225,2025-03-12,Mobile,Complaint
I4341,C10025,2025-08-07,Branch,Complaint
I4342,C10971,2026-05-23,Email,Support
I4343,C10211,2026-03-09,Web,Inquiry
I4344,C10145,2025-11-29,Call,Inquiry
I4345,C10085,2026-02-09,Call,Login
I4346,C10917,2025-07-05,Web,Complaint
I4347,C10480,2025-07-24,Branch,Support
I4348,C10939,2025-10-05,Call,Complaint
I4349,C10795,2025-03-18,Email,Login
I4350,C10460,2026-05-12,Call,Login
I4351,C10530,2025-04-29,Email,Inquiry
I4352,C10482,2025-03-13,Web,Login
I4353,C10602,2026-05-12,Email,Support
I4354,C10254,2026-02-19,Call,Purchase
I4355,C10004,2025-04-14,Branch,Login
I4356,C10513,2025-09-03,Call,Purchase
I4357,C10907,2026-06-24,Mobile,Purchase
I4358,C10013,2025-04-06,Branch,Support
I4359,C10282,2025-05-30,Mobile,Complaint
I4360,C10976,2025-03-05,Web,Inquiry
I4361,C10379,2025-09-04,Web,Purchase
I4362,C10961,2025-04-06,Web,Complaint
I4363,C10318,2026-06-05,Web,Complaint
I4364,C10339,2026-01-17,Call,Support
I4365,C10878,2026-07-27,Call,Complaint
I4366,C10606,2025-07-20,Branch,Login
I4367,C10520,2026-03-22,Mobile,Purchase
I4368,C10280,2026-08-13,Web,Support
I4369,C10986,2025-08-28,Branch,Inquiry
I4370,C10420,2026-04-13,Call,Support
I4371,C10176,2025-06-12,Call,Inquiry
I4372,C10911,2025-11-06,Call,Inquiry
I4373,C10006,2026-03-06,Mobile,Support
I4374,C10151,2025-05-11,Call,Inquiry
I4375,C10789,2026-03-10,Call,Login
I4376,C10387,2025-01-06,Branch,Support
I4377,C10255,2025-01-18,Mobile,Login
I4378,C10587,2025-06-14,Mobile,Complaint
I4379,C10855,2025-12-27,Call,Purchase
I4380,C10727,2026-03-03,Email,Login
I4381,C10476,2026-06-08,Mobile,Support
I4382,C10276,2026-06-17,Mobile,Complaint
I4383,C10487,2026-03-19,Email,Support
I4384,C10786,2025-01-25,Branch,Support
I4385,C10861,2025-01-24,Branch,Complaint
I4386,C10863,2025-05-12,Call,Complaint
I4387,C10185,2026-08-23,Call,Purchase
I4388,C10244,2026-05-29,Mobile,Purchase
I4389,C10736,2025-06-11,Web,Purchase
I4390,C10532,2025-09-20,Branch,Login
I4391,C10799,2026-03-19,Email,Complaint
I4392,C10101,2026-04-29,Email,Support
I4393,C10054,2025-01-06,Email,Login
I4394,C10692,2026-08-23,Mobile,Login
I4395,C10274,2026-06-29,Mobile,Login
I4396,C10077,2026-06-20,Mobile,Login
I4397,C10779,2025-09-21,Branch,Complaint
I4398,C10524,2025-08-12,Branch,Inquiry
I4399,C10516,2026-07-29,Branch,Purchase
I4400,C10499,2025-08-19,Web,Support
I4401,C10917,2025-08-11,Web,Login
I4402,C10620,2026-01-30,Call,Support
I4403,C10208,2026-03-30,Web,Purchase
I4404,C10932,2025-01-16,Branch,Support
I4405,C10300,2026-04-15,Call,Support
I4406,C10170,2025-04-08,Email,Support
I4407,C10023,2025-05-27,Mobile,Purchase
I4408,C10714,2025-10-13,Call,Login
I4409,C10623,2026-02-25,Email,Complaint
I4410,C10334,2026-08-10,Web,Complaint
I4411,C10038,2025-09-17,Web,Login
I4412,C10121,2026-04-02,Web,Support
I4413,C10495,2025-08-04,Call,Support
I4414,C10778,2025-11-30,Email,Purchase
I4415,C10027,2025-01-09,Branch,Support
I4416,C10828,2025-03-05,Branch,Inquiry
I4417,C10815,2025-09-25,Email,Complaint
I4418,C10800,2025-06-06,Mobile,Purchase
I4419,C10847,2025-10-13,Email,Inquiry
I4420,C10767,2025-07-22,Web,Purchase
I4421,C10228,2025-02-10,Email,Login
I4422,C10269,2025-04-27,Branch,Inquiry
I4423,C10565,2025-12-01,Branch,Purchase
I4424,C10437,2026-05-25,Call,Support
I4425,C10877,2026-07-09,Web,Purchase
I4426,C10076,2025-10-31,Web,Purchase
I4427,C10680,2025-08-12,Mobile,Support
I4428,C10959,2025-10-04,Email,Inquiry
I4429,C10922,2026-07-14,Call,Complaint
I4430,C10298,2025-01-11,Email,Support
I4431,C10523,2025-06-05,Email,Inquiry
I4432,C10640,2025-03-07,Web,Inquiry
I4433,C10456,2026-05-17,Web,Inquiry
I4434,C10446,2025-09-28,Web,Support
I4435,C10248,2025-09-12,Branch,Support
I4436,C10081,2025-10-20,Call,Complaint
I4437,C10492,2026-01-06,Email,Support
I4438,C10078,2025-09-27,Branch,Login
I4439,C10897,2025-01-04,Mobile,Complaint
I4440,C10156,2026-05-01,Email,Support
I4441,C10159,2025-06-17,Web,Inquiry
I4442,C10700,2025-02-05,Branch,Inquiry
I4443,C10826,2026-01-29,Call,Complaint
I4444,C10112,2026-06-05,Web,Login
I4445,C10800,2026-02-21,Email,Purchase
I4446,C10805,2026-07-16,Mobile,Support
I4447,C10415,2026-03-25,Web,Purchase
I4448,C10968,2026-02-21,Branch,Purchase
I4449,C10295,2025-01-15,Call,Purchase
I4450,C10886,2026-04-20,Branch,Support
I4451,C10154,2025-06-06,Branch,Login
I4452,C10975,2026-08-16,Branch,Purchase
I4453,C10384,2026-02-23,Mobile,Inquiry
I4454,C10854,2026-04-26,Email,Purchase
I4455,C10147,2025-11-13,Mobile,Support
I4456,C10221,2025-03-31,Branch,Support
I4457,C10261,2025-02-06,Web,Complaint
I4458,C10480,2025-08-05,Branch,Inquiry
I4459,C10043,2026-08-13,Mobile,Support
I4460,C10831,2026-03-19,Mobile,Purchase
I4461,C10872,2025-12-18,Web,Purchase
I4462,C10439,2025-01-10,Mobile,Support
I4463,C10442,2025-10-21,Call,Support
I4464,C10358,2025-12-27,Call,Inquiry
I4465,C10258,2025-01-11,Email,Complaint
I4466,C10011,2025-12-30,Mobile,Support
I4467,C10360,2026-01-02,Mobile,Complaint
I4468,C10148,2026-04-20,Mobile,Login
I4469,C10286,2026-01-25,Call,Purchase
I4470,C10580,2026-01-05,Web,Complaint
I4471,C10061,2025-02-07,Email,Login
I4472,C10084,2026-06-26,Branch,Inquiry
I4473,C10715,2026-06-10,Call,Inquiry
I4474,C10297,2025-01-06,Branch,Login
I4475,C10286,2026-08-13,Branch,Complaint
I4476,C10819,2025-03-14,Web,Login
I4477,C10821,2025-11-11,Email,Inquiry
I4478,C10226,2026-06-13,Email,Purchase
I4479,C10152,2025-05-21,Email,Complaint
I4480,C10835,2025-12-04,Mobile,Support
I4481,C10219,2025-06-02,Mobile,Login
I4482,C10926,2026-05-19,Call,Purchase
I4483,C10811,2025-10-12,Mobile,Purchase
I4484,C10550,2026-04-28,Branch,Inquiry
I4485,C10006,2025-08-21,Call,Purchase
I4486,C10239,2026-08-12,Call,Purchase
I4487,C10153,2026-03-12,Call,Purchase
I4488,C10763,2025-07-01,Email,Complaint
I4489,C10152,2025-11-12,Web,Login
I4490,C10736,2025-05-11,Call,Complaint
I4491,C10410,2026-07-18,Email,Login
I4492,C10016,2025-06-11,Mobile,Purchase
I4493,C10440,2025-07-02,Mobile,Support
I4494,C10776,2026-05-24,Mobile,Inquiry
I4495,C10787,2025-05-21,Web,Inquiry
I4496,C10532,2026-04-25,Mobile,Complaint
I4497,C10936,2025-11-24,Branch,Support
I4498,C10060,2026-03-13,Web,Login
I4499,C10935,2025-06-16,Branch,Purchase
I4500,C10941,2026-05-10,Email,Inquiry
I4501,C10008,2026-03-03,Mobile,Complaint
I4502,C10716,2025-08-19,Web,Support
I4503,C10958,2025-08-15,Call,Inquiry
I4504,C10707,2026-03-08,Mobile,Purchase
I4505,C10729,2025-06-29,Web,Support
I4506,C10535,2026-05-04,Call,Support
I4507,C10897,2026-02-07,Mobile,Support
I4508,C10286,2025-01-24,Mobile,Login
I4509,C10886,2025-04-01,Branch,Login
I4510,C10611,2025-08-14,Mobile,Support
I4511,C10385,2026-04-20,Web,Inquiry
I4512,C10353,2025-02-03,Email,Complaint
I4513,C10105,2025-06-21,Branch,Complaint
I4514,C10151,2025-10-07,Call,Purchase
I4515,C10070,2025-03-09,Call,Support
I4516,C10406,2026-02-21,Call,Login
I4517,C10046,2026-07-18,Mobile,Complaint
I4518,C10339,2026-05-09,Call,Login
I4519,C10109,2025-10-21,Branch,Inquiry
I4520,C10874,2026-07-17,Branch,Complaint
I4521,C10420,2026-03-18,Mobile,Inquiry
I4522,C10200,2026-02-04,Web,Login
I4523,C10246,2025-08-31,Mobile,Login
I4524,C10123,2025-01-24,Mobile,Complaint
I4525,C10953,2025-07-22,Call,Login
I4526,C10544,2025-04-12,Branch,Support
I4527,C10242,2026-07-01,Mobile,Login
I4528,C10701,2025-09-11,Email,Support
I4529,C10533,2026-06-07,Branch,Complaint
I4530,C10118,2026-03-26,Call,Purchase
I4531,C10418,2025-11-17,Email,Complaint
I4532,C10194,2026-06-26,Branch,Login
I4533,C10702,2026-05-04,Email,Inquiry
I4534,C10611,2025-09-03,Mobile,Support
I4535,C10024,2025-11-12,Call,Inquiry
I4536,C10847,2026-03-02,Email,Login
I4537,C10626,2025-03-13,Web,Support
I4538,C10455,2025-10-26,Call,Complaint
I4539,C10913,2025-11-19,Call,Purchase
I4540,C10184,2026-06-11,Mobile,Login
I4541,C10472,2025-08-27,Call,Purchase
I4542,C10246,2025-02-03,Mobile,Purchase
I4543,C10165,2025-09-24,Call,Support
I4544,C10948,2025-04-01,Branch,Login
I4545,C10820,2025-05-31,Mobile,Login
I4546,C10929,2025-07-12,Web,Complaint
I4547,C10766,2026-01-11,Branch,Purchase
I4548,C10916,2025-09-10,Web,Complaint
I4549,C10035,2025-10-17,Call,Inquiry
I4550,C10755,2025-12-28,Branch,Support
I4551,C10272,2026-08-24,Email,Inquiry
I4552,C10115,2025-08-05,Email,Login
I4553,C10125,2026-03-11,Call,Inquiry
I4554,C10429,2026-08-07,Web,Purchase
I4555,C10136,2025-01-16,Email,Support
I4556,C10629,2025-03-22,Call,Complaint
I4557,C10309,2025-02-18,Call,Inquiry
I4558,C10200,2025-10-21,Web,Purchase
I4559,C10282,2025-12-05,Call,Purchase
I4560,C10921,2025-08-10,Email,Login
I4561,C10502,2026-03-08,Branch,Purchase
I4562,C10017,2025-07-03,Email,Support
I4563,C10428,2025-02-25,Branch,Support
I4564,C10430,2026-02-15,Branch,Login
I4565,C10681,2026-04-13,Branch,Inquiry
I4566,C10208,2026-01-24,Web,Support
I4567,C10077,2025-12-18,Mobile,Inquiry
I4568,C10080,2025-11-19,Email,Purchase
I4569,C10287,2025-07-17,Web,Login
I4570,C10786,2026-02-14,Email,Login
I4571,C10459,2025-04-10,Call,Support
I4572,C10483,2025-07-22,Branch,Purchase
I4573,C10280,2025-03-23,Branch,Complaint
I4574,C10146,2025-06-18,Email,Complaint
I4575,C10591,2025-09-12,Web,Inquiry
I4576,C10030,2025-03-10,Web,Purchase
I4577,C10293,2025-08-05,Email,Support
I4578,C10982,2025-03-13,Mobile,Support
I4579,C10959,2025-06-18,Call,Login
I4580,C10751,2026-07-22,Call,Purchase
I4581,C10147,2025-05-05,Email,Support
I4582,C10162,2026-07-12,Branch,Inquiry
I4583,C10674,2026-08-23,Mobile,Support
I4584,C10566,2026-06-02,Branch,Complaint
I4585,C10383,2026-08-28,Branch,Complaint
I4586,C10881,2025-08-11,Mobile,Purchase
I4587,C10355,2026-06-03,Call,Support
I4588,C10495,2025-01-25,Mobile,Login
I4589,C10313,2026-07-18,Mobile,Purchase
I4590,C10691,2026-01-01,Web,Purchase
I4591,C10664,2026-05-06,Call,Purchase
I4592,C10487,2025-10-03,Mobile,Complaint
I4593,C10858,2025-12-31,Web,Support
I4594,C10305,2025-09-02,Mobile,Support
I4595,C10581,2026-08-02,Web,Complaint
I4596,C10771,2025-11-28,Mobile,Login
I4597,C10627,2026-02-23,Mobile,Login
I4598,C10498,2025-11-28,Call,Support
I4599,C10595,2025-01-29,Branch,Purchase
I4600,C10648,2025-02-07,Web,Support
I4601,C10960,2025-02-23,Call,Login
I4602,C10212,2026-02-15,Call,Login
I4603,C10358,2026-07-16,Web,Support
I4604,C10151,2025-04-27,Email,Support
I4605,C10002,2025-02-17,Mobile,Inquiry
I4606,C10657,2025-12-26,Mobile,Support
I4607,C10723,2025-05-12,Branch,Complaint
I4608,C10238,2025-05-14,Call,Complaint
I4609,C10312,2026-02-09,Web,Inquiry
I4610,C10106,2025-10-08,Call,Inquiry
I4611,C10822,2026-05-28,Call,Support
I4612,C10673,2025-09-18,Branch,Purchase
I4613,C10308,2026-06-16,Call,Purchase
I4614,C10952,2026-08-15,Call,Complaint
I4615,C10703,2026-03-28,Web,Inquiry
I4616,C10685,2025-12-12,Email,Login
I4617,C10748,2026-03-26,Mobile,Inquiry
I4618,C10122,2025-09-16,Mobile,Support
I4619,C10895,2025-03-31,Call,Login
I4620,C10433,2026-01-14,Branch,Support
I4621,C10278,2026-07-19,Call,Support
I4622,C10286,2025-05-24,Email,Inquiry
I4623,C10439,2026-07-05,Email,Inquiry
I4624,C10652,2025-05-20,Web,Support
I4625,C10442,2026-06-26,Email,Login
I4626,C10730,2025-06-22,Call,Inquiry
I4627,C10090,2025-11-04,Email,Complaint
I4628,C10425,2025-10-19,Email,Support
I4629,C10290,2025-11-23,Email,Purchase
I4630,C10360,2025-08-03,Branch,Support
I4631,C10247,2025-08-12,Mobile,Login
I4632,C10177,2025-06-17,Branch,Login
I4633,C10405,2026-05-26,Branch,Inquiry
I4634,C10097,2026-03-08,Mobile,Inquiry
I4635,C10247,2025-02-16,Call,Purchase
I4636,C10541,2025-11-20,Branch,Complaint
I4637,C10446,2026-03-14,Call,Support
I4638,C10939,2026-01-22,Call,Complaint
I4639,C10072,2025-08-18,Email,Purchase
I4640,C10734,2026-03-26,Branch,Inquiry
I4641,C10784,2025-04-15,Mobile,Support
I4642,C10271,2025-08-15,Email,Support
I4643,C10355,2025-11-13,Call,Complaint
I4644,C10425,2025-07-02,Mobile,Inquiry
I4645,C10997,2025-04-18,Email,Login
I4646,C10001,2025-10-23,Email,Complaint
I4647,C10863,2026-03-27,Mobile,Inquiry
I4648,C10036,2026-04-16,Web,Complaint
I4649,C10034,2025-06-16,Email,Inquiry
I4650,C10563,2025-07-18,Email,Purchase
I4651,C10882,2026-04-09,Email,Complaint
I4652,C10061,2026-05-11,Email,Inquiry
I4653,C10969,2025-04-08,Email,Purchase
I4654,C10644,2026-02-20,Email,Login
I4655,C10039,2025-01-31,Call,Support
I4656,C10181,2026-01-23,Email,Complaint
I4657,C10747,2026-04-06,Call,Complaint
I4658,C10188,2026-06-03,Web,Inquiry
I4659,C10199,2026-02-25,Mobile,Purchase
I4660,C10368,2025-01-15,Email,Support
I4661,C10115,2026-07-27,Branch,Purchase
I4662,C10007,2025-03-30,Web,Complaint
I4663,C10359,2026-02-24,Email,Complaint
I4664,C10664,2026-07-14,Web,Purchase
I4665,C10341,2025-05-26,Web,Login
I4666,C10779,2026-07-24,Call,Complaint
I4667,C10720,2025-04-28,Web,Purchase
I4668,C10038,2025-07-30,Branch,Support
I4669,C10227,2025-01-23,Mobile,Complaint
I4670,C10571,2025-05-28,Mobile,Inquiry
I4671,C10910,2026-06-11,Branch,Login
I4672,C10180,2026-03-22,Branch,Support
I4673,C10477,2025-12-27,Branch,Purchase
I4674,C10317,2025-09-03,Web,Inquiry
I4675,C10145,2026-03-08,Email,Support
I4676,C10602,2025-09-17,Call,Support
I4677,C10570,2026-04-03,Web,Inquiry
I4678,C10309,2026-03-11,Web,Inquiry
I4679,C10650,2026-04-30,Email,Support
I4680,C10697,2026-01-14,Branch,Support
I4681,C10292,2025-07-02,Call,Support
I4682,C10887,2026-04-09,Mobile,Complaint
I4683,C10322,2025-09-21,Call,Purchase
I4684,C10862,2026-09-01,Mobile,Purchase
I4685,C10164,2026-07-09,Web,Inquiry
I4686,C10280,2025-12-10,Branch,Support
I4687,C10773,2026-01-31,Branch,Support
I4688,C10098,2026-06-03,Branch,Login
I4689,C10435,2026-03-12,Branch,Support
I4690,C10325,2025-06-21,Call,Complaint
I4691,C10462,2025-02-19,Branch,Complaint
I4692,C10290,2025-03-30,Web,Login
I4693,C10715,2026-05-14,Mobile,Support
I4694,C10134,2025-08-15,Mobile,Login
I4695,C10824,2026-05-04,Email,Login
I4696,C10125,2026-07-30,Branch,Complaint
I4697,C10442,2026-05-22,Mobile,Inquiry
I4698,C10810,2025-07-01,Branch,Login
I4699,C10021,2026-02-25,Web,Support
I4700,C10745,2026-04-06,Email,Complaint
I4701,C10667,2026-08-19,Web,Inquiry
I4702,C10395,2025-05-25,Email,Support
I4703,C10118,2026-02-10,Mobile,Inquiry
I4704,C10040,2025-06-03,Call,Purchase
I4705,C10951,2025-05-22,Email,Inquiry
I4706,C10720,2025-07-28,Mobile,Purchase
I4707,C10714,2026-03-07,Email,Login
I4708,C10364,2025-10-04,Web,Purchase
I4709,C10573,2025-11-01,Email,Complaint
I4710,C10745,2025-01-18,Web,Inquiry
I4711,C10080,2026-03-10,Mobile,Support
I4712,C10599,2025-10-24,Web,Purchase
I4713,C10051,2025-02-13,Mobile,Inquiry
I4714,C10079,2025-09-25,Call,Support
I4715,C10399,2025-01-27,Call,Inquiry
I4716,C10496,2025-04-30,Web,Login
I4717,C10295,2026-05-13,Branch,Login
I4718,C10149,2025-06-29,Call,Inquiry
I4719,C10471,2025-12-29,Web,Complaint
I4720,C10490,2025-07-30,Mobile,Login
I4721,C10644,2025-03-02,Email,Purchase
I4722,C10988,2026-07-09,Web,Purchase
I4723,C10286,2025-07-17,Branch,Login
I4724,C10312,2025-09-24,Mobile,Support
I4725,C10473,2026-06-24,Branch,Login
I4726,C10107,2026-08-26,Email,Inquiry
I4727,C10141,2025-02-13,Branch,Support
I4728,C10949,2025-07-13,Mobile,Support
I4729,C10182,2025-10-30,Web,Login
I4730,C10266,2025-03-01,Web,Purchase
I4731,C10116,2026-06-22,Branch,Inquiry
I4732,C10672,2025-11-19,Call,Inquiry
I4733,C10520,2025-02-14,Mobile,Complaint
I4734,C10047,2025-03-14,Call,Login
I4735,C10020,2025-08-03,Email,Complaint
I4736,C10569,2025-02-15,Mobile,Purchase
I4737,C10220,2026-03-19,Web,Support
I4738,C10162,2026-05-31,Mobile,Login
I4739,C10176,2025-06-30,Email,Purchase
I4740,C10427,2025-10-11,Mobile,Support
I4741,C10514,2026-08-25,Mobile,Inquiry
I4742,C10282,2026-04-06,Call,Complaint
I4743,C10497,2026-02-16,Email,Purchase
I4744,C10667,2025-04-28,Call,Login
I4745,C10365,2025-01-06,Call,Inquiry
I4746,C10755,2025-12-09,Mobile,Purchase
I4747,C10983,2026-08-26,Web,Complaint
I4748,C10576,2026-03-06,Web,Purchase
I4749,C10120,2025-04-07,Call,Complaint
I4750,C10029,2025-08-03,Mobile,Purchase
I4751,C10959,2025-09-09,Call,Support
I4752,C10856,2025-01-27,Email,Purchase
I4753,C10823,2025-01-31,Mobile,Complaint
I4754,C10939,2026-02-03,Web,Purchase
I4755,C10272,2025-10-24,Email,Support
I4756,C10455,2026-05-07,Web,Complaint
I4757,C10744,2025-08-27,Email,Purchase
I4758,C10463,2025-09-19,Branch,Support
I4759,C10558,2026-07-14,Call,Inquiry
I4760,C10936,2025-02-07,Web,Inquiry
I4761,C10950,2026-04-20,Branch,Support
I4762,C10200,2025-01-26,Branch,Purchase
I4763,C10887,2026-07-28,Call,Login
I4764,C10989,2025-12-21,Email,Login
I4765,C10686,2026-02-22,Web,Support
I4766,C10931,2025-11-06,Mobile,Complaint
I4767,C10090,2025-01-02,Web,Login
I4768,C10193,2025-06-19,Branch,Complaint
I4769,C10079,2025-05-27,Branch,Purchase
I4770,C10109,2025-02-05,Call,Complaint
I4771,C10530,2025-12-02,Mobile,Complaint
I4772,C10995,2025-09-19,Email,Inquiry
I4773,C10870,2025-12-29,Web,Purchase
I4774,C10362,2025-05-28,Call,Complaint
I4775,C10561,2026-06-28,Branch,Purchase
I4776,C10769,2025-09-12,Web,Complaint
I4777,C10464,2026-04-09,Web,Support
I4778,C10208,2025-07-24,Branch,Purchase
I4779,C10653,2025-02-23,Email,Support
I4780,C10853,2026-02-18,Email,Login
I4781,C10763,2025-05-29,Call,Login
I4782,C10309,2025-01-18,Web,Complaint
I4783,C10808,2026-01-22,Email,Inquiry
I4784,C10690,2025-04-05,Branch,Support
I4785,C10338,2025-06-23,Email,Purchase
I4786,C10913,2026-01-22,Mobile,Complaint
I4787,C10308,2026-05-03,Web,Complaint
I4788,C10604,2026-08-01,Branch,Login
I4789,C10458,2025-01-23,Call,Complaint
I4790,C10859,2025-07-07,Mobile,Purchase
I4791,C10962,2025-05-01,Email,Purchase
I4792,C10765,2025-11-30,Web,Inquiry
I4793,C10599,2026-03-14,Email,Purchase
I4794,C10301,2025-02-14,Web,Login
I4795,C10922,2025-05-25,Branch,Complaint
I4796,C10135,2025-10-26,Web,Inquiry
I4797,C10763,2025-08-03,Mobile,Support
I4798,C10379,2025-08-27,Email,Support
I4799,C10118,2026-04-30,Mobile,Complaint
I4800,C10214,2025-01-22,Web,Inquiry
I4801,C10852,2026-03-15,Mobile,Support
I4802,C10951,2026-04-19,Web,Purchase
I4803,C10717,2026-05-22,Branch,Login
I4804,C10570,2026-06-01,Email,Complaint
I4805,C10934,2025-08-11,Mobile,Purchase
I4806,C10169,2025-08-31,Web,Purchase
I4807,C10019,2026-04-25,Email,Purchase
I4808,C10632,2026-07-14,Call,Support
I4809,C10875,2026-02-17,Email,Login
I4810,C10188,2025-01-24,Call,Purchase
I4811,C10743,2025-08-27,Branch,Complaint
I4812,C10462,2026-06-05,Call,Purchase
I4813,C10754,2025-10-04,Mobile,Inquiry
I4814,C10133,2025-12-05,Mobile,Login
I4815,C10519,2025-02-25,Email,Support
I4816,C10756,2026-02-14,Branch,Inquiry
I4817,C10494,2026-02-06,Email,Complaint
I4818,C10444,2025-06-24,Email,Support
I4819,C10334,2026-05-22,Email,Purchase
I4820,C10459,2025-11-18,Call,Login
I4821,C10480,2025-02-17,Call,Inquiry
I4822,C10265,2026-07-12,Email,Support
I4823,C10317,2026-04-03,Branch,Login
I4824,C10484,2026-02-21,Branch,Purchase
I4825,C10611,2026-05-29,Web,Support
I4826,C10692,2025-07-08,Web,Login
I4827,C10384,2025-11-14,Branch,Support
I4828,C10488,2026-05-20,Email,Complaint
I4829,C10768,2025-06-25,Branch,Support
I4830,C10377,2025-01-26,Call,Login
I4831,C10426,2026-06-13,Email,Complaint
I4832,C10246,2025-11-18,Email,Inquiry
I4833,C10664,2026-04-10,Email,Inquiry
I4834,C10809,2026-06-20,Web,Support
I4835,C10174,2026-04-04,Mobile,Support
I4836,C10818,2026-02-27,Email,Login
I4837,C10591,2025-06-21,Email,Purchase
I4838,C10938,2026-02-10,Email,Support
I4839,C10891,2026-05-06,Email,Login
I4840,C10923,2025-11-30,Web,Inquiry
I4841,C10590,2025-02-16,Mobile,Login
I4842,C10399,2025-07-12,Call,Inquiry
I4843,C10847,2025-11-03,Branch,Purchase
I4844,C10955,2025-06-16,Web,Purchase
I4845,C10037,2025-04-14,Email,Support
I4846,C10776,2025-09-11,Email,Complaint
I4847,C10020,2026-05-03,Email,Complaint
I4848,C10971,2025-08-23,Branch,Login
I4849,C10413,2025-12-30,Web,Purchase
I4850,C10585,2025-03-24,Web,Support
I4851,C10724,2026-06-19,Email,Support
I4852,C10797,2025-01-02,Email,Support
I4853,C10227,2026-05-25,Web,Purchase
I4854,C10233,2025-05-21,Call,Purchase
I4855,C10043,2026-05-03,Branch,Purchase
I4856,C10590,2025-06-19,Call,Login
I4857,C10297,2025-02-21,Mobile,Inquiry
I4858,C10667,2025-04-30,Mobile,Login
I4859,C10125,2026-03-31,Call,Complaint
I4860,C10557,2025-10-27,Web,Login
I4861,C10188,2026-06-13,Branch,Login
I4862,C10418,2025-07-29,Email,Complaint
I4863,C10592,2025-01-07,Call,Complaint
I4864,C10029,2025-05-07,Web,Login
I4865,C10850,2025-09-04,Branch,Purchase
I4866,C10536,2025-06-13,Web,Purchase
I4867,C10815,2025-10-22,Web,Support
I4868,C10876,2026-01-21,Web,Support
I4869,C10567,2026-01-25,Branch,Inquiry
I4870,C10896,2025-07-03,Mobile,Inquiry
I4871,C10248,2025-08-18,Mobile,Support
I4872,C10264,2026-07-15,Call,Login
I4873,C10498,2026-05-13,Web,Login
I4874,C10506,2025-01-19,Mobile,Login
I4875,C10765,2026-06-25,Email,Inquiry
I4876,C10297,2025-04-04,Mobile,Inquiry
I4877,C10701,2026-07-22,Call,Complaint
I4878,C10330,2026-05-24,Web,Login
I4879,C10313,2025-09-20,Mobile,Support
I4880,C10522,2025-11-07,Call,Complaint
I4881,C10787,2025-01-08,Call,Inquiry
I4882,C10071,2025-09-01,Email,Complaint
I4883,C10947,2025-11-06,Branch,Complaint
I4884,C10254,2026-05-10,Email,Support
I4885,C10543,2025-05-20,Mobile,Login
I4886,C10350,2026-07-02,Mobile,Inquiry
I4887,C10723,2026-05-01,Email,Support
I4888,C10580,2026-03-25,Call,Complaint
I4889,C10026,2026-02-03,Web,Support
I4890,C10631,2026-02-21,Email,Complaint
I4891,C10651,2025-06-10,Email,Purchase
I4892,C10798,2025-06-02,Branch,Inquiry
I4893,C10057,2025-06-30,Mobile,Support
I4894,C10230,2026-06-20,Call,Login
I4895,C10292,2026-06-16,Web,Complaint
I4896,C10924,2025-03-03,Email,Login
I4897,C10057,2026-05-24,Mobile,Support
I4898,C10336,2025-06-05,Branch,Support
I4899,C10935,2025-07-01,Call,Login
I4900,C10918,2025-11-03,Mobile,Complaint
I4901,C10480,2025-07-28,Email,Login
I4902,C10806,2025-11-24,Branch,Login
I4903,C10422,2026-03-30,Branch,Complaint
I4904,C10438,2026-01-09,Branch,Purchase
I4905,C10242,2025-06-10,Branch,Inquiry
I4906,C10387,2026-07-19,Mobile,Support
I4907,C10224,2026-06-03,Web,Login
I4908,C10262,2025-10-17,Branch,Support
I4909,C10904,2026-05-08,Web,Purchase
I4910,C10648,2026-03-01,Web,Login
I4911,C10260,2025-08-04,Call,Complaint
I4912,C10780,2026-05-28,Mobile,Complaint
I4913,C10919,2025-07-01,Mobile,Complaint
I4914,C10736,2025-06-27,Branch,Login
I4915,C10391,2026-07-13,Web,Support
I4916,C10766,2026-08-06,Email,Purchase
I4917,C10209,2025-03-08,Email,Support
I4918,C10120,2025-06-15,Web,Inquiry
I4919,C10795,2025-03-10,Branch,Complaint
I4920,C10780,2025-07-20,Branch,Purchase
I4921,C10458,2025-01-14,Mobile,Support
I4922,C10082,2026-05-26,Call,Complaint
I4923,C10863,2025-01-14,Branch,Complaint
I4924,C10605,2026-08-04,Web,Support
I4925,C10739,2026-04-09,Mobile,Inquiry
I4926,C10467,2025-06-27,Mobile,Login
I4927,C10516,2026-01-04,Web,Inquiry
I4928,C10230,2025-02-10,Email,Inquiry
I4929,C10578,2026-03-08,Branch,Purchase
I4930,C10301,2025-04-01,Call,Inquiry
I4931,C10508,2025-02-25,Web,Complaint
I4932,C10924,2026-07-27,Mobile,Login
I4933,C10765,2025-09-12,Call,Complaint
I4934,C10673,2026-06-19,Web,Purchase
I4935,C10572,2025-11-02,Branch,Login
I4936,C10124,2025-04-07,Call,Complaint
I4937,C10685,2025-03-04,Branch,Login
I4938,C10868,2025-02-08,Call,Login
I4939,C10529,2025-10-21,Call,Login
I4940,C10561,2025-08-05,Web,Inquiry
I4941,C10581,2025-10-31,Call,Login
I4942,C10601,2026-01-21,Call,Support
I4943,C10978,2025-08-23,Web,Purchase
I4944,C10294,2025-04-28,Web,Purchase
I4945,C10501,2025-12-25,Branch,Purchase
I4946,C10090,2025-08-03,Branch,Complaint
I4947,C10929,2026-06-20,Email,Support
I4948,C10161,2026-01-12,Branch,Login
I4949,C10597,2026-03-08,Branch,Complaint
I4950,C10607,2025-02-17,Branch,Support
I4951,C10112,2025-06-11,Call,Inquiry
I4952,C10752,2026-07-26,Email,Purchase
I4953,C10422,2025-01-09,Email,Support
I4954,C10850,2026-06-20,Call,Support
I4955,C10794,2025-02-27,Email,Purchase
I4956,C10087,2026-04-03,Branch,Complaint
I4957,C10558,2026-02-26,Branch,Login
I4958,C10605,2025-09-23,Web,Login
I4959,C10002,2026-04-14,Web,Complaint
I4960,C10326,2025-06-29,Email,Inquiry
I4961,C10170,2026-03-03,Web,Support
I4962,C10117,2025-12-03,Call,Complaint
I4963,C10953,2025-09-22,Call,Purchase
I4964,C10271,2026-07-17,Call,Purchase
I4965,C10170,2026-03-22,Call,Purchase
I4966,C10740,2026-03-26,Mobile,Purchase
I4967,C10850,2025-08-06,Call,Complaint
I4968,C10410,2026-02-28,Web,Inquiry
I4969,C10017,2025-02-21,Mobile,Login
I4970,C10173,2025-01-14,Mobile,Complaint
I4971,C10027,2025-03-20,Web,Support
I4972,C10659,2025-08-20,Branch,Purchase
I4973,C10397,2025-11-30,Branch,Purchase
I4974,C10385,2025-01-01,Branch,Inquiry
I4975,C10183,2025-12-08,Branch,Inquiry
I4976,C10926,2025-01-20,Call,Login
I4977,C10530,2025-06-04,Mobile,Support
I4978,C10212,2025-02-14,Call,Login
I4979,C10895,2025-04-21,Email,Purchase
I4980,C10168,2026-02-03,Branch,Inquiry
I4981,C10012,2025-06-30,Email,Login
I4982,C10759,2025-01-24,Web,Inquiry
I4983,C10060,2026-03-03,Call,Login
I4984,C10218,2025-05-08,Web,Support
I4985,C10438,2025-01-31,Web,Inquiry
I4986,C10964,2026-02-24,Email,Login
I4987,C10459,2026-03-18,Call,Complaint
I4988,C10066,2025-05-28,Web,Login
I4989,C10013,2026-06-15,Web,Purchase
I4990,C10283,2026-08-23,Branch,Purchase
I4991,C10304,2025-05-24,Email,Inquiry
I4992,C10531,2026-02-15,Mobile,Support
I4993,C10386,2026-01-25,Email,Complaint
I4994,C10167,2026-03-01,Web,Purchase
I4995,C10945,2026-03-12,Mobile,Purchase
I4996,C10186,2025-02-28,Web,Login
I4997,C10005,2026-04-28,Web,Login
I4998,C10438,2026-04-17,Branch,Support
I4999,C10153,2025-01-28,Mobile,Support
I5000,C10920,2025-03-18,Web,Purchase
I5001,C10338,2026-02-08,Call,Purchase
I5002,C10962,2026-07-23,Email,Login
I5003,C10054,2025-12-07,Call,Inquiry
I5004,C10105,2025-09-08,Mobile,Purchase
I5005,C10698,2025-03-25,Mobile,Login
I5006,C10216,2026-05-24,Email,Purchase
I5007,C10415,2025-07-17,Mobile,Support
I5008,C10348,2026-06-26,Email,Inquiry
I5009,C10280,2025-08-23,Mobile,Complaint
I5010,C10203,2026-04-16,Mobile,Inquiry
I5011,C10031,2025-07-01,Email,Inquiry
I5012,C10807,2025-10-13,Call,Complaint
I5013,C10106,2026-07-25,Email,Purchase
I5014,C10159,2025-07-01,Call,Support
I5015,C10802,2025-09-16,Branch,Complaint
I5016,C10005,2025-10-16,Branch,Support
I5017,C10748,2025-01-31,Email,Complaint
I5018,C10277,2026-07-18,Email,Purchase
I5019,C10081,2026-02-01,Email,Purchase
I5020,C10702,2025-12-04,Email,Purchase
I5021,C10464,2025-09-04,Branch,Purchase
I5022,C10671,2025-08-14,Call,Support
I5023,C10582,2025-10-31,Web,Complaint
I5024,C10449,2025-06-26,Branch,Support
I5025,C10901,2026-06-14,Branch,Support
I5026,C10907,2025-06-06,Email,Inquiry
I5027,C10567,2025-09-09,Call,Complaint
I5028,C10168,2026-07-17,Web,Login
I5029,C10751,2025-06-03,Email,Support
I5030,C10398,2025-07-19,Call,Complaint
I5031,C10141,2025-12-11,Mobile,Login
I5032,C10868,2026-08-14,Email,Complaint
I5033,C10354,2026-08-15,Branch,Inquiry
I5034,C10199,2025-05-16,Web,Purchase
I5035,C10397,2025-01-01,Mobile,Inquiry
I5036,C10890,2025-02-24,Branch,Purchase
I5037,C10783,2025-09-08,Branch,Purchase
I5038,C10439,2025-02-03,Branch,Login
I5039,C10300,2025-03-08,Email,Login
I5040,C10396,2025-09-04,Email,Purchase
I5041,C10134,2026-05-01,Web,Support
I5042,C10093,2026-01-15,Web,Inquiry
I5043,C10215,2025-06-28,Branch,Inquiry
I5044,C10856,2026-01-29,Mobile,Purchase
I5045,C10075,2025-11-01,Email,Purchase
I5046,C10239,2025-09-04,Web,Login
I5047,C10935,2025-01-16,Call,Inquiry
I5048,C10905,2025-06-13,Mobile,Purchase
I5049,C10340,2026-01-17,Mobile,Inquiry
I5050,C10680,2025-12-26,Branch,Complaint
I5051,C10411,2026-05-16,Email,Inquiry
I5052,C10903,2025-06-19,Web,Login
I5053,C10688,2025-01-30,Call,Complaint
I5054,C10581,2025-01-06,Mobile,Login
I5055,C10114,2026-02-28,Web,Support
I5056,C10568,2025-10-30,Email,Login
I5057,C10381,2026-01-14,Branch,Inquiry
I5058,C10882,2025-09-10,Mobile,Support
I5059,C10729,2026-08-20,Email,Purchase
I5060,C10066,2025-10-01,Web,Purchase
I5061,C10298,2025-03-19,Mobile,Purchase
I5062,C10306,2026-01-26,Mobile,Support
I5063,C10169,2025-04-06,Branch,Purchase
I5064,C10452,2025-11-03,Mobile,Complaint
I5065,C10641,2025-09-25,Email,Purchase
I5066,C10396,2025-11-13,Call,Inquiry
I5067,C10881,2025-01-27,Email,Complaint
I5068,C10886,2025-10-27,Web,Purchase
I5069,C10544,2025-10-04,Mobile,Inquiry
I5070,C10645,2025-07-21,Call,Login
I5071,C10118,2026-06-25,Call,Complaint
I5072,C10348,2025-12-14,Web,Complaint
I5073,C10016,2026-08-05,Email,Login
I5074,C10368,2025-08-12,Email,Complaint
I5075,C10026,2025-12-26,Branch,Support
I5076,C10853,2025-05-22,Web,Purchase
I5077,C10409,2026-04-13,Mobile,Login
I5078,C10940,2025-05-22,Branch,Support
I5079,C10627,2025-06-11,Email,Login
I5080,C10433,2026-04-19,Web,Login
I5081,C10073,2026-05-05,Web,Complaint
I5082,C10413,2025-01-08,Mobile,Login
I5083,C10569,2025-04-02,Branch,Complaint
I5084,C10399,2025-02-12,Mobile,Inquiry
I5085,C10828,2025-09-27,Web,Purchase
I5086,C10758,2025-11-24,Branch,Purchase
I5087,C10516,2026-03-21,Web,Inquiry
I5088,C10703,2026-08-26,Web,Inquiry
I5089,C10197,2025-01-22,Email,Support
I5090,C10977,2026-04-05,Branch,Inquiry
I5091,C10997,2026-05-24,Web,Inquiry
I5092,C10581,2026-04-18,Web,Complaint
I5093,C10192,2025-05-07,Branch,Login
I5094,C10544,2025-06-27,Email,Login
I5095,C10054,2025-05-17,Branch,Inquiry
I5096,C10701,2025-11-25,Branch,Support
I5097,C10733,2026-01-16,Mobile,Support
I5098,C10169,2025-06-18,Email,Complaint
I5099,C10707,2025-03-10,Mobile,Complaint
I5100,C10286,2025-09-27,Call,Inquiry
I5101,C10346,2026-07-12,Email,Purchase
I5102,C10961,2025-05-06,Mobile,Inquiry
I5103,C10225,2025-06-14,Email,Login
I5104,C10210,2025-11-03,Email,Inquiry
I5105,C10600,2025-09-20,Call,Inquiry
I5106,C10100,2025-03-12,Mobile,Inquiry
I5107,C10680,2025-04-14,Mobile,Support
I5108,C10865,2025-04-08,Branch,Login
I5109,C10659,2025-08-11,Branch,Complaint
I5110,C10432,2025-02-17,Call,Login
I5111,C10849,2025-03-27,Email,Login
I5112,C10977,2025-07-03,Mobile,Inquiry
I5113,C10841,2026-02-03,Email,Login
I5114,C10471,2025-09-15,Email,Support
I5115,C10086,2025-09-01,Mobile,Inquiry
I5116,C10211,2025-10-03,Mobile,Login
I5117,C10734,2026-05-02,Call,Purchase
I5118,C10279,2025-03-15,Call,Login
I5119,C10847,2025-10-02,Call,Purchase
I5120,C10879,2025-06-03,Mobile,Inquiry
I5121,C10420,2026-06-14,Branch,Support
I5122,C10656,2026-01-31,Web,Purchase
I5123,C10010,2025-06-02,Web,Complaint
I5124,C10785,2026-03-23,Mobile,Complaint
I5125,C10883,2025-08-05,Web,Purchase
I5126,C10276,2026-08-09,Email,Support
I5127,C10308,2026-05-25,Email,Inquiry
I5128,C10511,2025-12-03,Mobile,Login
I5129,C10732,2026-05-26,Email,Inquiry
I5130,C10371,2025-08-26,Web,Support
I5131,C10005,2025-04-29,Mobile,Inquiry
I5132,C10947,2025-05-21,Mobile,Complaint
I5133,C10083,2026-03-06,Email,Purchase
I5134,C10232,2026-04-07,Email,Purchase
I5135,C10340,2026-08-07,Web,Login
I5136,C10532,2025-05-30,Branch,Support
I5137,C10426,2025-05-10,Mobile,Complaint
I5138,C10965,2025-08-30,Call,Support
I5139,C10398,2025-01-31,Email,Inquiry
I5140,C10925,2026-01-28,Web,Purchase
I5141,C10033,2026-01-09,Web,Inquiry
I5142,C10963,2026-02-22,Call,Purchase
I5143,C10090,2025-10-12,Web,Inquiry
I5144,C10350,2025-01-05,Call,Complaint
I5145,C10026,2025-04-29,Call,Inquiry
I5146,C10842,2025-01-01,Branch,Support
I5147,C10117,2026-06-19,Mobile,Purchase
I5148,C10593,2025-07-19,Web,Inquiry
I5149,C10643,2025-07-26,Call,Support
I5150,C10332,2025-04-21,Branch,Purchase
I5151,C10752,2025-11-21,Call,Login
I5152,C10319,2025-09-29,Call,Support
I5153,C10119,2025-12-27,Branch,Support
I5154,C10959,2026-06-05,Mobile,Login
I5155,C10752,2026-06-19,Mobile,Support
I5156,C10583,2025-09-28,Mobile,Complaint
I5157,C10336,2026-08-16,Email,Purchase
I5158,C10886,2025-10-11,Web,Support
I5159,C10503,2025-10-05,Mobile,Support
I5160,C10996,2026-07-19,Web,Complaint
I5161,C10657,2025-02-17,Web,Login
I5162,C10505,2026-03-17,Call,Complaint
I5163,C10589,2026-02-17,Email,Support
I5164,C10163,2025-07-12,Call,Inquiry
I5165,C10861,2026-03-07,Web,Login
I5166,C10434,2026-07-26,Email,Inquiry
I5167,C10434,2025-07-07,Branch,Inquiry
I5168,C10806,2025-01-08,Web,Inquiry
I5169,C10595,2026-08-20,Email,Login
I5170,C10306,2026-04-14,Branch,Purchase
I5171,C10276,2025-04-15,Mobile,Complaint
I5172,C10884,2025-02-12,Email,Support
I5173,C10449,2025-05-16,Mobile,Purchase
I5174,C10232,2026-01-04,Mobile,Inquiry
I5175,C10654,2025-03-05,Branch,Login
I5176,C10313,2025-05-21,Call,Purchase
I5177,C10803,2025-09-18,Call,Purchase
I5178,C10496,2025-01-04,Branch,Inquiry
I5179,C10327,2026-08-23,Web,Purchase
I5180,C10149,2026-06-14,Mobile,Inquiry
I5181,C10766,2026-08-15,Mobile,Support
I5182,C10462,2026-05-29,Email,Inquiry
I5183,C10162,2025-10-09,Call,Complaint
I5184,C10914,2025-01-08,Branch,Inquiry
I5185,C10744,2026-02-21,Branch,Purchase
I5186,C10500,2025-10-28,Mobile,Purchase
I5187,C10026,2025-11-11,Web,Complaint
I5188,C10214,2025-03-30,Call,Purchase
I5189,C10235,2025-11-18,Web,Login
I5190,C10571,2026-05-26,Mobile,Support
I5191,C10770,2026-06-16,Web,Complaint
I5192,C10141,2025-06-25,Email,Inquiry
I5193,C10304,2026-05-25,Web,Login
I5194,C10025,2026-01-11,Call,Inquiry
I5195,C10204,2026-02-03,Branch,Login
I5196,C10957,2026-07-02,Branch,Complaint
I5197,C10731,2025-02-04,Branch,Support
I5198,C10107,2025-10-20,Email,Login
I5199,C10462,2025-07-22,Call,Support
I5200,C10423,2025-12-29,Web,Login
I5201,C10674,2025-04-14,Mobile,Inquiry
I5202,C10889,2025-10-08,Call,Support
I5203,C10469,2026-06-19,Call,Purchase
I5204,C10832,2026-03-13,Mobile,Purchase
I5205,C10786,2025-07-13,Call,Inquiry
I5206,C10779,2025-12-19,Branch,Login
I5207,C10226,2025-10-23,Web,Purchase
I5208,C10711,2025-01-22,Call,Complaint
I5209,C10288,2025-02-23,Branch,Login
I5210,C10076,2026-04-22,Mobile,Inquiry
I5211,C10529,2025-05-03,Branch,Support
I5212,C10272,2026-04-29,Mobile,Inquiry
I5213,C10884,2025-03-27,Email,Support
I5214,C10334,2025-08-17,Mobile,Purchase
I5215,C10949,2025-12-12,Web,Inquiry
I5216,C10493,2025-05-16,Branch,Support
I5217,C10144,2025-02-06,Branch,Purchase
I5218,C10184,2025-06-24,Call,Inquiry
I5219,C10258,2026-02-05,Email,Inquiry
I5220,C10723,2025-07-17,Email,Purchase
I5221,C10889,2025-12-22,Web,Complaint
I5222,C10429,2025-01-12,Web,Support
I5223,C10949,2025-12-21,Mobile,Support
I5224,C10394,2025-06-27,Branch,Inquiry
I5225,C10364,2025-12-06,Email,Support
I5226,C10593,2025-02-19,Branch,Support
I5227,C10999,2025-08-17,Call,Support
I5228,C10673,2026-01-29,Branch,Complaint
I5229,C10504,2026-07-24,Branch,Purchase
I5230,C10928,2025-09-16,Call,Support
I5231,C10413,2025-11-14,Call,Inquiry
I5232,C10470,2025-11-10,Web,Purchase
I5233,C10384,2026-03-21,Call,Purchase
I5234,C10471,2025-11-15,Web,Login
I5235,C10300,2025-07-18,Mobile,Login
I5236,C10056,2026-04-15,Branch,Complaint
I5237,C10196,2026-06-11,Email,Login
I5238,C10389,2026-03-23,Branch,Login
I5239,C10117,2025-06-21,Call,Complaint
I5240,C10944,2025-11-21,Mobile,Support
I5241,C10459,2025-06-17,Email,Complaint
I5242,C10270,2025-04-28,Call,Purchase
I5243,C10151,2025-07-25,Web,Purchase
I5244,C10567,2026-07-03,Branch,Login
I5245,C10621,2025-12-25,Call,Purchase
I5246,C10059,2026-02-09,Call,Complaint
I5247,C10555,2025-02-21,Branch,Login
I5248,C10499,2026-04-06,Call,Complaint
I5249,C10146,2026-07-24,Email,Complaint
I5250,C10009,2025-03-24,Call,Support
I5251,C10346,2025-02-04,Branch,Inquiry
I5252,C10883,2025-12-20,Call,Login
I5253,C10421,2026-04-03,Mobile,Support
I5254,C10790,2026-04-12,Call,Purchase
I5255,C10235,2026-03-09,Call,Inquiry
I5256,C10194,2025-02-06,Email,Login
I5257,C10448,2025-10-22,Web,Support
I5258,C10789,2025-06-04,Web,Login
I5259,C10666,2026-06-21,Mobile,Support
I5260,C10693,2026-08-08,Mobile,Complaint
I5261,C10793,2026-04-17,Call,Support
I5262,C10106,2026-01-14,Branch,Purchase
I5263,C10386,2025-01-04,Call,Support
I5264,C10828,2025-06-06,Call,Inquiry
I5265,C10070,2026-06-23,Mobile,Inquiry
I5266,C10341,2026-04-04,Mobile,Purchase
I5267,C10302,2026-05-05,Mobile,Purchase
I5268,C10900,2026-08-06,Call,Support
I5269,C10914,2025-09-14,Call,Inquiry
I5270,C10794,2025-12-14,Branch,Complaint
I5271,C10519,2026-01-04,Call,Inquiry
I5272,C10276,2025-08-26,Call,Purchase
I5273,C10475,2025-07-19,Call,Complaint
I5274,C10592,2026-02-25,Mobile,Support
I5275,C10623,2026-05-11,Email,Inquiry
I5276,C10963,2026-01-01,Email,Inquiry
I5277,C10110,2025-01-03,Email,Support
I5278,C10398,2025-08-10,Email,Login
I5279,C10411,2026-01-27,Mobile,Login
I5280,C10199,2025-06-10,Web,Complaint
I5281,C10076,2026-01-30,Branch,Inquiry
I5282,C10180,2025-02-27,Email,Login
I5283,C10199,2025-02-04,Branch,Purchase
I5284,C10852,2025-10-17,Mobile,Support
I5285,C10608,2026-03-26,Branch,Complaint
I5286,C10667,2026-08-07,Mobile,Complaint
I5287,C10846,2025-11-10,Mobile,Login
I5288,C10414,2025-12-05,Email,Inquiry
I5289,C10983,2025-10-10,Branch,Support
I5290,C10158,2025-09-23,Email,Inquiry
I5291,C10464,2025-10-01,Web,Support
I5292,C10439,2026-05-21,Web,Support
I5293,C10486,2026-07-01,Email,Inquiry
I5294,C10408,2025-05-24,Branch,Login
I5295,C10826,2026-06-04,Mobile,Support
I5296,C10234,2025-07-05,Web,Support
I5297,C10255,2025-02-13,Mobile,Complaint
I5298,C10006,2025-06-19,Mobile,Login
I5299,C10868,2025-03-14,Branch,Complaint
I5300,C10762,2025-08-21,Email,Purchase
I5301,C10889,2025-01-09,Mobile,Login
I5302,C10034,2025-01-15,Call,Inquiry
I5303,C10512,2025-04-19,Branch,Complaint
I5304,C10492,2025-12-08,Call,Purchase
I5305,C10070,2026-02-05,Email,Purchase
I5306,C10741,2025-11-11,Email,Complaint
I5307,C10547,2025-02-02,Email,Complaint
I5308,C10379,2025-06-12,Web,Support
I5309,C10702,2025-05-25,Branch,Complaint
I5310,C10055,2026-01-22,Branch,Support
I5311,C10035,2025-10-12,Branch,Purchase
I5312,C10983,2025-08-31,Branch,Support
I5313,C10964,2025-06-28,Mobile,Inquiry
I5314,C10356,2025-07-26,Call,Inquiry
I5315,C10435,2025-08-21,Email,Complaint
I5316,C10915,2025-05-12,Web,Support
I5317,C10897,2026-03-22,Mobile,Purchase
I5318,C10210,2025-06-27,Branch,Purchase
I5319,C10752,2025-07-10,Call,Inquiry
I5320,C10933,2025-12-27,Mobile,Purchase
I5321,C10313,2026-03-26,Mobile,Inquiry
I5322,C10478,2026-01-31,Mobile,Purchase
I5323,C10747,2025-05-05,Email,Purchase
I5324,C10898,2025-02-22,Call,Inquiry
I5325,C10508,2025-11-24,Mobile,Complaint
I5326,C10083,2025-01-09,Mobile,Purchase
I5327,C10547,2025-11-02,Web,Login
I5328,C10383,2025-12-08,Mobile,Login
I5329,C10179,2026-07-01,Branch,Complaint
I5330,C10920,2025-11-11,Web,Purchase
I5331,C10358,2026-04-27,Branch,Purchase
I5332,C10638,2026-08-24,Email,Complaint
I5333,C10384,2025-07-14,Email,Login
I5334,C10820,2025-12-05,Mobile,Support
I5335,C10349,2025-10-15,Mobile,Complaint
I5336,C10396,2025-08-22,Call,Complaint
I5337,C10058,2026-06-03,Call,Support
I5338,C10896,2025-10-14,Call,Complaint
I5339,C10625,2026-04-14,Call,Purchase
I5340,C10116,2025-09-23,Email,Complaint
I5341,C10457,2025-12-28,Web,Purchase
I5342,C10552,2025-04-12,Call,Purchase
I5343,C10408,2026-05-03,Email,Login
I5344,C10258,2025-03-11,Call,Support
I5345,C10133,2025-02-06,Branch,Login
I5346,C10140,2026-06-09,Web,Purchase
I5347,C10783,2025-12-29,Web,Inquiry
I5348,C10114,2025-04-23,Call,Complaint
I5349,C10562,2025-12-11,Mobile,Inquiry
I5350,C10090,2025-01-17,Web,Support
I5351,C10768,2025-06-22,Email,Support
I5352,C10102,2025-05-17,Email,Support
I5353,C10606,2025-07-24,Mobile,Login
I5354,C10551,2026-02-16,Branch,Purchase
I5355,C10436,2025-09-15,Web,Login
I5356,C10134,2026-03-11,Mobile,Support
I5357,C10904,2025-04-14,Web,Support
I5358,C10166,2025-05-29,Branch,Purchase
I5359,C10630,2026-06-16,Web,Support
I5360,C10531,2026-03-26,Branch,Inquiry
I5361,C10193,2025-10-22,Email,Support
I5362,C10552,2025-04-14,Email,Purchase
I5363,C10017,2025-05-15,Web,Inquiry
I5364,C10046,2025-02-22,Mobile,Inquiry
I5365,C10477,2025-01-22,Branch,Inquiry
I5366,C10427,2026-05-26,Web,Complaint
I5367,C10446,2025-01-16,Branch,Inquiry
I5368,C10235,2025-07-19,Call,Support
I5369,C10355,2025-02-20,Branch,Complaint
I5370,C10173,2025-03-05,Mobile,Login
I5371,C10601,2025-01-03,Call,Support
I5372,C10864,2025-01-05,Branch,Purchase
I5373,C10665,2026-02-03,Branch,Purchase
I5374,C10897,2025-10-21,Web,Complaint
I5375,C10565,2026-01-15,Branch,Purchase
I5376,C10111,2025-08-21,Email,Login
I5377,C10224,2025-08-30,Email,Login
I5378,C10171,2025-02-16,Mobile,Complaint
I5379,C10809,2025-11-19,Web,Login
I5380,C10567,2025-08-23,Call,Purchase
I5381,C10672,2026-03-09,Email,Inquiry
I5382,C10314,2026-03-16,Call,Inquiry
I5383,C10206,2026-06-20,Mobile,Inquiry
I5384,C10541,2025-12-25,Mobile,Support
I5385,C10532,2025-07-27,Web,Purchase
I5386,C10732,2025-10-21,Mobile,Login
I5387,C10456,2025-09-10,Mobile,Purchase
I5388,C10455,2026-05-08,Email,Login
I5389,C10033,2025-04-25,Web,Support
I5390,C10350,2026-01-18,Web,Purchase
I5391,C10919,2025-05-23,Call,Support
I5392,C10855,2026-03-26,Mobile,Complaint
I5393,C10359,2025-10-19,Branch,Inquiry
I5394,C10901,2025-01-20,Branch,Login
I5395,C10344,2026-06-05,Branch,Inquiry
I5396,C10197,2025-09-14,Mobile,Support
I5397,C10625,2026-05-31,Email,Support
I5398,C10411,2026-08-11,Email,Login
I5399,C10658,2026-04-12,Web,Support
I5400,C10924,2026-08-03,Web,Inquiry
I5401,C10898,2026-07-05,Branch,Login
I5402,C10972,2026-01-06,Mobile,Login
I5403,C10823,2026-01-04,Branch,Complaint
I5404,C10343,2025-04-28,Mobile,Support
I5405,C10756,2025-04-22,Web,Purchase
I5406,C10400,2025-02-07,Call,Support
I5407,C10635,2026-06-21,Call,Complaint
I5408,C10755,2025-08-26,Branch,Support
I5409,C10976,2026-04-21,Mobile,Support
I5410,C10793,2026-02-06,Email,Support
I5411,C10899,2026-01-04,Mobile,Support
I5412,C10993,2026-02-24,Mobile,Support
I5413,C10762,2025-09-25,Web,Purchase
I5414,C10878,2026-07-24,Call,Support
I5415,C10026,2026-04-18,Mobile,Purchase
I5416,C10145,2025-04-27,Web,Purchase
I5417,C10001,2026-08-30,Email,Purchase
I5418,C10542,2025-10-21,Branch,Purchase
I5419,C10197,2026-06-08,Branch,Login
I5420,C10842,2026-04-24,Call,Purchase
I5421,C10995,2025-07-26,Branch,Purchase
I5422,C10769,2026-06-26,Call,Support
I5423,C10790,2026-01-09,Web,Inquiry
I5424,C10875,2026-02-03,Mobile,Inquiry
I5425,C10107,2026-03-23,Call,Login
I5426,C10479,2025-03-16,Call,Complaint
I5427,C10369,2025-11-20,Email,Complaint
I5428,C10629,2026-02-22,Web,Login
I5429,C10770,2026-05-19,Mobile,Inquiry
I5430,C10621,2025-07-22,Branch,Purchase
I5431,C10669,2025-08-08,Email,Inquiry
I5432,C10747,2025-02-09,Email,Purchase
I5433,C10062,2025-12-06,Mobile,Inquiry
I5434,C10454,2025-01-30,Email,Complaint
I5435,C10489,2025-12-28,Mobile,Purchase
I5436,C10961,2026-04-07,Call,Purchase
I5437,C10612,2025-11-25,Web,Support
I5438,C10336,2025-01-20,Branch,Purchase
I5439,C10651,2026-08-14,Call,Support
I5440,C10278,2025-12-01,Mobile,Complaint
I5441,C10887,2025-06-17,Mobile,Login
I5442,C10493,2025-07-07,Email,Purchase
I5443,C10916,2026-06-21,Email,Complaint
I5444,C10824,2025-03-11,Web,Login
I5445,C10380,2026-02-11,Email,Purchase
I5446,C10772,2025-03-16,Call,Support
I5447,C10783,2026-08-28,Mobile,Support
I5448,C10984,2026-01-01,Web,Inquiry
I5449,C10778,2026-07-01,Call,Purchase
I5450,C10935,2026-04-21,Mobile,Support
I5451,C10909,2026-02-03,Mobile,Login
I5452,C10611,2026-08-09,Email,Support
I5453,C10723,2026-01-07,Web,Complaint
I5454,C10109,2025-06-29,Web,Support
I5455,C10115,2026-04-25,Branch,Login
I5456,C10964,2026-02-26,Email,Complaint
I5457,C10499,2025-03-15,Call,Purchase
I5458,C10256,2026-04-15,Mobile,Support
I5459,C10037,2025-06-30,Mobile,Login
I5460,C10321,2025-03-26,Email,Complaint
I5461,C10771,2025-02-24,Branch,Login
I5462,C10770,2026-08-25,Call,Login
I5463,C10176,2025-03-25,Branch,Login
I5464,C10331,2025-12-18,Web,Inquiry
I5465,C10077,2026-02-27,Email,Inquiry
I5466,C10731,2026-07-31,Web,Purchase
I5467,C10467,2026-02-16,Mobile,Support
I5468,C10659,2026-07-31,Email,Inquiry
I5469,C10022,2026-01-09,Call,Inquiry
I5470,C10604,2025-10-18,Web,Login
I5471,C10786,2025-11-08,Mobile,Login
I5472,C10014,2026-03-13,Branch,Support
I5473,C10784,2026-09-01,Email,Inquiry
I5474,C10771,2025-01-22,Branch,Support
I5475,C10603,2026-01-02,Web,Complaint
I5476,C10573,2025-01-31,Mobile,Support
I5477,C10126,2026-08-16,Call,Complaint
I5478,C10261,2025-06-14,Branch,Purchase
I5479,C10677,2025-12-18,Call,Complaint
I5480,C10178,2025-07-04,Email,Login
I5481,C10163,2026-05-01,Mobile,Purchase
I5482,C10874,2025-05-28,Call,Login
I5483,C10971,2025-08-30,Mobile,Purchase
I5484,C10959,2025-05-17,Branch,Purchase
I5485,C10460,2025-02-03,Branch,Inquiry
I5486,C10465,2026-05-26,Mobile,Inquiry
I5487,C10333,2025-11-16,Call,Inquiry
I5488,C10881,2025-10-26,Web,Support
I5489,C10387,2025-01-06,Email,Login
I5490,C10016,2026-03-02,Branch,Purchase
I5491,C10607,2025-02-18,Web,Login
I5492,C10076,2026-04-23,Email,Support
I5493,C10783,2025-01-24,Call,Complaint
I5494,C10722,2026-03-30,Call,Login
I5495,C10742,2026-04-02,Email,Complaint
I5496,C10567,2026-08-22,Branch,Inquiry
I5497,C10988,2025-12-19,Email,Complaint
I5498,C10608,2025-07-13,Branch,Support
I5499,C10353,2026-03-02,Web,Support
I5500,C10480,2026-06-29,Branch,Purchase
I5501,C10911,2026-02-24,Mobile,Purchase
I5502,C10181,2025-07-31,Mobile,Inquiry
I5503,C10201,2026-03-24,Branch,Inquiry
I5504,C10839,2026-06-23,Web,Complaint
I5505,C10142,2025-06-30,Email,Inquiry
I5506,C10040,2025-08-24,Email,Inquiry
I5507,C10995,2025-07-06,Mobile,Inquiry
I5508,C10621,2025-08-01,Call,Login
I5509,C10893,2025-10-27,Branch,Complaint
I5510,C10220,2025-11-23,Branch,Support
I5511,C10695,2025-09-17,Call,Inquiry
I5512,C10070,2026-01-04,Mobile,Purchase
I5513,C10909,2025-04-27,Web,Login
I5514,C10839,2025-12-10,Call,Login
I5515,C10765,2026-02-04,Branch,Inquiry
I5516,C10044,2025-05-24,Email,Support
I5517,C10829,2025-12-29,Web,Inquiry
I5518,C10802,2025-01-20,Email,Inquiry
I5519,C10125,2025-10-01,Branch,Support
I5520,C10274,2025-10-07,Email,Complaint
I5521,C10580,2026-03-17,Web,Complaint
I5522,C10769,2025-03-27,Email,Complaint
I5523,C10451,2026-05-26,Mobile,Login
I5524,C10666,2025-01-29,Branch,Support
I5525,C10391,2025-07-28,Mobile,Support
I5526,C10255,2026-07-02,Web,Support
I5527,C10782,2026-03-21,Web,Login
I5528,C10303,2025-01-25,Email,Inquiry
I5529,C10664,2025-03-22,Branch,Purchase
I5530,C10891,2026-08-20,Email,Support
I5531,C10474,2025-08-09,Branch,Purchase
I5532,C10554,2026-08-28,Web,Support
I5533,C10286,2025-10-17,Call,Purchase
I5534,C10739,2025-01-06,Email,Complaint
I5535,C10265,2026-02-02,Email,Inquiry
I5536,C10470,2025-01-20,Call,Purchase
I5537,C10464,2026-01-11,Branch,Inquiry
I5538,C10586,2026-05-31,Call,Login
I5539,C10011,2026-09-01,Email,Complaint
I5540,C10021,2025-05-21,Mobile,Complaint
I5541,C10034,2025-06-29,Mobile,Complaint
I5542,C10638,2026-08-10,Mobile,Inquiry
I5543,C10061,2025-07-18,Email,Complaint
I5544,C10773,2026-04-02,Mobile,Inquiry
I5545,C10842,2025-04-25,Branch,Complaint
I5546,C10923,2025-12-14,Email,Support
I5547,C10665,2025-10-12,Call,Complaint
I5548,C10628,2025-09-10,Web,Complaint
I5549,C10037,2025-04-23,Mobile,Inquiry
I5550,C10370,2026-07-01,Call,Complaint
I5551,C10133,2025-01-26,Email,Inquiry
I5552,C10408,2025-02-02,Call,Login
I5553,C10415,2025-07-30,Email,Complaint
I5554,C10179,2026-04-22,Mobile,Inquiry
I5555,C10997,2026-01-19,Branch,Login
I5556,C10946,2026-03-28,Email,Inquiry
I5557,C10681,2025-01-31,Email,Complaint
I5558,C10470,2025-08-26,Email,Support
I5559,C10618,2025-01-30,Mobile,Login
I5560,C10521,2026-08-05,Email,Support
I5561,C10686,2026-03-14,Mobile,Inquiry
I5562,C10428,2025-01-10,Mobile,Complaint
I5563,C10791,2026-05-06,Mobile,Support
I5564,C10287,2025-07-11,Email,Complaint
I5565,C10146,2025-02-08,Web,Support
I5566,C10927,2025-11-24,Branch,Complaint
I5567,C10450,2026-08-12,Branch,Complaint
I5568,C10923,2026-08-06,Mobile,Purchase
I5569,C10475,2025-01-11,Call,Purchase
I5570,C10093,2026-04-25,Web,Support
I5571,C10883,2026-07-23,Mobile,Support
I5572,C10742,2025-09-14,Web,Login
I5573,C10991,2025-10-19,Branch,Purchase
I5574,C10954,2025-10-18,Web,Support
I5575,C10430,2025-12-04,Call,Complaint
I5576,C10011,2025-01-25,Email,Login
I5577,C10470,2026-04-28,Email,Inquiry
I5578,C10532,2026-04-06,Web,Complaint
I5579,C10259,2025-03-26,Call,Complaint
I5580,C10816,2025-05-03,Web,Support
I5581,C10422,2025-07-03,Email,Purchase
I5582,C10414,2025-09-15,Mobile,Support
I5583,C10810,2026-04-30,Call,Inquiry
I5584,C10751,2025-05-22,Mobile,Support
I5585,C10216,2026-03-12,Email,Complaint
I5586,C10117,2026-01-17,Web,Login
I5587,C10032,2026-03-29,Branch,Support
I5588,C10427,2025-04-05,Call,Purchase
I5589,C10401,2025-12-30,Branch,Support
I5590,C10948,2025-05-18,Branch,Inquiry
I5591,C10028,2025-08-28,Web,Complaint
I5592,C10514,2026-03-25,Web,Support
I5593,C10719,2025-07-25,Call,Login
I5594,C10559,2025-02-01,Mobile,Login
I5595,C10662,2025-06-24,Mobile,Inquiry
I5596,C10022,2026-04-26,Branch,Complaint
I5597,C10329,2026-08-14,Branch,Support
I5598,C10848,2026-06-08,Web,Purchase
I5599,C10102,2026-06-03,Email,Purchase
I5600,C10504,2025-09-10,Branch,Complaint
I5601,C10753,2025-10-19,Web,Support
I5602,C10608,2025-01-31,Branch,Complaint
I5603,C10966,2025-05-29,Email,Login
I5604,C10796,2025-07-23,Branch,Support
I5605,C10420,2026-06-18,Branch,Login
I5606,C10811,2025-09-16,Call,Support
I5607,C10308,2026-03-18,Branch,Inquiry
I5608,C10447,2025-03-28,Web,Login
I5609,C10975,2025-05-30,Email,Login
I5610,C10966,2025-10-28,Email,Complaint
I5611,C10128,2025-12-08,Call,Login
I5612,C10447,2025-08-10,Email,Support
I5613,C10597,2025-05-06,Mobile,Complaint
I5614,C10763,2025-11-04,Call,Purchase
I5615,C10551,2025-01-30,Web,Inquiry
I5616,C10759,2025-10-07,Mobile,Complaint
I5617,C10123,2025-10-13,Email,Inquiry
I5618,C10764,2025-01-14,Mobile,Complaint
I5619,C10022,2025-01-03,Call,Login
I5620,C10441,2026-04-27,Web,Support
I5621,C10538,2025-07-13,Call,Complaint
I5622,C10546,2025-12-05,Branch,Purchase
I5623,C10819,2025-09-28,Mobile,Inquiry
I5624,C10205,2026-04-19,Branch,Complaint
I5625,C10928,2025-07-16,Email,Purchase
I5626,C10474,2026-05-10,Web,Login
I5627,C10420,2026-07-29,Web,Complaint
I5628,C10538,2025-09-25,Web,Login
I5629,C10454,2025-05-24,Email,Purchase
I5630,C10988,2025-01-06,Email,Complaint
I5631,C10039,2025-07-10,Branch,Purchase
I5632,C10420,2025-05-16,Branch,Support
I5633,C10987,2026-02-16,Call,Login
I5634,C10060,2025-08-18,Mobile,Login
I5635,C10751,2026-05-13,Call,Complaint
I5636,C10702,2025-07-29,Mobile,Support
I5637,C10664,2026-07-21,Email,Inquiry
I5638,C10535,2025-09-07,Call,Purchase
I5639,C10568,2025-02-07,Mobile,Support
I5640,C10768,2025-09-19,Email,Inquiry
I5641,C10789,2025-03-15,Call,Support
I5642,C10189,2025-01-07,Branch,Inquiry
I5643,C10584,2025-11-22,Mobile,Login
I5644,C10066,2026-05-12,Call,Support
I5645,C10829,2026-02-02,Mobile,Complaint
I5646,C10606,2025-05-20,Email,Purchase
I5647,C10103,2026-01-13,Email,Inquiry
I5648,C10814,2026-01-17,Email,Complaint
I5649,C10644,2025-04-27,Web,Inquiry
I5650,C10116,2026-07-17,Branch,Complaint
I5651,C10625,2025-01-13,Branch,Complaint
I5652,C10156,2025-05-23,Web,Complaint
I5653,C10131,2025-12-16,Mobile,Inquiry
I5654,C10725,2026-03-07,Web,Login
I5655,C10434,2025-09-08,Mobile,Purchase
I5656,C10366,2025-02-10,Email,Support
I5657,C10351,2025-02-01,Web,Purchase
I5658,C10412,2026-04-18,Mobile,Inquiry
I5659,C10739,2025-02-21,Call,Login
I5660,C10298,2025-05-21,Email,Inquiry
I5661,C10754,2026-06-03,Call,Support
I5662,C10726,2025-07-09,Email,Login
I5663,C10234,2025-03-28,Email,Complaint
I5664,C10240,2025-12-08,Mobile,Support
I5665,C10611,2026-08-21,Mobile,Support
I5666,C10447,2025-12-04,Email,Complaint
I5667,C10627,2026-06-24,Call,Inquiry
I5668,C10606,2026-01-19,Mobile,Purchase
I5669,C10425,2025-07-20,Mobile,Complaint
I5670,C10135,2025-04-03,Branch,Login
I5671,C10556,2025-03-10,Web,Complaint
I5672,C10252,2026-08-28,Mobile,Login
I5673,C10833,2026-05-09,Branch,Login
I5674,C10300,2025-05-22,Branch,Complaint
I5675,C10737,2025-04-30,Call,Inquiry
I5676,C10172,2026-07-15,Branch,Purchase
I5677,C10880,2026-01-23,Web,Purchase
I5678,C10786,2025-11-14,Email,Login
I5679,C10728,2026-06-28,Branch,Login
I5680,C10724,2025-03-25,Email,Inquiry
I5681,C10574,2025-07-04,Web,Support
I5682,C10070,2025-12-29,Web,Login
I5683,C10689,2026-03-07,Call,Complaint
I5684,C10442,2025-02-02,Email,Inquiry
I5685,C10493,2026-06-12,Email,Inquiry
I5686,C10548,2026-08-29,Call,Complaint
I5687,C10591,2025-03-25,Web,Purchase
I5688,C10754,2026-02-16,Branch,Inquiry
I5689,C10593,2025-12-02,Email,Login
I5690,C10570,2026-03-25,Branch,Complaint
I5691,C10073,2025-11-03,Branch,Login
I5692,C10767,2026-06-13,Mobile,Purchase
I5693,C10056,2026-07-16,Web,Complaint
I5694,C10831,2025-06-15,Mobile,Login
I5695,C10905,2025-06-29,Email,Support
I5696,C10240,2026-07-24,Email,Inquiry
I5697,C10479,2025-07-27,Mobile,Support
I5698,C10847,2026-07-31,Mobile,Purchase
I5699,C10424,2025-11-04,Email,Support
I5700,C10535,2026-07-09,Web,Login
I5701,C10813,2025-12-06,Branch,Purchase
I5702,C10221,2025-10-17,Branch,Complaint
I5703,C10730,2026-07-22,Web,Login
I5704,C10776,2025-07-31,Web,Inquiry
I5705,C10408,2026-02-18,Email,Login
I5706,C10259,2026-06-13,Branch,Complaint
I5707,C10021,2026-03-26,Web,Inquiry
I5708,C10914,2025-10-15,Branch,Purchase
I5709,C10237,2025-09-03,Web,Support
I5710,C10179,2025-10-01,Email,Inquiry
I5711,C10203,2025-05-18,Branch,Purchase
I5712,C10891,2025-03-29,Web,Login
I5713,C10929,2026-07-19,Email,Support
I5714,C10359,2026-06-18,Mobile,Login
I5715,C10663,2026-01-18,Branch,Login
I5716,C10814,2025-10-03,Web,Login
I5717,C10689,2025-10-16,Web,Inquiry
I5718,C10094,2026-01-25,Call,Complaint
I5719,C10304,2025-11-02,Email,Inquiry
I5720,C10231,2026-06-20,Email,Support
I5721,C10893,2026-06-09,Email,Login
I5722,C10138,2025-05-04,Branch,Complaint
I5723,C10525,2025-09-12,Web,Login
I5724,C10951,2026-08-28,Web,Purchase
I5725,C10312,2026-01-27,Call,Login
I5726,C10849,2025-05-26,Mobile,Complaint
I5727,C10337,2025-05-05,Branch,Login
I5728,C10245,2025-12-09,Mobile,Complaint
I5729,C10757,2025-01-31,Branch,Purchase
I5730,C10206,2025-10-21,Mobile,Purchase
I5731,C10898,2025-03-31,Email,Support
I5732,C10669,2025-09-19,Email,Support
I5733,C10894,2026-03-24,Web,Login
I5734,C10636,2026-03-23,Call,Support
I5735,C10431,2026-07-22,Mobile,Support
I5736,C10733,2025-06-17,Branch,Inquiry
I5737,C10845,2025-05-17,Email,Support
I5738,C10837,2026-03-01,Branch,Complaint
I5739,C10182,2025-05-12,Mobile,Purchase
I5740,C10304,2026-06-17,Mobile,Login
I5741,C10079,2025-03-05,Web,Login
I5742,C10961,2025-09-04,Email,Login
I5743,C10787,2026-04-03,Web,Support
I5744,C10372,2025-12-21,Call,Inquiry
I5745,C10638,2025-07-30,Branch,Complaint
I5746,C10667,2026-02-09,Web,Purchase
I5747,C10434,2025-07-31,Web,Login
I5748,C10418,2026-08-27,Mobile,Support
I5749,C10874,2025-05-25,Mobile,Purchase
I5750,C10891,2026-04-16,Call,Complaint
I5751,C10914,2026-04-29,Mobile,Complaint
I5752,C10262,2025-12-10,Branch,Complaint
I5753,C10764,2026-03-13,Call,Purchase
I5754,C10795,2025-05-25,Branch,Inquiry
I5755,C10969,2025-07-30,Web,Complaint
I5756,C10379,2025-12-28,Mobile,Purchase
I5757,C10525,2025-09-01,Mobile,Purchase
I5758,C10291,2025-07-08,Call,Complaint
I5759,C10589,2025-01-30,Branch,Inquiry
I5760,C10330,2025-12-02,Branch,Purchase
I5761,C10460,2026-06-03,Branch,Login
I5762,C10410,2026-07-27,Mobile,Support
I5763,C10458,2025-09-18,Call,Login
I5764,C10156,2025-12-27,Mobile,Login
I5765,C10568,2025-10-03,Web,Complaint
I5766,C10573,2026-05-25,Call,Support
I5767,C10545,2025-06-22,Call,Login
I5768,C10997,2025-06-04,Branch,Inquiry
I5769,C10034,2025-09-28,Branch,Complaint
I5770,C10990,2025-08-18,Branch,Purchase
I5771,C10975,2025-03-06,Call,Inquiry
I5772,C10053,2026-06-24,Web,Purchase
I5773,C10808,2026-08-27,Web,Login
I5774,C10365,2025-09-03,Branch,Inquiry
I5775,C10944,2026-04-01,Web,Inquiry
I5776,C10820,2025-01-27,Email,Support
I5777,C10260,2025-11-26,Call,Purchase
I5778,C10431,2025-05-05,Call,Purchase
I5779,C10645,2026-05-13,Mobile,Support
I5780,C10003,2025-04-18,Email,Support
I5781,C10878,2025-05-28,Call,Complaint
I5782,C10713,2025-02-23,Mobile,Login
I5783,C10180,2025-11-29,Branch,Support
I5784,C10591,2025-09-26,Branch,Login
I5785,C10429,2025-05-06,Email,Support
I5786,C10271,2026-08-18,Web,Purchase
I5787,C10134,2026-07-01,Mobile,Inquiry
I5788,C10597,2026-02-18,Email,Login
I5789,C10960,2025-06-30,Branch,Inquiry
I5790,C10242,2025-10-04,Email,Complaint
I5791,C10481,2025-12-27,Branch,Complaint
I5792,C10196,2026-02-27,Branch,Purchase
I5793,C10146,2025-05-13,Email,Login
I5794,C10213,2025-05-31,Email,Complaint
I5795,C10064,2026-06-18,Web,Inquiry
I5796,C10061,2025-10-24,Branch,Support
I5797,C10810,2026-05-31,Email,Login
I5798,C10775,2026-01-28,Call,Inquiry
I5799,C10872,2025-07-19,Email,Login
I5800,C10660,2025-04-03,Web,Support
I5801,C10904,2026-06-15,Web,Support
I5802,C10934,2026-05-04,Mobile,Purchase
I5803,C10903,2025-11-12,Call,Complaint
I5804,C10015,2025-11-21,Mobile,Inquiry
I5805,C10664,2025-10-22,Call,Inquiry
I5806,C10048,2025-10-29,Branch,Purchase
I5807,C10790,2026-03-27,Mobile,Login
I5808,C10362,2026-08-10,Call,Purchase
I5809,C10394,2025-06-02,Web,Inquiry
I5810,C10719,2025-05-11,Mobile,Purchase
I5811,C10294,2025-04-19,Mobile,Support
I5812,C10962,2025-01-03,Web,Complaint
I5813,C10994,2025-08-21,Web,Purchase
I5814,C10215,2025-09-20,Branch,Login
I5815,C10173,2025-09-17,Branch,Complaint
I5816,C10323,2026-07-02,Web,Inquiry
I5817,C10776,2025-10-24,Mobile,Login
I5818,C10138,2025-02-14,Mobile,Login
I5819,C10681,2026-08-27,Branch,Login
I5820,C10108,2026-01-03,Email,Complaint
I5821,C10938,2026-01-08,Branch,Complaint
I5822,C10694,2025-03-30,Web,Complaint
I5823,C10506,2025-03-18,Email,Purchase
I5824,C10404,2025-09-09,Branch,Purchase
I5825,C10474,2025-03-07,Web,Support
I5826,C10501,2025-05-15,Call,Support
I5827,C10902,2026-02-25,Web,Login
I5828,C10080,2026-06-25,Email,Inquiry
I5829,C10149,2025-01-26,Email,Purchase
I5830,C10922,2026-03-22,Call,Complaint
I5831,C10223,2026-01-24,Email,Login
I5832,C10878,2025-12-10,Mobile,Purchase
I5833,C10706,2026-02-17,Mobile,Complaint
I5834,C10202,2026-02-22,Branch,Support
I5835,C10290,2026-02-05,Branch,Inquiry
I5836,C10551,2025-01-23,Call,Complaint
I5837,C10091,2025-06-19,Web,Login
I5838,C10222,2026-04-06,Mobile,Purchase
I5839,C10128,2026-08-04,Branch,Login
I5840,C10255,2026-06-04,Email,Inquiry
I5841,C10991,2025-06-04,Call,Purchase
I5842,C10393,2025-05-26,Call,Login
I5843,C10350,2025-02-17,Email,Support
I5844,C10782,2026-05-31,Call,Purchase
I5845,C10153,2025-12-20,Branch,Support
I5846,C10705,2026-07-02,Branch,Support
I5847,C10487,2025-10-05,Branch,Inquiry
I5848,C10269,2026-08-05,Branch,Login
I5849,C10428,2026-04-27,Web,Purchase
I5850,C10132,2025-05-09,Web,Inquiry
I5851,C10066,2026-04-03,Mobile,Login
I5852,C10587,2026-06-29,Web,Inquiry
I5853,C10589,2026-04-03,Branch,Login
I5854,C10152,2026-08-25,Branch,Login
I5855,C10489,2025-12-09,Branch,Support
I5856,C10230,2026-01-02,Call,Login
I5857,C10923,2026-03-01,Mobile,Complaint
I5858,C10584,2025-05-25,Mobile,Complaint
I5859,C10269,2025-10-04,Email,Complaint
I5860,C10412,2025-02-19,Call,Support
I5861,C10835,2025-12-19,Call,Purchase
I5862,C10495,2025-10-06,Email,Purchase
I5863,C10302,2026-03-30,Branch,Login
I5864,C10415,2025-11-20,Branch,Purchase
I5865,C10232,2025-02-17,Email,Support
I5866,C10142,2025-02-09,Email,Purchase
I5867,C10025,2025-06-08,Mobile,Complaint
I5868,C10466,2025-09-06,Call,Purchase
I5869,C10024,2025-11-13,Email,Login
I5870,C10273,2026-05-03,Call,Purchase
I5871,C10541,2025-03-24,Mobile,Support
I5872,C10900,2025-01-13,Email,Support
I5873,C10394,2025-10-25,Branch,Purchase
I5874,C10033,2025-11-14,Web,Inquiry
I5875,C10455,2025-03-21,Mobile,Complaint
I5876,C10229,2025-09-27,Branch,Complaint
I5877,C10776,2026-04-16,Branch,Login
I5878,C10187,2026-01-28,Call,Purchase
I5879,C10826,2026-05-07,Mobile,Login
I5880,C10946,2026-08-20,Email,Login
I5881,C10128,2025-02-17,Branch,Support
I5882,C10757,2025-04-01,Web,Support
I5883,C10501,2025-04-10,Call,Inquiry
I5884,C10565,2025-07-18,Call,Complaint
I5885,C10695,2025-04-20,Mobile,Inquiry
I5886,C10532,2025-05-16,Mobile,Purchase
I5887,C10693,2025-11-16,Mobile,Inquiry
I5888,C10538,2025-08-29,Email,Purchase
I5889,C10399,2026-03-08,Branch,Complaint
I5890,C10748,2025-10-19,Web,Support
I5891,C10991,2025-06-08,Call,Complaint
I5892,C10955,2025-11-18,Call,Login
I5893,C10869,2026-06-21,Mobile,Inquiry
I5894,C10084,2025-01-17,Mobile,Inquiry
I5895,C10837,2026-01-31,Branch,Inquiry
I5896,C10548,2025-10-27,Email,Login
I5897,C10000,2025-01-07,Email,Purchase
I5898,C10071,2026-01-11,Web,Support
I5899,C10760,2026-04-13,Email,Inquiry
I5900,C10854,2025-12-31,Branch,Inquiry
I5901,C10235,2025-12-08,Email,Complaint
I5902,C10880,2026-04-27,Call,Login
I5903,C10806,2026-05-07,Web,Purchase
I5904,C10460,2026-03-28,Mobile,Support
I5905,C10255,2025-01-24,Web,Purchase
I5906,C10993,2026-06-30,Web,Complaint
I5907,C10516,2026-07-17,Mobile,Support
I5908,C10790,2025-05-31,Email,Complaint
I5909,C10053,2026-07-30,Mobile,Purchase
I5910,C10470,2025-08-13,Email,Purchase
I5911,C10139,2026-05-06,Mobile,Inquiry
I5912,C10864,2025-01-12,Web,Login
I5913,C10736,2026-05-15,Call,Support
I5914,C10500,2025-12-05,Email,Complaint
I5915,C10777,2025-12-18,Call,Login
I5916,C10501,2025-07-22,Mobile,Complaint
I5917,C10030,2025-04-11,Web,Login
I5918,C10393,2025-12-31,Email,Login
I5919,C10443,2026-04-01,Branch,Inquiry
I5920,C10804,2025-12-05,Mobile,Complaint
I5921,C10175,2026-01-02,Web,Support
I5922,C10829,2026-07-12,Email,Support
I5923,C10980,2025-03-02,Email,Purchase
I5924,C10002,2026-05-27,Email,Login
I5925,C10405,2025-04-10,Email,Complaint
I5926,C10649,2026-08-26,Mobile,Login
I5927,C10861,2026-06-18,Branch,Support
I5928,C10969,2026-03-26,Email,Purchase
I5929,C10536,2025-07-22,Email,Login
I5930,C10523,2025-03-20,Email,Complaint
I5931,C10428,2026-03-18,Email,Login
I5932,C10129,2025-07-04,Mobile,Inquiry
I5933,C10267,2026-06-02,Call,Support
I5934,C10263,2026-03-19,Call,Support
I5935,C10638,2025-08-02,Branch,Login
I5936,C10905,2026-01-11,Call,Purchase
I5937,C10232,2026-03-21,Mobile,Complaint
I5938,C10474,2026-07-09,Branch,Inquiry
I5939,C10937,2025-10-28,Branch,Support
I5940,C10466,2026-06-05,Branch,Inquiry
I5941,C10046,2025-10-17,Call,Support
I5942,C10821,2026-03-14,Call,Complaint
I5943,C10972,2026-08-27,Branch,Login
I5944,C10731,2025-04-06,Web,Purchase
I5945,C10200,2025-04-22,Call,Support
I5946,C10955,2025-08-14,Call,Support
I5947,C10306,2025-04-14,Branch,Complaint
I5948,C10688,2025-03-16,Email,Login
I5949,C10675,2025-06-04,Web,Inquiry
I5950,C10651,2025-01-01,Branch,Support
I5951,C10233,2025-06-14,Web,Inquiry
I5952,C10597,2026-04-19,Web,Login
I5953,C10297,2025-02-15,Web,Support
I5954,C10918,2026-05-21,Branch,Complaint
I5955,C10788,2026-04-20,Web,Purchase
I5956,C10076,2026-07-03,Mobile,Complaint
I5957,C10306,2025-04-12,Email,Purchase
I5958,C10684,2026-03-07,Web,Support
I5959,C10206,2026-05-21,Branch,Login
I5960,C10018,2025-12-11,Email,Complaint
I5961,C10077,2025-07-23,Mobile,Inquiry
I5962,C10552,2026-03-30,Web,Purchase
I5963,C10497,2026-08-04,Mobile,Complaint
I5964,C10763,2025-01-03,Email,Support
I5965,C10498,2025-06-12,Call,Complaint
I5966,C10363,2025-03-25,Call,Login
I5967,C10056,2025-01-19,Web,Login
I5968,C10032,2025-08-25,Branch,Complaint
I5969,C10765,2025-12-31,Mobile,Purchase
I5970,C10094,2025-10-18,Call,Purchase
I5971,C10407,2025-06-12,Branch,Support
I5972,C10511,2026-02-28,Branch,Complaint
I5973,C10593,2026-06-20,Email,Complaint
I5974,C10235,2026-05-01,Call,Support
I5975,C10939,2026-08-10,Branch,Purchase
I5976,C10794,2026-06-12,Email,Inquiry
I5977,C10085,2025-12-07,Branch,Complaint
I5978,C10969,2025-01-02,Mobile,Login
I5979,C10179,2026-03-31,Email,Purchase
I5980,C10328,2025-03-23,Email,Support
I5981,C10518,2025-04-16,Web,Purchase
I5982,C10308,2026-08-22,Call,Complaint
I5983,C10568,2026-04-26,Mobile,Complaint
I5984,C10224,2026-06-21,Web,Inquiry
I5985,C10183,2026-04-11,Mobile,Complaint
I5986,C10761,2026-02-01,Web,Login
I5987,C10077,2026-02-25,Email,Support
I5988,C10216,2025-05-31,Email,Support
I5989,C10713,2026-01-14,Web,Complaint
I5990,C10301,2025-03-12,Mobile,Inquiry
I5991,C10315,2025-09-16,Mobile,Login
I5992,C10648,2025-01-19,Call,Login
I5993,C10502,2025-08-20,Web,Purchase
I5994,C10688,2025-07-07,Call,Complaint
I5995,C10274,2025-09-05,Web,Inquiry
I5996,C10613,2025-11-26,Branch,Inquiry
I5997,C10890,2025-11-25,Email,Purchase
I5998,C10022,2026-06-08,Branch,Complaint
I5999,C10458,2025-02-04,Email,Support
I6000,C10050,2025-02-03,Email,Support
I6001,C10428,2025-01-22,Call,Purchase
I6002,C10877,2025-11-04,Email,Login
I6003,C10603,2025-01-06,Mobile,Login
I6004,C10194,2026-05-03,Web,Purchase
I6005,C10317,2026-03-21,Branch,Support
I6006,C10678,2026-08-24,Mobile,Login
I6007,C10328,2025-02-11,Call,Complaint
I6008,C10122,2025-06-20,Web,Complaint
I6009,C10564,2026-08-04,Branch,Purchase
I6010,C10604,2025-04-15,Email,Login
I6011,C10669,2026-01-08,Branch,Login
I6012,C10038,2025-03-26,Branch,Complaint
I6013,C10731,2025-01-26,Mobile,Complaint
I6014,C10908,2026-07-19,Branch,Purchase
I6015,C10378,2026-04-10,Email,Support
I6016,C10055,2026-01-03,Mobile,Complaint
I6017,C10872,2025-10-24,Call,Complaint
I6018,C10654,2025-04-08,Mobile,Complaint
I6019,C10628,2025-05-27,Mobile,Purchase
I6020,C10427,2025-02-08,Email,Inquiry
I6021,C10416,2025-04-17,Web,Complaint
I6022,C10781,2025-02-27,Branch,Support
I6023,C10291,2026-05-22,Email,Complaint
I6024,C10057,2025-10-22,Mobile,Inquiry
I6025,C10235,2026-03-07,Web,Login
I6026,C10358,2026-06-25,Mobile,Support
I6027,C10139,2025-08-04,Branch,Inquiry
I6028,C10525,2025-09-16,Email,Inquiry
I6029,C10797,2025-02-23,Branch,Login
I6030,C10338,2025-04-08,Call,Purchase
I6031,C10406,2026-06-05,Mobile,Purchase
I6032,C10593,2025-03-08,Branch,Support
I6033,C10512,2026-06-12,Email,Login
I6034,C10364,2026-07-03,Web,Inquiry
I6035,C10872,2026-01-17,Call,Purchase
I6036,C10244,2025-02-08,Call,Login
I6037,C10230,2026-08-26,Mobile,Complaint
I6038,C10416,2025-03-13,Branch,Support
I6039,C10795,2026-05-17,Email,Inquiry
I6040,C10183,2025-06-01,Mobile,Purchase
I6041,C10006,2025-03-01,Web,Login
I6042,C10274,2025-09-30,Mobile,Purchase
I6043,C10825,2026-02-01,Branch,Purchase
I6044,C10586,2026-05-23,Call,Login
I6045,C10701,2025-10-17,Web,Purchase
I6046,C10644,2025-04-18,Email,Complaint
I6047,C10754,2025-12-27,Web,Inquiry
I6048,C10000,2025-08-18,Branch,Support
I6049,C10010,2025-09-26,Mobile,Inquiry
I6050,C10914,2026-03-02,Web,Inquiry
I6051,C10445,2026-01-01,Call,Inquiry
I6052,C10306,2025-05-05,Web,Inquiry
I6053,C10266,2025-05-21,Branch,Login
I6054,C10049,2025-02-18,Mobile,Login
I6055,C10972,2026-08-13,Branch,Login
I6056,C10043,2025-03-18,Web,Complaint
I6057,C10149,2025-12-19,Web,Support
I6058,C10559,2025-05-21,Branch,Login
I6059,C10726,2025-07-09,Email,Inquiry
I6060,C10674,2025-06-03,Call,Complaint
I6061,C10554,2026-03-10,Call,Complaint
I6062,C10044,2025-01-01,Branch,Login
I6063,C10287,2026-02-04,Web,Purchase
I6064,C10250,2025-12-28,Call,Complaint
I6065,C10415,2026-06-13,Email,Inquiry
I6066,C10608,2026-04-29,Email,Inquiry
I6067,C10514,2025-08-24,Web,Complaint
I6068,C10832,2025-05-23,Branch,Login
I6069,C10123,2026-06-10,Branch,Purchase
I6070,C10414,2025-07-03,Call,Login
I6071,C10043,2025-04-27,Web,Support
I6072,C10401,2026-03-13,Email,Support
I6073,C10860,2026-08-13,Branch,Purchase
I6074,C10908,2026-08-03,Branch,Inquiry
I6075,C10260,2026-08-17,Call,Purchase
I6076,C10482,2025-09-27,Branch,Purchase
I6077,C10876,2025-02-04,Web,Purchase
I6078,C10232,2026-06-01,Branch,Support
I6079,C10012,2026-07-07,Mobile,Purchase
I6080,C10465,2025-07-04,Mobile,Support
I6081,C10263,2026-02-26,Mobile,Support
I6082,C10770,2025-05-15,Web,Login
I6083,C10372,2025-12-20,Email,Inquiry
I6084,C10155,2025-09-01,Web,Purchase
I6085,C10562,2025-05-06,Branch,Inquiry
I6086,C10534,2026-06-15,Web,Inquiry
I6087,C10350,2025-06-01,Branch,Inquiry
I6088,C10290,2026-04-07,Mobile,Inquiry
I6089,C10238,2025-06-27,Branch,Inquiry
I6090,C10649,2026-04-25,Web,Support
I6091,C10024,2026-08-29,Call,Support
I6092,C10724,2025-07-15,Mobile,Support
I6093,C10233,2025-04-18,Email,Inquiry
I6094,C10605,2025-10-16,Call,Purchase
I6095,C10715,2025-06-05,Mobile,Inquiry
I6096,C10156,2025-10-29,Web,Purchase
I6097,C10939,2026-02-17,Call,Login
I6098,C10979,2025-09-14,Web,Inquiry
I6099,C10624,2026-04-16,Email,Purchase
I6100,C10754,2026-01-18,Call,Inquiry
I6101,C10540,2026-04-06,Email,Purchase
I6102,C10094,2025-07-15,Web,Login
I6103,C10959,2025-09-20,Branch,Purchase
I6104,C10261,2025-08-24,Email,Support
I6105,C10542,2025-03-19,Email,Support
I6106,C10530,2025-03-31,Call,Support
I6107,C10087,2025-10-26,Mobile,Complaint
I6108,C10804,2026-05-27,Branch,Inquiry
I6109,C10715,2025-03-03,Branch,Inquiry
I6110,C10629,2026-07-21,Call,Support
I6111,C10361,2025-09-07,Email,Purchase
I6112,C10317,2026-06-28,Mobile,Login
I6113,C10761,2026-07-14,Branch,Inquiry
I6114,C10901,2026-07-04,Web,Inquiry
I6115,C10860,2026-07-18,Mobile,Purchase
I6116,C10468,2026-04-12,Call,Inquiry
I6117,C10830,2026-02-07,Web,Complaint
I6118,C10204,2025-05-23,Web,Complaint
I6119,C10586,2025-02-11,Email,Support
I6120,C10607,2025-08-10,Email,Inquiry
I6121,C10063,2026-08-29,Call,Login
I6122,C10972,2025-11-13,Web,Login
I6123,C10244,2025-11-07,Branch,Support
I6124,C10966,2025-05-14,Branch,Support
I6125,C10913,2026-06-06,Email,Inquiry
I6126,C10670,2025-06-14,Mobile,Inquiry
I6127,C10004,2025-09-15,Email,Complaint
I6128,C10821,2025-12-08,Web,Inquiry
I6129,C10647,2025-01-21,Branch,Purchase
I6130,C10941,2025-08-16,Web,Inquiry
I6131,C10022,2025-03-28,Branch,Support
I6132,C10047,2026-02-11,Branch,Support
I6133,C10922,2026-06-30,Web,Complaint
I6134,C10876,2025-12-01,Call,Support
I6135,C10405,2025-06-04,Mobile,Complaint
I6136,C10858,2025-10-19,Call,Complaint
I6137,C10188,2025-03-17,Branch,Support
I6138,C10508,2026-01-21,Email,Login
I6139,C10601,2026-04-07,Email,Login
I6140,C10492,2026-04-19,Web,Login
I6141,C10856,2025-12-04,Web,Purchase
I6142,C10996,2025-09-08,Call,Login
I6143,C10603,2025-03-05,Web,Purchase
I6144,C10927,2025-03-09,Mobile,Login
I6145,C10707,2025-08-15,Web,Inquiry
I6146,C10371,2026-07-17,Call,Inquiry
I6147,C10272,2025-04-03,Call,Complaint
I6148,C10025,2025-08-10,Mobile,Login
I6149,C10748,2026-08-13,Call,Purchase
I6150,C10545,2025-05-30,Mobile,Support
I6151,C10306,2025-11-09,Email,Inquiry
I6152,C10816,2026-06-13,Branch,Purchase
I6153,C10054,2025-07-24,Branch,Login
I6154,C10759,2025-09-19,Mobile,Complaint
I6155,C10964,2026-07-11,Branch,Support
I6156,C10166,2025-02-01,Branch,Complaint
I6157,C10505,2025-05-27,Mobile,Login
I6158,C10636,2025-08-02,Email,Purchase
I6159,C10588,2025-11-10,Call,Support
I6160,C10813,2026-05-08,Email,Complaint
I6161,C10998,2025-11-09,Web,Inquiry
I6162,C10210,2026-01-19,Mobile,Purchase
I6163,C10137,2025-05-02,Call,Complaint
I6164,C10401,2025-01-09,Mobile,Login
I6165,C10526,2026-08-02,Web,Purchase
I6166,C10407,2026-02-26,Web,Complaint
I6167,C10784,2026-03-26,Email,Support
I6168,C10607,2026-07-16,Branch,Complaint
I6169,C10456,2025-06-06,Web,Purchase
I6170,C10334,2026-09-01,Email,Login
I6171,C10024,2026-01-03,Call,Complaint
I6172,C10900,2025-10-01,Web,Login
I6173,C10466,2026-04-07,Branch,Complaint
I6174,C10052,2025-10-13,Email,Inquiry
I6175,C10321,2026-07-31,Branch,Login
I6176,C10460,2026-06-21,Email,Login
I6177,C10254,2026-06-17,Call,Support
I6178,C10547,2026-04-01,Email,Complaint
I6179,C10377,2025-09-22,Branch,Login
I6180,C10486,2026-02-21,Web,Purchase
I6181,C10441,2025-06-05,Branch,Purchase
I6182,C10635,2025-01-25,Web,Login
I6183,C10884,2026-08-26,Email,Login
I6184,C10836,2026-01-04,Call,Login
I6185,C10932,2025-12-29,Email,Complaint
I6186,C10764,2025-02-05,Call,Inquiry
I6187,C10091,2026-05-21,Call,Support
I6188,C10729,2025-03-20,Call,Login
I6189,C10052,2026-03-06,Web,Complaint
I6190,C10226,2026-06-02,Mobile,Purchase
I6191,C10130,2025-06-10,Branch,Inquiry
I6192,C10775,2026-02-09,Email,Complaint
I6193,C10895,2025-04-13,Branch,Complaint
I6194,C10530,2026-05-10,Mobile,Support
I6195,C10460,2025-11-04,Web,Purchase
I6196,C10939,2025-11-28,Branch,Support
I6197,C10906,2026-07-06,Mobile,Support
I6198,C10307,2025-08-28,Call,Complaint
I6199,C10807,2025-02-01,Call,Login
I6200,C10510,2025-06-30,Call,Inquiry
I6201,C10814,2026-06-25,Mobile,Inquiry
I6202,C10352,2025-10-08,Web,Complaint
I6203,C10589,2026-03-27,Mobile,Complaint
I6204,C10306,2025-06-28,Mobile,Login
I6205,C10779,2026-05-15,Web,Login
I6206,C10348,2025-10-26,Call,Complaint
I6207,C10176,2025-01-25,Call,Purchase
I6208,C10910,2025-11-28,Branch,Complaint
I6209,C10209,2025-02-21,Call,Support
I6210,C10051,2025-11-09,Call,Support
I6211,C10308,2025-11-20,Email,Complaint
I6212,C10705,2026-03-13,Web,Login
I6213,C10774,2026-01-30,Web,Purchase
I6214,C10434,2025-04-28,Web,Support
I6215,C10104,2025-06-30,Mobile,Login
I6216,C10351,2025-08-03,Branch,Complaint
I6217,C10872,2026-06-23,Email,Login
I6218,C10614,2025-03-13,Branch,Complaint
I6219,C10209,2025-08-04,Email,Support
I6220,C10222,2025-08-07,Email,Inquiry
I6221,C10908,2025-10-23,Branch,Purchase
I6222,C10356,2025-03-07,Web,Complaint
I6223,C10703,2026-02-24,Web,Complaint
I6224,C10157,2025-02-23,Web,Inquiry
I6225,C10658,2025-03-26,Branch,Complaint
I6226,C10120,2026-02-26,Email,Support
I6227,C10499,2025-10-26,Web,Login
I6228,C10837,2026-04-16,Branch,Purchase
I6229,C10421,2026-05-14,Call,Purchase
I6230,C10526,2026-03-20,Mobile,Login
I6231,C10728,2025-04-05,Email,Support
I6232,C10643,2026-06-01,Mobile,Support
I6233,C10025,2025-02-02,Call,Support
I6234,C10952,2025-10-19,Email,Complaint
I6235,C10144,2026-08-28,Branch,Purchase
I6236,C10423,2025-07-01,Email,Purchase
I6237,C10256,2026-07-04,Web,Complaint
I6238,C10641,2025-03-18,Mobile,Purchase
I6239,C10161,2025-12-11,Email,Inquiry
I6240,C10820,2025-12-15,Branch,Support
I6241,C10273,2026-02-07,Web,Complaint
I6242,C10137,2026-08-17,Mobile,Complaint
I6243,C10346,2025-11-09,Call,Purchase
I6244,C10108,2026-05-23,Branch,Inquiry
I6245,C10141,2025-01-17,Mobile,Login
I6246,C10604,2026-02-11,Mobile,Complaint
I6247,C10885,2026-01-30,Mobile,Purchase
I6248,C10169,2025-05-16,Web,Login
I6249,C10874,2025-04-04,Call,Inquiry
I6250,C10620,2026-03-20,Branch,Inquiry
I6251,C10387,2026-05-05,Branch,Inquiry
I6252,C10907,2025-10-06,Branch,Complaint
I6253,C10569,2026-04-24,Call,Support
I6254,C10215,2025-05-08,Mobile,Complaint
I6255,C10650,2025-10-30,Mobile,Support
I6256,C10851,2025-02-08,Web,Inquiry
I6257,C10226,2025-11-24,Mobile,Complaint
I6258,C10856,2025-02-22,Branch,Complaint
I6259,C10652,2025-08-08,Web,Inquiry
I6260,C10321,2025-11-19,Branch,Purchase
I6261,C10394,2025-02-11,Mobile,Support
I6262,C10335,2026-04-13,Web,Login
I6263,C10225,2026-04-29,Email,Login
I6264,C10443,2026-07-11,Call,Inquiry
I6265,C10763,2025-05-28,Email,Purchase
I6266,C10950,2026-05-11,Web,Complaint
I6267,C10921,2025-10-07,Web,Complaint
I6268,C10605,2025-07-20,Call,Support
I6269,C10972,2026-05-14,Branch,Login
I6270,C10231,2026-07-11,Web,Support
I6271,C10006,2025-09-08,Email,Support
I6272,C10819,2025-05-07,Call,Inquiry
I6273,C10279,2026-01-01,Mobile,Login
I6274,C10204,2025-07-23,Mobile,Login
I6275,C10124,2025-01-27,Mobile,Support
I6276,C10840,2025-06-22,Call,Complaint
I6277,C10838,2026-03-01,Web,Complaint
I6278,C10800,2026-04-19,Mobile,Complaint
I6279,C10272,2025-09-29,Call,Purchase
I6280,C10471,2026-05-10,Mobile,Support
I6281,C10634,2026-07-10,Web,Complaint
I6282,C10860,2025-09-18,Web,Complaint
I6283,C10859,2025-06-04,Call,Inquiry
I6284,C10537,2025-06-14,Web,Login
I6285,C10253,2025-04-24,Call,Purchase
I6286,C10772,2026-05-04,Call,Purchase
I6287,C10111,2025-11-13,Branch,Login
I6288,C10681,2025-06-27,Mobile,Login
I6289,C10619,2025-04-08,Email,Login
I6290,C10826,2026-05-14,Email,Inquiry
I6291,C10877,2026-04-26,Branch,Inquiry
I6292,C10311,2026-02-12,Branch,Complaint
I6293,C10731,2025-03-05,Email,Inquiry
I6294,C10436,2026-04-06,Web,Complaint
I6295,C10214,2026-03-19,Email,Complaint
I6296,C10331,2025-10-11,Branch,Inquiry
I6297,C10340,2026-03-22,Call,Support
I6298,C10942,2025-01-25,Web,Login
I6299,C10130,2025-09-17,Web,Complaint
I6300,C10753,2025-11-10,Mobile,Support
I6301,C10082,2025-01-19,Branch,Support
I6302,C10312,2026-06-23,Email,Purchase
I6303,C10146,2025-01-13,Call,Inquiry
I6304,C10151,2025-09-29,Mobile,Login
I6305,C10404,2025-07-17,Mobile,Support
I6306,C10256,2026-07-07,Branch,Support
I6307,C10795,2025-11-23,Email,Login
I6308,C10216,2025-09-01,Call,Complaint
I6309,C10315,2025-03-17,Web,Login
I6310,C10618,2025-12-05,Email,Inquiry
I6311,C10793,2026-05-13,Web,Login
I6312,C10829,2025-08-22,Call,Login
I6313,C10504,2025-01-27,Web,Inquiry
I6314,C10177,2026-01-23,Branch,Login
I6315,C10520,2026-02-06,Web,Purchase
I6316,C10627,2025-06-04,Mobile,Login
I6317,C10644,2025-03-21,Web,Inquiry
I6318,C10962,2025-01-21,Call,Support
I6319,C10027,2025-12-22,Branch,Inquiry
I6320,C10095,2026-03-01,Branch,Inquiry
I6321,C10723,2026-08-01,Email,Support
I6322,C10535,2025-05-11,Call,Purchase
I6323,C10207,2025-04-17,Web,Purchase
I6324,C10629,2025-07-30,Mobile,Purchase
I6325,C10432,2025-06-02,Branch,Complaint
I6326,C10502,2025-09-27,Call,Login
I6327,C10550,2025-12-01,Web,Support
I6328,C10746,2025-08-14,Mobile,Support
I6329,C10035,2026-06-06,Email,Login
I6330,C10886,2026-01-04,Email,Inquiry
I6331,C10665,2025-01-05,Call,Purchase
I6332,C10797,2026-02-04,Web,Login
I6333,C10093,2025-03-08,Branch,Inquiry
I6334,C10095,2025-11-25,Email,Complaint
I6335,C10759,2026-07-15,Web,Support
I6336,C10642,2025-04-24,Call,Login
I6337,C10041,2025-08-13,Email,Support
I6338,C10887,2026-03-24,Email,Support
I6339,C10469,2025-02-08,Mobile,Login
I6340,C10261,2025-09-15,Mobile,Purchase
I6341,C10124,2025-04-18,Mobile,Inquiry
I6342,C10965,2025-06-06,Call,Purchase
I6343,C10140,2026-04-04,Call,Inquiry
I6344,C10049,2025-05-12,Email,Purchase
I6345,C10153,2026-06-11,Email,Inquiry
I6346,C10340,2025-03-20,Email,Complaint
I6347,C10236,2025-09-04,Branch,Inquiry
I6348,C10645,2025-05-09,Mobile,Inquiry
I6349,C10017,2025-02-16,Email,Inquiry
I6350,C10497,2026-07-05,Call,Login
I6351,C10729,2026-05-12,Web,Support
I6352,C10255,2025-04-27,Web,Login
I6353,C10614,2026-05-08,Branch,Login
I6354,C10039,2025-08-19,Branch,Purchase
I6355,C10005,2026-08-12,Mobile,Complaint
I6356,C10812,2025-01-30,Call,Complaint
I6357,C10265,2026-05-17,Web,Complaint
I6358,C10574,2025-01-21,Email,Purchase
I6359,C10826,2025-11-23,Mobile,Inquiry
I6360,C10131,2025-08-28,Call,Support
I6361,C10429,2025-10-10,Web,Complaint
I6362,C10906,2026-06-16,Web,Login
I6363,C10195,2026-08-03,Call,Complaint
I6364,C10388,2026-04-10,Call,Complaint
I6365,C10653,2025-05-03,Mobile,Support
I6366,C10239,2026-07-08,Call,Complaint
I6367,C10025,2025-08-25,Branch,Purchase
I6368,C10955,2026-08-17,Call,Support
I6369,C10810,2025-08-09,Web,Purchase
I6370,C10110,2025-10-19,Branch,Purchase
I6371,C10089,2026-04-23,Branch,Support
I6372,C10149,2025-09-10,Web,Purchase
I6373,C10073,2025-02-26,Call,Complaint
I6374,C10786,2026-03-01,Mobile,Inquiry
I6375,C10310,2026-04-24,Mobile,Support
I6376,C10764,2026-06-01,Email,Login
I6377,C10462,2026-03-08,Branch,Inquiry
I6378,C10606,2026-04-20,Mobile,Inquiry
I6379,C10891,2025-03-27,Branch,Complaint
I6380,C10143,2025-10-30,Email,Purchase
I6381,C10259,2026-08-16,Web,Purchase
I6382,C10964,2026-03-07,Email,Purchase
I6383,C10890,2026-02-08,Branch,Support
I6384,C10389,2025-03-02,Branch,Login
I6385,C10920,2025-10-01,Email,Purchase
I6386,C10614,2026-03-13,Mobile,Inquiry
I6387,C10984,2025-06-27,Email,Inquiry
I6388,C10506,2025-04-05,Call,Login
I6389,C10224,2026-05-01,Branch,Complaint
I6390,C10474,2025-10-10,Email,Login
I6391,C10941,2025-02-25,Call,Login
I6392,C10141,2026-08-04,Email,Inquiry
I6393,C10703,2026-06-29,Branch,Purchase
I6394,C10577,2025-03-20,Email,Support
I6395,C10895,2026-05-19,Branch,Complaint
I6396,C10934,2025-08-26,Email,Support
I6397,C10407,2025-05-20,Email,Login
I6398,C10500,2025-07-10,Branch,Complaint
I6399,C10789,2025-09-05,Branch,Purchase
I6400,C10219,2025-09-15,Mobile,Purchase
I6401,C10607,2026-02-11,Web,Support
I6402,C10586,2025-06-04,Email,Login
I6403,C10196,2025-02-21,Email,Purchase
I6404,C10096,2025-07-19,Call,Login
I6405,C10040,2026-08-22,Web,Purchase
I6406,C10966,2025-01-17,Web,Complaint
I6407,C10616,2025-01-24,Mobile,Inquiry
I6408,C10695,2025-10-01,Web,Login
I6409,C10322,2025-12-11,Branch,Support
I6410,C10940,2026-06-07,Email,Login
I6411,C10623,2025-02-18,Branch,Purchase
I6412,C10157,2025-10-08,Mobile,Complaint
I6413,C10984,2025-12-08,Branch,Support
I6414,C10239,2025-09-26,Email,Inquiry
I6415,C10553,2025-07-18,Mobile,Inquiry
I6416,C10646,2026-05-31,Web,Login
I6417,C10914,2026-01-14,Call,Login
I6418,C10412,2025-06-09,Email,Complaint
I6419,C10389,2025-06-07,Mobile,Login
I6420,C10215,2026-07-17,Call,Login
I6421,C10286,2026-07-07,Email,Purchase
I6422,C10149,2026-04-26,Web,Purchase
I6423,C10415,2025-01-24,Call,Login
I6424,C10265,2025-03-22,Call,Complaint
I6425,C10960,2026-08-21,Mobile,Inquiry
I6426,C10875,2025-12-08,Email,Inquiry
I6427,C10800,2026-02-09,Web,Login
I6428,C10281,2026-01-09,Mobile,Purchase
I6429,C10368,2026-07-02,Call,Purchase
I6430,C10471,2025-11-14,Call,Purchase
I6431,C10920,2026-07-01,Call,Purchase
I6432,C10242,2026-04-16,Mobile,Support
I6433,C10391,2026-08-11,Web,Support
I6434,C10149,2026-04-14,Web,Inquiry
I6435,C10314,2026-05-05,Mobile,Inquiry
I6436,C10295,2026-01-20,Email,Inquiry
I6437,C10475,2026-07-25,Mobile,Purchase
I6438,C10582,2025-11-08,Branch,Inquiry
I6439,C10883,2026-04-22,Call,Support
I6440,C10653,2026-07-02,Web,Inquiry
I6441,C10505,2026-05-16,Branch,Complaint
I6442,C10710,2026-03-08,Branch,Complaint
I6443,C10785,2025-11-03,Email,Complaint
I6444,C10640,2026-06-28,Call,Login
I6445,C10632,2025-04-25,Mobile,Support
I6446,C10543,2026-07-11,Call,Complaint
I6447,C10334,2025-07-08,Branch,Inquiry
I6448,C10950,2025-08-29,Branch,Inquiry
I6449,C10021,2026-05-25,Web,Purchase
I6450,C10374,2026-03-14,Email,Support
I6451,C10092,2026-08-16,Call,Login
I6452,C10523,2026-06-28,Mobile,Login
I6453,C10325,2025-07-21,Branch,Login
I6454,C10682,2025-06-21,Mobile,Purchase
I6455,C10223,2025-05-19,Mobile,Support
I6456,C10539,2026-06-08,Mobile,Support
I6457,C10479,2025-10-27,Branch,Complaint
I6458,C10641,2025-09-11,Mobile,Purchase
I6459,C10375,2025-03-09,Web,Support
I6460,C10607,2025-11-01,Web,Support
I6461,C10115,2026-05-13,Web,Inquiry
I6462,C10363,2025-10-28,Email,Inquiry
I6463,C10912,2026-03-08,Web,Login
I6464,C10433,2026-01-16,Web,Purchase
I6465,C10703,2025-08-02,Web,Login
I6466,C10021,2026-04-05,Call,Purchase
I6467,C10576,2026-02-23,Email,Support
I6468,C10263,2026-07-29,Call,Login
I6469,C10881,2025-04-04,Mobile,Purchase
I6470,C10002,2025-01-07,Web,Support
I6471,C10562,2026-08-05,Email,Complaint
I6472,C10034,2026-08-24,Branch,Login
I6473,C10516,2025-02-26,Mobile,Support
I6474,C10336,2026-04-16,Call,Login
I6475,C10142,2025-02-22,Email,Complaint
I6476,C10526,2025-10-20,Call,Support
I6477,C10754,2025-08-17,Mobile,Complaint
I6478,C10105,2025-10-22,Call,Login
I6479,C10746,2025-10-26,Branch,Purchase
I6480,C10297,2026-08-17,Branch,Complaint
I6481,C10531,2025-10-07,Branch,Support
I6482,C10507,2026-02-24,Email,Complaint
I6483,C10630,2025-09-14,Call,Login
I6484,C10109,2025-04-15,Mobile,Inquiry
I6485,C10716,2025-09-29,Branch,Support
I6486,C10377,2025-02-02,Email,Complaint
I6487,C10350,2026-03-24,Web,Login
I6488,C10239,2026-05-13,Email,Login
I6489,C10161,2025-09-25,Branch,Purchase
I6490,C10551,2025-02-03,Web,Support
I6491,C10483,2026-06-04,Email,Purchase
I6492,C10484,2025-07-08,Branch,Purchase
I6493,C10492,2025-05-03,Call,Purchase
I6494,C10182,2025-12-06,Email,Support
I6495,C10725,2025-03-19,Web,Support
I6496,C10981,2025-06-27,Mobile,Inquiry
I6497,C10468,2025-06-09,Web,Support
I6498,C10009,2026-08-18,Email,Complaint
I6499,C10208,2025-03-11,Web,Purchase
I6500,C10776,2025-10-19,Web,Inquiry
I6501,C10548,2025-11-08,Mobile,Purchase
I6502,C10629,2025-02-10,Web,Login
I6503,C10866,2026-06-10,Branch,Login
I6504,C10371,2025-08-06,Web,Complaint
I6505,C10969,2025-05-31,Mobile,Complaint
I6506,C10595,2026-04-20,Branch,Complaint
I6507,C10963,2025-07-07,Mobile,Login
I6508,C10464,2025-06-14,Web,Support
I6509,C10499,2025-02-25,Mobile,Inquiry
I6510,C10722,2026-07-25,Branch,Complaint
I6511,C10705,2025-11-18,Branch,Support
I6512,C10608,2026-07-16,Mobile,Purchase
I6513,C10933,2026-02-03,Branch,Login
I6514,C10650,2025-09-19,Call,Inquiry
I6515,C10911,2026-05-17,Branch,Support
I6516,C10406,2025-12-12,Branch,Inquiry
I6517,C10124,2025-08-15,Mobile,Purchase
I6518,C10808,2025-04-11,Web,Inquiry
I6519,C10565,2025-05-27,Email,Purchase
I6520,C10589,2025-07-09,Mobile,Purchase
I6521,C10833,2025-09-28,Mobile,Support
I6522,C10235,2025-03-16,Email,Login
I6523,C10774,2025-10-22,Branch,Support
I6524,C10791,2025-12-14,Mobile,Purchase
I6525,C10839,2026-07-29,Mobile,Login
I6526,C10417,2025-07-29,Branch,Inquiry
I6527,C10399,2025-12-30,Mobile,Support
I6528,C10382,2025-05-18,Email,Inquiry
I6529,C10988,2025-12-23,Email,Support
I6530,C10277,2025-10-14,Mobile,Inquiry
I6531,C10207,2026-02-28,Web,Inquiry
I6532,C10860,2026-01-30,Web,Support
I6533,C10751,2025-03-19,Web,Complaint
I6534,C10949,2025-05-06,Mobile,Inquiry
I6535,C10641,2026-08-06,Email,Complaint
I6536,C10802,2025-06-10,Web,Login
I6537,C10082,2026-06-09,Call,Login
I6538,C10020,2025-07-30,Call,Inquiry
I6539,C10632,2026-06-05,Call,Login
I6540,C10230,2025-04-15,Email,Complaint
I6541,C10477,2025-12-13,Branch,Inquiry
I6542,C10741,2025-05-31,Email,Login
I6543,C10852,2026-04-15,Call,Purchase
I6544,C10719,2026-01-24,Web,Login
I6545,C10061,2026-08-13,Call,Login
I6546,C10404,2026-01-19,Email,Login
I6547,C10995,2025-06-18,Web,Support
I6548,C10098,2026-07-31,Branch,Complaint
I6549,C10246,2025-07-06,Call,Inquiry
I6550,C10539,2026-03-13,Email,Purchase
I6551,C10604,2025-05-27,Branch,Login
I6552,C10779,2026-03-06,Branch,Complaint
I6553,C10989,2026-06-23,Call,Purchase
I6554,C10571,2025-07-25,Email,Inquiry
I6555,C10439,2026-01-31,Call,Login
I6556,C10621,2025-03-01,Mobile,Purchase
I6557,C10220,2025-06-05,Email,Inquiry
I6558,C10143,2025-03-26,Mobile,Complaint
I6559,C10573,2026-03-30,Branch,Support
I6560,C10862,2026-03-22,Call,Support
I6561,C10713,2025-09-24,Branch,Login
I6562,C10154,2026-06-01,Web,Login
I6563,C10980,2026-02-11,Mobile,Support
I6564,C10789,2026-05-30,Branch,Support
I6565,C10610,2025-12-02,Mobile,Complaint
I6566,C10585,2025-09-18,Web,Support
I6567,C10710,2026-05-17,Branch,Inquiry
I6568,C10906,2026-02-02,Email,Purchase
I6569,C10930,2025-04-14,Email,Purchase
I6570,C10796,2026-04-26,Branch,Login
I6571,C10475,2026-06-25,Email,Purchase
I6572,C10704,2025-01-20,Web,Inquiry
I6573,C10417,2025-01-04,Branch,Purchase
I6574,C10260,2025-08-21,Email,Complaint
I6575,C10920,2025-05-31,Web,Support
I6576,C10857,2026-04-07,Mobile,Inquiry
I6577,C10637,2026-02-22,Email,Complaint
I6578,C10816,2025-12-29,Branch,Login
I6579,C10946,2026-05-04,Branch,Inquiry
I6580,C10881,2025-06-27,Email,Support
I6581,C10835,2025-02-14,Branch,Login
I6582,C10311,2026-07-03,Mobile,Login
I6583,C10355,2026-08-16,Mobile,Purchase
I6584,C10261,2026-08-11,Branch,Login
I6585,C10771,2025-06-17,Email,Purchase
I6586,C10216,2025-04-09,Branch,Support
I6587,C10234,2025-03-08,Call,Complaint
I6588,C10483,2025-02-10,Email,Support
I6589,C10625,2025-04-15,Mobile,Inquiry
I6590,C10347,2025-07-20,Web,Login
I6591,C10544,2025-05-16,Branch,Support
I6592,C10987,2025-09-30,Web,Complaint
I6593,C10231,2025-02-08,Call,Complaint
I6594,C10380,2026-07-29,Web,Login
I6595,C10027,2026-01-16,Mobile,Complaint
I6596,C10754,2025-07-08,Web,Inquiry
I6597,C10098,2025-07-29,Call,Support
I6598,C10406,2026-03-13,Email,Purchase
I6599,C10241,2025-08-04,Web,Complaint
I6600,C10852,2026-05-08,Mobile,Inquiry
I6601,C10566,2025-01-07,Branch,Complaint
I6602,C10933,2026-01-19,Email,Inquiry
I6603,C10641,2025-06-10,Call,Purchase
I6604,C10288,2026-07-28,Web,Inquiry
I6605,C10350,2025-02-16,Call,Complaint
I6606,C10896,2025-12-12,Web,Login
I6607,C10988,2025-09-20,Email,Inquiry
I6608,C10595,2025-07-31,Branch,Support
I6609,C10278,2025-09-26,Email,Complaint
I6610,C10595,2026-05-30,Web,Complaint
I6611,C10417,2026-01-27,Call,Login
I6612,C10533,2026-07-16,Email,Support
I6613,C10852,2025-04-02,Email,Inquiry
I6614,C10985,2025-01-03,Branch,Purchase
I6615,C10254,2025-04-18,Call,Purchase
I6616,C10765,2025-04-19,Call,Inquiry
I6617,C10524,2025-02-08,Email,Login
I6618,C10967,2025-10-23,Mobile,Purchase
I6619,C10816,2025-09-10,Web,Purchase
I6620,C10764,2026-02-24,Email,Support
I6621,C10648,2026-05-26,Call,Purchase
I6622,C10521,2025-11-08,Email,Purchase
I6623,C10729,2025-08-07,Branch,Inquiry
I6624,C10688,2026-05-11,Branch,Purchase
I6625,C10978,2025-04-20,Call,Support
I6626,C10159,2025-05-12,Call,Purchase
I6627,C10409,2025-04-02,Call,Purchase
I6628,C10208,2025-03-27,Mobile,Inquiry
I6629,C10656,2025-09-07,Web,Inquiry
I6630,C10192,2025-03-24,Email,Login
I6631,C10896,2025-07-07,Email,Login
I6632,C10475,2025-02-12,Branch,Inquiry
I6633,C10834,2025-03-29,Web,Purchase
I6634,C10403,2025-01-15,Call,Purchase
I6635,C10067,2026-06-05,Web,Purchase
I6636,C10721,2025-07-06,Call,Login
I6637,C10524,2026-06-15,Email,Complaint
I6638,C10699,2025-02-12,Email,Complaint
I6639,C10526,2025-05-16,Branch,Complaint
I6640,C10511,2026-03-07,Call,Login
I6641,C10655,2025-06-02,Email,Purchase
I6642,C10484,2025-02-09,Web,Complaint
I6643,C10013,2025-03-18,Branch,Complaint
I6644,C10833,2025-11-09,Web,Login
I6645,C10652,2026-05-07,Call,Inquiry
I6646,C10423,2026-01-27,Mobile,Purchase
I6647,C10681,2026-01-07,Web,Login
I6648,C10612,2025-05-07,Call,Inquiry
I6649,C10571,2026-04-09,Branch,Support
I6650,C10137,2025-06-14,Web,Login
I6651,C10015,2026-05-31,Mobile,Login
I6652,C10912,2025-08-27,Branch,Inquiry
I6653,C10851,2026-07-19,Branch,Support
I6654,C10751,2026-08-03,Web,Complaint
I6655,C10918,2025-03-11,Branch,Login
I6656,C10140,2026-01-31,Email,Purchase
I6657,C10946,2025-03-15,Branch,Login
I6658,C10523,2026-08-28,Email,Purchase
I6659,C10334,2025-12-20,Mobile,Purchase
I6660,C10730,2025-05-23,Web,Purchase
I6661,C10604,2026-04-08,Email,Login
I6662,C10257,2025-05-26,Web,Complaint
I6663,C10785,2026-08-07,Call,Complaint
I6664,C10428,2025-03-11,Web,Inquiry
I6665,C10841,2025-06-11,Mobile,Complaint
I6666,C10798,2026-02-06,Call,Purchase
I6667,C10065,2025-07-11,Branch,Inquiry
I6668,C10632,2025-02-10,Mobile,Inquiry
I6669,C10305,2025-08-13,Branch,Inquiry
I6670,C10784,2026-06-09,Web,Complaint
I6671,C10327,2025-12-19,Mobile,Complaint
I6672,C10726,2026-04-08,Email,Support
I6673,C10074,2025-05-26,Branch,Login
I6674,C10800,2025-12-02,Email,Complaint
I6675,C10545,2026-06-23,Branch,Support
I6676,C10231,2026-07-21,Mobile,Login
I6677,C10337,2025-03-19,Mobile,Complaint
I6678,C10078,2026-08-04,Mobile,Purchase
I6679,C10443,2025-11-26,Email,Inquiry
I6680,C10948,2025-10-15,Mobile,Inquiry
I6681,C10600,2025-10-03,Call,Inquiry
I6682,C10637,2026-08-28,Branch,Purchase
I6683,C10520,2025-07-14,Call,Complaint
I6684,C10137,2026-03-19,Call,Complaint
I6685,C10197,2026-04-15,Branch,Support
I6686,C10237,2025-09-23,Web,Purchase
I6687,C10588,2026-06-30,Email,Purchase
I6688,C10296,2026-04-18,Branch,Purchase
I6689,C10249,2025-06-16,Branch,Purchase
I6690,C10701,2025-05-21,Call,Support
I6691,C10020,2026-01-18,Branch,Inquiry
I6692,C10081,2025-10-03,Mobile,Inquiry
I6693,C10366,2025-02-22,Branch,Inquiry
I6694,C10837,2026-06-06,Web,Inquiry
I6695,C10431,2026-05-08,Call,Inquiry
I6696,C10726,2025-10-05,Mobile,Complaint
I6697,C10056,2026-03-28,Web,Login
I6698,C10512,2025-11-03,Mobile,Support
I6699,C10930,2025-06-13,Mobile,Login
I6700,C10872,2026-01-12,Call,Complaint
I6701,C10256,2025-11-06,Mobile,Login
I6702,C10044,2025-02-04,Web,Inquiry
I6703,C10512,2026-05-05,Call,Purchase
I6704,C10276,2026-02-28,Branch,Inquiry
I6705,C10008,2025-03-18,Branch,Support
I6706,C10918,2025-01-01,Web,Purchase
I6707,C10615,2025-09-05,Mobile,Login
I6708,C10161,2026-07-31,Call,Purchase
I6709,C10388,2026-02-16,Branch,Inquiry
I6710,C10097,2026-03-24,Web,Purchase
I6711,C10362,2025-08-12,Email,Inquiry
I6712,C10793,2025-05-21,Web,Login
I6713,C10312,2025-05-06,Web,Inquiry
I6714,C10360,2025-12-22,Web,Complaint
I6715,C10174,2026-01-16,Mobile,Complaint
I6716,C10905,2026-02-11,Web,Purchase
I6717,C10959,2025-01-14,Email,Support
I6718,C10038,2026-05-16,Web,Login
I6719,C10255,2026-08-14,Web,Inquiry
I6720,C10637,2025-03-02,Call,Complaint
I6721,C10180,2026-07-11,Email,Purchase
I6722,C10649,2026-04-14,Mobile,Purchase
I6723,C10503,2025-06-03,Call,Inquiry
I6724,C10949,2025-07-15,Web,Complaint
I6725,C10817,2026-04-03,Call,Complaint
I6726,C10757,2025-01-28,Call,Inquiry
I6727,C10765,2025-02-14,Mobile,Inquiry
I6728,C10563,2025-10-30,Call,Support
I6729,C10658,2026-06-19,Web,Purchase
I6730,C10636,2026-01-17,Branch,Login
I6731,C10441,2025-12-31,Email,Login
I6732,C10003,2025-04-05,Call,Purchase
I6733,C10884,2025-06-23,Web,Support
I6734,C10658,2025-11-28,Branch,Login
I6735,C10556,2025-12-22,Web,Inquiry
I6736,C10435,2025-10-17,Mobile,Support
I6737,C10437,2025-07-24,Mobile,Complaint
I6738,C10500,2026-06-12,Email,Inquiry
I6739,C10719,2025-07-16,Web,Complaint
I6740,C10137,2026-03-19,Mobile,Support
I6741,C10879,2025-07-12,Call,Login
I6742,C10952,2025-06-24,Branch,Complaint
I6743,C10725,2025-12-16,Web,Login
I6744,C10483,2025-04-02,Call,Inquiry
I6745,C10085,2025-12-11,Web,Login
I6746,C10145,2026-02-08,Branch,Inquiry
I6747,C10396,2025-08-27,Call,Support
I6748,C10250,2026-05-18,Call,Inquiry
I6749,C10146,2026-07-27,Web,Purchase
I6750,C10702,2026-03-16,Web,Inquiry
I6751,C10551,2026-08-27,Mobile,Purchase
I6752,C10095,2025-04-16,Web,Login
I6753,C10717,2026-07-31,Call,Purchase
I6754,C10993,2025-02-18,Email,Complaint
I6755,C10939,2025-03-18,Web,Complaint
I6756,C10246,2026-07-28,Branch,Login
I6757,C10432,2026-08-14,Web,Purchase
I6758,C10769,2025-04-21,Email,Purchase
I6759,C10997,2025-07-02,Email,Purchase
I6760,C10298,2025-08-14,Mobile,Login
I6761,C10190,2026-02-07,Web,Complaint
I6762,C10306,2026-06-20,Web,Inquiry
I6763,C10810,2025-04-01,Email,Purchase
I6764,C10226,2025-08-23,Web,Login
I6765,C10279,2025-03-31,Email,Login
I6766,C10715,2026-03-08,Email,Complaint
I6767,C10644,2026-04-19,Email,Login
I6768,C10063,2026-04-06,Branch,Purchase
I6769,C10804,2025-01-14,Web,Complaint
I6770,C10740,2026-07-13,Email,Complaint
I6771,C10304,2025-10-04,Web,Support
I6772,C10706,2026-03-27,Call,Support
I6773,C10715,2025-01-16,Email,Login
I6774,C10129,2026-04-30,Web,Inquiry
I6775,C10445,2026-06-21,Email,Login
I6776,C10160,2025-10-24,Call,Inquiry
I6777,C10917,2026-05-26,Email,Login
I6778,C10735,2025-03-13,Call,Support
I6779,C10827,2026-01-14,Web,Support
I6780,C10075,2026-01-24,Web,Complaint
I6781,C10914,2026-03-02,Email,Complaint
I6782,C10475,2026-08-20,Call,Support
I6783,C10189,2026-07-21,Web,Support
I6784,C10991,2026-08-18,Email,Inquiry
I6785,C10638,2026-08-03,Web,Inquiry
I6786,C10217,2026-08-12,Call,Login
I6787,C10660,2025-03-22,Mobile,Login
I6788,C10963,2025-03-05,Call,Support
I6789,C10066,2025-03-09,Branch,Support
I6790,C10879,2026-04-06,Call,Complaint
I6791,C10853,2025-08-26,Email,Purchase
I6792,C10693,2025-05-30,Web,Purchase
I6793,C10578,2025-11-19,Email,Login
I6794,C10543,2025-02-12,Call,Support
I6795,C10046,2025-05-31,Email,Support
I6796,C10510,2026-07-10,Call,Inquiry
I6797,C10509,2025-08-22,Call,Login
I6798,C10390,2026-03-26,Email,Inquiry
I6799,C10221,2026-05-29,Web,Inquiry
I6800,C10548,2025-01-07,Branch,Support
I6801,C10321,2025-05-06,Branch,Inquiry
I6802,C10813,2026-07-18,Email,Complaint
I6803,C10870,2026-01-29,Branch,Support
I6804,C10533,2026-04-05,Branch,Purchase
I6805,C10609,2026-05-15,Branch,Login
I6806,C10671,2025-03-20,Call,Inquiry
I6807,C10625,2026-07-01,Call,Complaint
I6808,C10021,2026-02-17,Web,Inquiry
I6809,C10977,2025-11-19,Call,Support
I6810,C10039,2026-01-06,Mobile,Complaint
I6811,C10948,2025-04-02,Mobile,Purchase
I6812,C10571,2025-09-16,Branch,Complaint
I6813,C10897,2026-04-02,Email,Support
I6814,C10503,2025-05-04,Call,Complaint
I6815,C10114,2026-04-17,Mobile,Complaint
I6816,C10396,2025-08-14,Web,Purchase
I6817,C10226,2025-02-19,Branch,Complaint
I6818,C10189,2025-12-20,Call,Inquiry
I6819,C10951,2025-09-04,Email,Support
I6820,C10141,2026-06-01,Web,Support
I6821,C10391,2025-02-18,Branch,Purchase
I6822,C10897,2026-05-31,Call,Complaint
I6823,C10226,2025-02-13,Mobile,Support
I6824,C10852,2025-10-10,Web,Purchase
I6825,C10214,2026-06-28,Mobile,Support
I6826,C10724,2025-05-12,Web,Inquiry
I6827,C10849,2026-05-18,Web,Purchase
I6828,C10632,2026-04-29,Email,Complaint
I6829,C10140,2026-03-05,Call,Purchase
I6830,C10512,2026-02-28,Mobile,Inquiry
I6831,C10783,2026-01-26,Call,Complaint
I6832,C10833,2025-02-22,Email,Purchase
I6833,C10027,2025-05-23,Mobile,Inquiry
I6834,C10656,2025-09-24,Web,Support
I6835,C10101,2025-08-22,Call,Complaint
I6836,C10829,2025-11-30,Email,Complaint
I6837,C10377,2026-05-27,Email,Complaint
I6838,C10918,2026-02-11,Email,Login
I6839,C10836,2026-04-13,Mobile,Support
I6840,C10600,2026-02-01,Mobile,Login
I6841,C10725,2025-03-07,Branch,Purchase
I6842,C10850,2025-09-26,Branch,Login
I6843,C10684,2025-10-14,Branch,Login
I6844,C10787,2025-12-27,Call,Purchase
I6845,C10962,2026-08-10,Email,Purchase
I6846,C10795,2026-02-09,Mobile,Complaint
I6847,C10168,2025-06-19,Branch,Support
I6848,C10728,2025-09-21,Web,Purchase
I6849,C10908,2025-08-07,Mobile,Login
I6850,C10076,2026-08-20,Mobile,Complaint
I6851,C10285,2025-04-03,Web,Support
I6852,C10893,2026-02-26,Email,Purchase
I6853,C10873,2026-03-22,Email,Inquiry
I6854,C10192,2025-04-15,Mobile,Purchase
I6855,C10633,2025-04-28,Email,Support
I6856,C10746,2026-06-02,Branch,Login
I6857,C10495,2025-05-17,Mobile,Inquiry
I6858,C10848,2026-03-17,Web,Complaint
I6859,C10294,2026-08-23,Web,Complaint
I6860,C10308,2025-05-31,Call,Support
I6861,C10799,2026-08-16,Email,Complaint
I6862,C10489,2025-03-17,Mobile,Purchase
I6863,C10602,2025-07-11,Web,Complaint
I6864,C10646,2026-05-21,Branch,Complaint
I6865,C10544,2025-07-05,Mobile,Complaint
I6866,C10427,2025-02-10,Web,Complaint
I6867,C10963,2026-01-11,Call,Complaint
I6868,C10251,2025-06-04,Mobile,Support
I6869,C10503,2025-05-28,Email,Inquiry
I6870,C10265,2026-08-17,Mobile,Inquiry
I6871,C10301,2026-02-10,Mobile,Login
I6872,C10215,2026-08-01,Mobile,Login
I6873,C10201,2026-06-21,Email,Purchase
I6874,C10085,2026-04-19,Call,Login
I6875,C10947,2026-04-26,Call,Inquiry
I6876,C10853,2025-01-21,Web,Login
I6877,C10829,2026-02-16,Branch,Support
I6878,C10639,2026-06-10,Call,Support
I6879,C10431,2025-08-26,Call,Login
I6880,C10816,2025-12-29,Mobile,Inquiry
I6881,C10664,2026-02-05,Branch,Inquiry
I6882,C10534,2025-10-02,Call,Login
I6883,C10107,2025-10-13,Email,Complaint
I6884,C10590,2026-02-27,Call,Inquiry
I6885,C10708,2025-08-01,Web,Inquiry
I6886,C10125,2025-08-25,Mobile,Inquiry
I6887,C10506,2025-09-29,Call,Complaint
I6888,C10564,2025-08-05,Email,Login
I6889,C10299,2025-08-30,Email,Login
I6890,C10198,2025-04-08,Branch,Purchase
I6891,C10292,2025-03-16,Mobile,Purchase
I6892,C10628,2025-09-23,Web,Complaint
I6893,C10579,2025-07-29,Web,Purchase
I6894,C10360,2025-05-08,Mobile,Support
I6895,C10657,2025-05-22,Call,Purchase
I6896,C10022,2026-08-27,Email,Purchase
I6897,C10259,2025-09-25,Mobile,Complaint
I6898,C10951,2025-02-10,Call,Inquiry
I6899,C10913,2025-10-07,Email,Support
I6900,C10150,2026-03-21,Mobile,Login
I6901,C10133,2025-09-28,Email,Inquiry
I6902,C10757,2026-02-13,Email,Login
I6903,C10925,2026-05-09,Email,Complaint
I6904,C10065,2025-01-31,Call,Purchase
I6905,C10884,2025-04-12,Branch,Purchase
I6906,C10192,2025-04-16,Email,Purchase
I6907,C10724,2026-05-14,Call,Complaint
I6908,C10915,2026-07-22,Email,Support
I6909,C10381,2026-08-28,Web,Purchase
I6910,C10997,2026-02-25,Mobile,Complaint
I6911,C10598,2025-11-20,Mobile,Support
I6912,C10247,2025-03-26,Branch,Complaint
I6913,C10795,2025-01-02,Web,Support
I6914,C10794,2026-04-30,Mobile,Support
I6915,C10996,2025-02-18,Branch,Support
I6916,C10132,2026-04-20,Email,Purchase
I6917,C10936,2025-07-10,Email,Login
I6918,C10947,2026-02-08,Call,Inquiry
I6919,C10713,2025-05-20,Web,Purchase
I6920,C10738,2026-02-27,Email,Login
I6921,C10648,2026-02-01,Call,Purchase
I6922,C10868,2026-07-20,Mobile,Complaint
I6923,C10769,2025-02-01,Web,Login
I6924,C10934,2026-01-16,Call,Inquiry
I6925,C10729,2026-01-25,Branch,Inquiry
I6926,C10111,2025-03-06,Call,Login
I6927,C10004,2026-01-21,Email,Inquiry
I6928,C10198,2026-06-20,Branch,Complaint
I6929,C10614,2025-03-22,Call,Support
I6930,C10374,2026-08-14,Mobile,Complaint
I6931,C10387,2026-04-30,Email,Complaint
I6932,C10605,2025-08-10,Web,Support
I6933,C10872,2026-03-11,Email,Complaint
I6934,C10077,2026-08-21,Call,Inquiry
I6935,C10774,2025-05-09,Call,Login
I6936,C10412,2026-06-23,Email,Support
I6937,C10506,2026-07-10,Branch,Inquiry
I6938,C10622,2026-06-16,Web,Login
I6939,C10896,2025-06-19,Branch,Complaint
I6940,C10640,2025-05-25,Call,Inquiry
I6941,C10480,2025-03-08,Call,Complaint
I6942,C10314,2026-07-15,Web,Support
I6943,C10043,2026-07-15,Branch,Purchase
I6944,C10922,2025-01-07,Email,Complaint
I6945,C10813,2025-09-13,Web,Purchase
I6946,C10706,2025-06-22,Email,Complaint
I6947,C10396,2026-06-02,Web,Complaint
I6948,C10597,2025-10-15,Branch,Inquiry
I6949,C10566,2025-04-22,Web,Support
I6950,C10546,2025-07-27,Branch,Complaint
I6951,C10227,2025-09-25,Web,Support
I6952,C10833,2025-08-14,Branch,Complaint
I6953,C10585,2025-01-04,Mobile,Login
I6954,C10807,2025-08-28,Email,Login
I6955,C10026,2025-06-23,Branch,Support
I6956,C10895,2026-07-14,Mobile,Login
I6957,C10589,2026-03-10,Email,Login
I6958,C10407,2026-08-19,Branch,Purchase
I6959,C10452,2025-05-16,Branch,Inquiry
I6960,C10592,2025-11-04,Web,Login
I6961,C10739,2026-04-29,Mobile,Login
I6962,C10834,2025-03-10,Mobile,Login
I6963,C10105,2026-03-12,Call,Complaint
I6964,C10035,2025-04-07,Call,Purchase
I6965,C10590,2026-06-23,Mobile,Purchase
I6966,C10322,2025-07-14,Branch,Login
I6967,C10533,2025-01-06,Call,Inquiry
I6968,C10104,2025-10-05,Mobile,Inquiry
I6969,C10442,2025-08-10,Web,Purchase
I6970,C10873,2026-04-14,Web,Support
I6971,C10109,2026-05-12,Call,Inquiry
I6972,C10418,2025-12-09,Web,Inquiry
I6973,C10730,2025-04-11,Email,Purchase
I6974,C10453,2025-12-13,Web,Complaint
I6975,C10796,2026-05-29,Mobile,Login
I6976,C10822,2025-03-09,Email,Inquiry
I6977,C10490,2026-03-10,Email,Login
I6978,C10345,2025-11-22,Web,Support
I6979,C10786,2025-04-18,Web,Login
I6980,C10331,2026-01-11,Branch,Support
I6981,C10617,2025-10-01,Branch,Purchase
I6982,C10779,2026-05-13,Email,Complaint
I6983,C10087,2026-04-14,Call,Support
I6984,C10434,2025-07-29,Mobile,Inquiry
I6985,C10997,2025-07-18,Mobile,Support
I6986,C10719,2025-10-10,Call,Complaint
I6987,C10489,2026-03-27,Web,Login
I6988,C10365,2025-06-03,Email,Purchase
I6989,C10908,2025-11-17,Branch,Login
I6990,C10428,2025-12-17,Call,Support
I6991,C10776,2025-11-05,Mobile,Inquiry
I6992,C10074,2026-02-04,Email,Login
I6993,C10889,2025-06-29,Web,Complaint
I6994,C10771,2026-08-04,Call,Purchase
I6995,C10737,2026-01-06,Mobile,Inquiry
I6996,C10152,2025-12-08,Branch,Complaint
I6997,C10868,2025-04-09,Call,Login
I6998,C10901,2026-03-17,Branch,Inquiry
I6999,C10712,2026-04-03,Branch,Purchase
I7000,C10277,2025-10-28,Mobile,Support
I7001,C10753,2026-04-02,Mobile,Purchase
I7002,C10193,2025-04-05,Web,Login
I7003,C10237,2026-04-30,Web,Inquiry
I7004,C10192,2026-03-16,Mobile,Support
I7005,C10066,2025-05-06,Web,Purchase
I7006,C10267,2025-11-24,Branch,Login
I7007,C10573,2025-06-19,Branch,Support
I7008,C10021,2025-06-09,Call,Login
I7009,C10473,2025-02-09,Email,Inquiry
I7010,C10828,2025-09-26,Mobile,Login
I7011,C10779,2025-07-30,Branch,Login
I7012,C10501,2025-09-04,Call,Inquiry
I7013,C10994,2026-07-04,Call,Complaint
I7014,C10555,2025-02-12,Mobile,Support
I7015,C10973,2025-11-02,Call,Purchase
I7016,C10696,2026-02-21,Call,Login
I7017,C10170,2025-08-19,Web,Inquiry
I7018,C10587,2026-04-18,Mobile,Purchase
I7019,C10495,2025-08-14,Call,Login
I7020,C10667,2026-01-22,Call,Support
I7021,C10362,2025-07-14,Web,Purchase
I7022,C10381,2025-03-21,Mobile,Complaint
I7023,C10191,2025-08-14,Email,Purchase
I7024,C10145,2026-07-24,Branch,Login
I7025,C10645,2025-05-26,Call,Purchase
I7026,C10361,2025-09-14,Web,Login
I7027,C10967,2026-06-29,Branch,Support
I7028,C10766,2026-04-30,Mobile,Login
I7029,C10684,2025-05-07,Mobile,Inquiry
I7030,C10616,2026-03-03,Branch,Support
I7031,C10800,2025-09-17,Email,Purchase
I7032,C10164,2025-03-02,Email,Inquiry
I7033,C10182,2025-02-21,Email,Login
I7034,C10816,2026-03-09,Branch,Support
I7035,C10388,2026-04-12,Web,Complaint
I7036,C10962,2025-04-27,Email,Support
I7037,C10247,2026-04-17,Branch,Purchase
I7038,C10386,2025-12-05,Call,Inquiry
I7039,C10048,2025-10-29,Email,Complaint
I7040,C10124,2025-02-28,Mobile,Inquiry
I7041,C10661,2025-07-12,Email,Purchase
I7042,C10952,2026-07-30,Email,Complaint
I7043,C10093,2025-08-14,Call,Complaint
I7044,C10557,2025-04-02,Email,Complaint
I7045,C10831,2025-12-20,Mobile,Purchase
I7046,C10244,2025-06-18,Mobile,Login
I7047,C10068,2026-02-06,Email,Purchase
I7048,C10773,2025-11-28,Call,Purchase
I7049,C10867,2025-06-05,Call,Complaint
I7050,C10031,2025-02-19,Call,Support
I7051,C10340,2025-10-27,Email,Complaint
I7052,C10349,2025-05-10,Branch,Support
I7053,C10002,2025-06-24,Call,Purchase
I7054,C10949,2026-05-25,Mobile,Complaint
I7055,C10812,2026-05-18,Web,Inquiry
I7056,C10284,2026-05-09,Email,Inquiry
I7057,C10685,2025-05-10,Branch,Inquiry
I7058,C10158,2025-12-30,Branch,Login
I7059,C10865,2025-07-02,Branch,Login
I7060,C10607,2025-07-03,Email,Support
I7061,C10112,2025-11-16,Web,Purchase
I7062,C10548,2025-09-03,Call,Inquiry
I7063,C10844,2026-04-03,Web,Purchase
I7064,C10211,2026-02-11,Email,Inquiry
I7065,C10060,2026-06-07,Web,Support
I7066,C10155,2026-07-19,Branch,Inquiry
I7067,C10978,2026-03-08,Mobile,Support
I7068,C10958,2025-05-01,Web,Purchase
I7069,C10804,2025-07-23,Email,Complaint
I7070,C10122,2026-08-28,Call,Purchase
I7071,C10151,2026-07-22,Web,Support
I7072,C10164,2026-04-22,Branch,Purchase
I7073,C10957,2025-10-30,Mobile,Login
I7074,C10211,2025-01-19,Web,Purchase
I7075,C10034,2026-06-16,Web,Purchase
I7076,C10074,2025-11-19,Email,Complaint
I7077,C10885,2025-09-19,Mobile,Purchase
I7078,C10602,2026-07-21,Call,Complaint
I7079,C10273,2025-12-30,Call,Support
I7080,C10086,2025-11-19,Web,Inquiry
I7081,C10593,2025-02-02,Call,Login
I7082,C10827,2026-03-31,Branch,Purchase
I7083,C10377,2025-06-26,Branch,Complaint
I7084,C10974,2026-06-25,Web,Complaint
I7085,C10388,2025-10-04,Mobile,Support
I7086,C10563,2025-11-17,Branch,Complaint
I7087,C10022,2026-06-07,Web,Purchase
I7088,C10468,2025-12-19,Call,Complaint
I7089,C10607,2025-07-23,Call,Support
I7090,C10978,2025-06-04,Email,Complaint
I7091,C10348,2026-07-08,Mobile,Purchase
I7092,C10459,2026-04-18,Branch,Inquiry
I7093,C10097,2025-05-20,Call,Support
I7094,C10684,2025-05-09,Mobile,Support
I7095,C10174,2026-01-06,Email,Login
I7096,C10016,2025-11-19,Web,Complaint
I7097,C10019,2026-04-06,Email,Purchase
I7098,C10923,2025-05-03,Branch,Login
I7099,C10150,2025-12-27,Email,Inquiry
I7100,C10672,2026-01-16,Mobile,Purchase
I7101,C10703,2026-01-18,Mobile,Support
I7102,C10980,2025-11-02,Branch,Purchase
I7103,C10049,2025-11-25,Branch,Purchase
I7104,C10381,2025-11-06,Mobile,Support
I7105,C10566,2025-09-07,Web,Complaint
I7106,C10972,2026-07-05,Email,Purchase
I7107,C10714,2025-10-30,Email,Purchase
I7108,C10471,2026-01-06,Branch,Inquiry
I7109,C10192,2025-07-15,Call,Purchase
I7110,C10260,2025-12-04,Call,Complaint
I7111,C10796,2026-04-26,Call,Inquiry
I7112,C10331,2026-07-31,Branch,Support
I7113,C10949,2025-09-24,Branch,Purchase
I7114,C10450,2026-02-03,Call,Login
I7115,C10200,2025-02-27,Email,Inquiry
I7116,C10838,2026-07-14,Call,Login
I7117,C10805,2025-12-15,Branch,Inquiry
I7118,C10356,2026-02-18,Call,Purchase
I7119,C10766,2025-05-23,Web,Login
I7120,C10532,2025-03-23,Mobile,Login
I7121,C10976,2026-08-04,Web,Complaint
I7122,C10333,2026-03-22,Branch,Support
I7123,C10616,2025-03-16,Call,Support
I7124,C10646,2025-01-24,Email,Complaint
I7125,C10626,2025-12-29,Mobile,Purchase
I7126,C10570,2025-01-24,Web,Complaint
I7127,C10214,2026-07-21,Email,Purchase
I7128,C10774,2026-02-26,Mobile,Inquiry
I7129,C10488,2025-02-09,Call,Inquiry
I7130,C10088,2025-05-24,Branch,Purchase
I7131,C10735,2026-05-04,Call,Complaint
I7132,C10797,2026-05-12,Call,Login
I7133,C10892,2025-08-15,Web,Inquiry
I7134,C10320,2026-08-15,Web,Inquiry
I7135,C10832,2026-04-29,Web,Complaint
I7136,C10253,2025-04-23,Web,Purchase
I7137,C10796,2026-03-01,Email,Purchase
I7138,C10364,2025-11-21,Branch,Login
I7139,C10867,2026-02-08,Call,Support
I7140,C10403,2025-05-05,Branch,Inquiry
I7141,C10939,2025-06-20,Mobile,Complaint
I7142,C10684,2025-07-12,Branch,Inquiry
I7143,C10485,2025-08-20,Branch,Purchase
I7144,C10815,2026-01-20,Email,Support
I7145,C10468,2026-05-17,Mobile,Support
I7146,C10775,2026-05-01,Branch,Login
I7147,C10656,2026-05-04,Web,Support
I7148,C10445,2025-06-28,Mobile,Purchase
I7149,C10093,2026-02-12,Mobile,Complaint
I7150,C10149,2025-12-08,Branch,Complaint
I7151,C10774,2025-11-17,Branch,Purchase
I7152,C10512,2025-07-16,Call,Support
I7153,C10261,2025-05-30,Branch,Complaint
I7154,C10258,2025-09-11,Call,Support
I7155,C10634,2025-03-11,Email,Purchase
I7156,C10019,2026-06-20,Email,Support
I7157,C10000,2026-06-15,Branch,Login
I7158,C10078,2025-10-29,Email,Complaint
I7159,C10674,2026-04-23,Mobile,Purchase
I7160,C10670,2025-08-09,Branch,Inquiry
I7161,C10596,2026-02-28,Branch,Purchase
I7162,C10186,2025-07-17,Call,Support
I7163,C10121,2026-03-17,Mobile,Purchase
I7164,C10523,2025-05-02,Web,Login
I7165,C10919,2025-04-11,Mobile,Purchase
I7166,C10034,2026-02-08,Call,Support
I7167,C10446,2026-06-23,Web,Complaint
I7168,C10917,2025-02-25,Branch,Login
I7169,C10037,2026-02-18,Branch,Purchase
I7170,C10458,2026-02-06,Web,Complaint
I7171,C10641,2026-03-19,Email,Complaint
I7172,C10688,2026-06-28,Web,Support
I7173,C10188,2025-03-27,Call,Inquiry
I7174,C10754,2025-07-01,Web,Complaint
I7175,C10431,2026-08-26,Call,Inquiry
I7176,C10150,2026-01-25,Call,Purchase
I7177,C10126,2026-01-03,Branch,Support
I7178,C10756,2026-02-05,Branch,Purchase
I7179,C10506,2026-02-10,Branch,Inquiry
I7180,C10303,2026-01-23,Web,Purchase
I7181,C10105,2026-04-10,Web,Login
I7182,C10086,2026-05-26,Mobile,Support
I7183,C10090,2025-11-22,Call,Login
I7184,C10799,2026-02-19,Web,Inquiry
I7185,C10144,2025-07-02,Branch,Login
I7186,C10161,2025-06-24,Call,Inquiry
I7187,C10790,2026-03-30,Call,Purchase
I7188,C10950,2025-04-29,Email,Inquiry
I7189,C10130,2026-06-16,Email,Complaint
I7190,C10938,2025-03-23,Call,Complaint
I7191,C10091,2025-01-08,Call,Login
I7192,C10843,2025-05-27,Mobile,Complaint
I7193,C10824,2025-01-07,Branch,Inquiry
I7194,C10250,2026-01-07,Email,Inquiry
I7195,C10805,2025-12-13,Web,Complaint
I7196,C10499,2026-04-01,Mobile,Login
I7197,C10860,2026-05-27,Mobile,Support
I7198,C10609,2026-05-14,Branch,Support
I7199,C10349,2025-03-10,Web,Complaint
I7200,C10356,2026-08-21,Email,Complaint
I7201,C10500,2026-07-31,Branch,Complaint
I7202,C10770,2025-03-29,Call,Complaint
I7203,C10150,2026-03-25,Mobile,Purchase
I7204,C10534,2026-06-16,Call,Support
I7205,C10087,2026-08-21,Email,Support
I7206,C10668,2026-07-18,Email,Purchase
I7207,C10228,2026-05-28,Call,Support
I7208,C10471,2025-11-07,Call,Inquiry
I7209,C10158,2025-02-01,Mobile,Inquiry
I7210,C10722,2025-08-28,Web,Inquiry
I7211,C10337,2025-04-27,Call,Login
I7212,C10370,2025-03-31,Branch,Inquiry
I7213,C10460,2026-02-22,Email,Login
I7214,C10050,2025-10-31,Branch,Complaint
I7215,C10937,2025-02-11,Email,Complaint
I7216,C10017,2025-10-01,Mobile,Complaint
I7217,C10107,2025-07-03,Email,Complaint
I7218,C10734,2025-04-23,Email,Complaint
I7219,C10432,2025-03-20,Mobile,Inquiry
I7220,C10219,2025-04-28,Call,Purchase
I7221,C10748,2025-10-05,Call,Complaint
I7222,C10938,2026-04-12,Email,Purchase
I7223,C10493,2026-05-17,Web,Purchase
I7224,C10488,2026-03-08,Branch,Purchase
I7225,C10763,2025-09-25,Mobile,Support
I7226,C10440,2025-02-16,Mobile,Purchase
I7227,C10554,2026-04-26,Email,Inquiry
I7228,C10038,2026-04-03,Email,Inquiry
I7229,C10465,2026-04-29,Branch,Support
I7230,C10911,2026-03-24,Mobile,Support
I7231,C10711,2025-03-25,Call,Inquiry
I7232,C10533,2026-07-27,Email,Complaint
I7233,C10682,2025-08-23,Mobile,Inquiry
I7234,C10189,2026-02-19,Call,Complaint
I7235,C10645,2026-06-24,Mobile,Inquiry
I7236,C10036,2025-08-04,Call,Purchase
I7237,C10615,2026-08-31,Email,Complaint
I7238,C10283,2025-06-22,Call,Login
I7239,C10952,2025-01-12,Mobile,Purchase
I7240,C10510,2025-04-09,Web,Inquiry
I7241,C10086,2026-02-26,Web,Complaint
I7242,C10044,2026-06-15,Web,Login
I7243,C10683,2025-06-13,Email,Inquiry
I7244,C10081,2026-06-23,Email,Login
I7245,C10641,2026-03-08,Mobile,Purchase
I7246,C10605,2025-07-18,Web,Complaint
I7247,C10015,2025-07-15,Branch,Complaint
I7248,C10867,2026-06-28,Branch,Purchase
I7249,C10109,2025-01-03,Web,Complaint
I7250,C10734,2025-06-25,Email,Complaint
I7251,C10295,2026-05-25,Email,Support
I7252,C10352,2026-02-20,Branch,Complaint
I7253,C10786,2025-05-04,Branch,Inquiry
I7254,C10729,2026-02-27,Email,Login
I7255,C10419,2025-09-27,Email,Support
I7256,C10142,2025-02-11,Call,Login
I7257,C10616,2025-04-18,Call,Inquiry
I7258,C10805,2025-07-10,Branch,Inquiry
I7259,C10825,2025-06-19,Email,Inquiry
I7260,C10069,2025-11-20,Web,Inquiry
I7261,C10899,2025-06-25,Mobile,Inquiry
I7262,C10859,2025-10-04,Mobile,Login
I7263,C10887,2025-06-12,Email,Support
I7264,C10506,2025-12-08,Email,Purchase
I7265,C10436,2026-05-31,Branch,Login
I7266,C10833,2025-05-02,Web,Inquiry
I7267,C10808,2026-07-20,Branch,Support
I7268,C10375,2025-11-17,Web,Complaint
I7269,C10183,2026-03-08,Branch,Purchase
I7270,C10167,2025-08-11,Email,Purchase
I7271,C10196,2025-09-08,Email,Login
I7272,C10783,2025-07-28,Branch,Inquiry
I7273,C10837,2026-02-01,Branch,Purchase
I7274,C10922,2025-01-03,Call,Complaint
I7275,C10740,2026-07-11,Mobile,Support
I7276,C10083,2025-04-04,Call,Login
I7277,C10368,2026-06-23,Call,Login
I7278,C10435,2025-11-10,Web,Complaint
I7279,C10161,2026-04-15,Web,Complaint
I7280,C10883,2025-04-14,Web,Purchase
I7281,C10261,2026-03-08,Web,Purchase
I7282,C10551,2025-03-07,Email,Support
I7283,C10165,2026-01-07,Mobile,Support
I7284,C10478,2026-06-18,Web,Complaint
I7285,C10151,2026-01-03,Email,Inquiry
I7286,C10541,2025-09-07,Call,Complaint
I7287,C10198,2026-03-16,Mobile,Purchase
I7288,C10241,2025-05-10,Email,Support
I7289,C10008,2026-01-30,Call,Login
I7290,C10125,2026-04-01,Call,Support
I7291,C10404,2025-03-04,Email,Login
I7292,C10377,2025-08-22,Email,Inquiry
I7293,C10295,2026-08-23,Email,Login
I7294,C10898,2026-07-15,Email,Support
I7295,C10479,2025-12-12,Email,Login
I7296,C10479,2025-02-24,Web,Inquiry
I7297,C10582,2026-07-03,Branch,Login
I7298,C10005,2025-10-30,Web,Login
I7299,C10161,2026-01-23,Branch,Support
I7300,C10224,2025-04-26,Branch,Purchase
I7301,C10577,2025-04-09,Branch,Support
I7302,C10927,2025-04-27,Web,Login
I7303,C10336,2025-12-25,Email,Support
I7304,C10949,2026-07-15,Mobile,Purchase
I7305,C10818,2025-07-15,Web,Complaint
I7306,C10776,2026-05-05,Email,Inquiry
I7307,C10207,2025-04-07,Mobile,Inquiry
I7308,C10301,2026-06-13,Branch,Login
I7309,C10730,2025-10-12,Web,Complaint
I7310,C10667,2026-03-26,Mobile,Purchase
I7311,C10759,2025-05-03,Branch,Purchase
I7312,C10583,2026-05-23,Mobile,Inquiry
I7313,C10856,2025-10-10,Call,Support
I7314,C10650,2025-07-22,Email,Complaint
I7315,C10947,2025-02-20,Email,Purchase
I7316,C10938,2026-06-12,Call,Support
I7317,C10033,2025-07-12,Mobile,Login
I7318,C10360,2026-03-23,Branch,Complaint
I7319,C10467,2026-01-07,Email,Purchase
I7320,C10894,2025-02-08,Email,Inquiry
I7321,C10792,2025-02-05,Email,Purchase
I7322,C10001,2025-02-25,Web,Support
I7323,C10370,2025-09-25,Call,Complaint
I7324,C10182,2026-01-21,Web,Inquiry
I7325,C10974,2025-06-01,Mobile,Login
I7326,C10698,2026-05-08,Mobile,Purchase
I7327,C10167,2026-03-27,Branch,Support
I7328,C10366,2025-03-15,Mobile,Inquiry
I7329,C10073,2025-10-23,Email,Purchase
I7330,C10306,2025-01-11,Email,Purchase
I7331,C10786,2025-12-03,Email,Login
I7332,C10538,2026-05-30,Email,Complaint
I7333,C10500,2025-08-25,Email,Complaint
I7334,C10240,2025-10-31,Email,Support
I7335,C10091,2026-03-27,Branch,Purchase
I7336,C10521,2025-11-17,Email,Purchase
I7337,C10733,2025-04-07,Web,Login
I7338,C10992,2025-04-07,Email,Complaint
I7339,C10083,2026-07-07,Call,Purchase
I7340,C10791,2026-01-28,Web,Login
I7341,C10196,2025-06-29,Branch,Support
I7342,C10445,2025-03-12,Email,Complaint
I7343,C10238,2025-10-03,Branch,Complaint
I7344,C10036,2026-08-01,Mobile,Login
I7345,C10971,2026-05-07,Call,Purchase
I7346,C10129,2026-09-01,Web,Inquiry
I7347,C10422,2025-03-25,Call,Inquiry
I7348,C10718,2025-05-09,Email,Purchase
I7349,C10403,2025-07-11,Branch,Login
I7350,C10832,2025-06-29,Mobile,Support
I7351,C10211,2026-07-17,Mobile,Purchase
I7352,C10033,2026-08-19,Branch,Inquiry
I7353,C10689,2025-12-18,Email,Complaint
I7354,C10804,2025-01-06,Mobile,Login
I7355,C10968,2026-05-12,Email,Purchase
I7356,C10881,2026-03-25,Call,Complaint
I7357,C10357,2025-01-28,Branch,Purchase
I7358,C10436,2025-06-29,Mobile,Complaint
I7359,C10291,2025-01-22,Mobile,Login
I7360,C10504,2025-06-03,Mobile,Purchase
I7361,C10054,2026-03-02,Branch,Login
I7362,C10712,2025-09-26,Call,Support
I7363,C10381,2026-05-03,Email,Inquiry
I7364,C10780,2025-04-25,Call,Inquiry
I7365,C10061,2025-11-29,Web,Login
I7366,C10942,2026-04-26,Web,Login
I7367,C10364,2025-09-01,Branch,Complaint
I7368,C10094,2025-08-23,Email,Complaint
I7369,C10893,2025-03-21,Call,Purchase
I7370,C10390,2025-11-19,Branch,Purchase
I7371,C10695,2025-12-15,Mobile,Purchase
I7372,C10466,2025-03-27,Email,Purchase
I7373,C10790,2026-05-16,Email,Inquiry
I7374,C10243,2025-11-05,Call,Purchase
I7375,C10008,2026-05-23,Web,Login
I7376,C10686,2026-07-06,Email,Support
I7377,C10804,2026-06-22,Mobile,Login
I7378,C10131,2025-03-08,Branch,Purchase
I7379,C10767,2025-12-08,Branch,Purchase
I7380,C10225,2025-11-13,Branch,Login
I7381,C10678,2026-04-18,Branch,Login
I7382,C10430,2025-07-30,Email,Support
I7383,C10267,2025-01-17,Web,Support
I7384,C10829,2025-12-20,Web,Support
I7385,C10313,2026-08-16,Branch,Support
I7386,C10280,2025-07-28,Email,Inquiry
I7387,C10549,2026-04-24,Mobile,Complaint
I7388,C10102,2026-06-09,Web,Complaint
I7389,C10137,2025-06-18,Web,Inquiry
I7390,C10866,2025-06-03,Call,Purchase
I7391,C10018,2026-02-27,Web,Support
I7392,C10373,2025-11-30,Mobile,Complaint
I7393,C10905,2025-03-02,Branch,Support
I7394,C10892,2025-03-15,Mobile,Inquiry
I7395,C10184,2025-05-05,Email,Purchase
I7396,C10551,2025-04-19,Branch,Support
I7397,C10531,2025-10-29,Call,Login
I7398,C10549,2025-09-04,Call,Complaint
I7399,C10022,2026-04-17,Mobile,Inquiry
I7400,C10539,2026-05-02,Mobile,Login
I7401,C10808,2026-01-08,Call,Login
I7402,C10202,2026-05-17,Email,Purchase
I7403,C10278,2025-01-12,Email,Complaint
I7404,C10565,2026-01-07,Call,Support
I7405,C10687,2026-03-17,Branch,Support
I7406,C10074,2026-05-03,Mobile,Support
I7407,C10414,2026-05-26,Call,Login
I7408,C10403,2025-07-10,Branch,Complaint
I7409,C10407,2026-07-31,Email,Login
I7410,C10285,2026-03-25,Web,Inquiry
I7411,C10943,2025-12-20,Mobile,Complaint
I7412,C10560,2026-06-01,Mobile,Login
I7413,C10096,2026-07-19,Branch,Inquiry
I7414,C10071,2026-08-08,Web,Purchase
I7415,C10751,2026-06-21,Email,Complaint
I7416,C10124,2025-04-30,Email,Complaint
I7417,C10145,2026-04-23,Web,Login
I7418,C10975,2025-01-06,Mobile,Purchase
I7419,C10845,2026-03-11,Mobile,Login
I7420,C10275,2025-06-26,Email,Inquiry
I7421,C10862,2026-05-16,Call,Login
I7422,C10663,2025-10-15,Mobile,Support
I7423,C10288,2026-07-09,Call,Complaint
I7424,C10590,2025-07-02,Branch,Inquiry
I7425,C10757,2025-06-17,Call,Inquiry
I7426,C10717,2025-05-30,Mobile,Support
I7427,C10710,2025-10-04,Web,Complaint
I7428,C10283,2026-02-28,Web,Support
I7429,C10453,2025-08-27,Web,Purchase
I7430,C10021,2026-01-25,Branch,Support
I7431,C10578,2025-12-15,Email,Support
I7432,C10741,2025-09-24,Mobile,Inquiry
I7433,C10872,2025-05-16,Web,Support
I7434,C10446,2026-06-12,Call,Support
I7435,C10100,2026-01-04,Call,Support
I7436,C10881,2025-02-12,Web,Complaint
I7437,C10676,2025-10-27,Web,Inquiry
I7438,C10183,2026-01-05,Branch,Purchase
I7439,C10486,2025-12-06,Email,Login
I7440,C10967,2026-05-04,Email,Inquiry
I7441,C10391,2026-05-09,Email,Login
I7442,C10929,2025-01-25,Call,Support
I7443,C10377,2026-08-28,Call,Inquiry
I7444,C10136,2026-05-28,Branch,Support
I7445,C10751,2025-04-07,Branch,Login
I7446,C10286,2025-06-28,Branch,Inquiry
I7447,C10915,2025-10-09,Mobile,Login
I7448,C10521,2025-02-18,Web,Complaint
I7449,C10568,2025-09-05,Web,Purchase
I7450,C10269,2026-05-02,Call,Complaint
I7451,C10991,2026-01-05,Email,Purchase
I7452,C10880,2025-10-13,Mobile,Inquiry
I7453,C10423,2025-01-02,Email,Inquiry
I7454,C10499,2025-06-07,Mobile,Inquiry
I7455,C10971,2025-03-06,Call,Inquiry
I7456,C10083,2026-01-22,Branch,Support
I7457,C10618,2026-05-14,Call,Complaint
I7458,C10449,2025-12-09,Branch,Complaint
I7459,C10838,2026-03-08,Email,Login
I7460,C10129,2025-02-25,Call,Purchase
I7461,C10605,2025-02-20,Web,Support
I7462,C10763,2025-12-27,Email,Complaint
I7463,C10196,2025-01-01,Mobile,Login
I7464,C10426,2025-07-28,Web,Inquiry
I7465,C10021,2025-09-30,Web,Complaint
I7466,C10030,2026-07-10,Email,Login
I7467,C10513,2026-01-04,Branch,Complaint
I7468,C10870,2026-05-03,Branch,Inquiry
I7469,C10687,2026-01-15,Call,Support
I7470,C10939,2026-01-06,Web,Purchase
I7471,C10845,2025-06-23,Mobile,Support
I7472,C10708,2025-02-24,Call,Support
I7473,C10407,2025-07-27,Web,Purchase
I7474,C10417,2026-02-12,Web,Purchase
I7475,C10752,2026-05-28,Mobile,Purchase
I7476,C10266,2025-05-16,Branch,Complaint
I7477,C10754,2026-08-13,Web,Complaint
I7478,C10587,2026-04-02,Web,Login
I7479,C10477,2025-03-03,Email,Complaint
I7480,C10370,2026-02-23,Call,Login
I7481,C10726,2025-05-27,Web,Support
I7482,C10225,2025-10-23,Email,Support
I7483,C10922,2025-06-29,Branch,Complaint
I7484,C10915,2026-08-09,Mobile,Purchase
I7485,C10862,2025-11-12,Branch,Support
I7486,C10175,2025-10-19,Call,Complaint
I7487,C10136,2025-03-09,Mobile,Purchase
I7488,C10053,2025-05-19,Mobile,Complaint
I7489,C10750,2026-02-20,Email,Support
I7490,C10803,2026-01-15,Mobile,Inquiry
I7491,C10095,2025-08-13,Call,Login
I7492,C10948,2025-12-12,Web,Complaint
I7493,C10406,2026-06-14,Web,Purchase
I7494,C10315,2025-04-29,Branch,Inquiry
I7495,C10732,2026-03-31,Email,Support
I7496,C10457,2025-10-05,Mobile,Inquiry
I7497,C10323,2025-06-04,Call,Complaint
I7498,C10996,2025-05-30,Branch,Complaint
I7499,C10231,2026-07-02,Branch,Inquiry
I7500,C10394,2025-12-05,Call,Inquiry
I7501,C10272,2025-08-22,Branch,Support
I7502,C10822,2025-12-08,Branch,Support
I7503,C10082,2025-08-28,Email,Login
I7504,C10581,2025-05-06,Web,Inquiry
I7505,C10557,2026-07-20,Branch,Inquiry
I7506,C10284,2025-08-04,Email,Purchase
I7507,C10256,2026-06-30,Email,Inquiry
I7508,C10255,2025-07-04,Call,Complaint
I7509,C10681,2026-02-20,Web,Inquiry
I7510,C10022,2026-01-20,Mobile,Support
I7511,C10380,2025-04-25,Branch,Inquiry
I7512,C10355,2026-02-20,Email,Inquiry
I7513,C10318,2026-05-01,Call,Complaint
I7514,C10273,2026-04-10,Mobile,Purchase
I7515,C10506,2025-11-16,Mobile,Login
I7516,C10821,2025-07-08,Email,Support
I7517,C10091,2026-05-15,Mobile,Inquiry
I7518,C10789,2025-02-27,Call,Purchase
I7519,C10883,2025-09-02,Call,Inquiry
I7520,C10457,2026-03-27,Email,Purchase
I7521,C10566,2025-04-17,Web,Login
I7522,C10810,2026-05-20,Email,Inquiry
I7523,C10806,2026-04-22,Mobile,Inquiry
I7524,C10854,2026-02-09,Email,Login
I7525,C10297,2026-06-11,Branch,Inquiry
I7526,C10055,2025-10-21,Branch,Purchase
I7527,C10184,2026-03-31,Web,Complaint
I7528,C10628,2026-07-31,Branch,Purchase
I7529,C10088,2025-03-07,Branch,Support
I7530,C10107,2026-03-08,Call,Support
I7531,C10967,2026-02-20,Email,Inquiry
I7532,C10882,2025-12-25,Branch,Complaint
I7533,C10492,2026-05-01,Branch,Support
I7534,C10840,2025-11-09,Mobile,Complaint
I7535,C10657,2025-07-29,Email,Inquiry
I7536,C10304,2025-10-12,Web,Login
I7537,C10374,2026-03-03,Call,Inquiry
I7538,C10379,2025-11-30,Call,Inquiry
I7539,C10715,2026-03-05,Mobile,Purchase
I7540,C10814,2025-12-19,Mobile,Complaint
I7541,C10439,2026-06-30,Call,Purchase
I7542,C10615,2025-06-13,Mobile,Login
I7543,C10886,2025-08-04,Call,Support
I7544,C10709,2025-07-30,Email,Complaint
I7545,C10389,2025-05-01,Email,Login
I7546,C10532,2025-05-31,Web,Purchase
I7547,C10342,2025-09-13,Branch,Login
I7548,C10968,2025-01-15,Branch,Inquiry
I7549,C10074,2025-05-31,Mobile,Support
I7550,C10095,2025-11-02,Web,Complaint
I7551,C10920,2025-08-26,Web,Complaint
I7552,C10222,2025-02-26,Email,Purchase
I7553,C10067,2026-06-01,Mobile,Login
I7554,C10196,2026-01-03,Call,Support
I7555,C10467,2026-05-27,Call,Complaint
I7556,C10856,2026-05-05,Branch,Support
I7557,C10881,2026-04-15,Email,Support
I7558,C10568,2025-06-21,Email,Purchase
I7559,C10995,2026-01-10,Branch,Login
I7560,C10040,2025-08-15,Web,Inquiry
I7561,C10510,2025-09-06,Call,Login
I7562,C10000,2026-04-16,Mobile,Inquiry
I7563,C10889,2026-01-31,Email,Purchase
I7564,C10236,2025-04-12,Email,Login
I7565,C10099,2025-11-19,Web,Inquiry
I7566,C10013,2025-10-07,Mobile,Support
I7567,C10173,2025-08-07,Branch,Inquiry
I7568,C10084,2025-10-06,Branch,Support
I7569,C10368,2026-02-23,Mobile,Inquiry
I7570,C10047,2026-02-07,Call,Support
I7571,C10018,2025-11-05,Branch,Inquiry
I7572,C10731,2025-05-19,Web,Login
I7573,C10004,2025-08-23,Web,Inquiry
I7574,C10863,2025-04-10,Email,Purchase
I7575,C10809,2025-11-28,Email,Purchase
I7576,C10757,2025-11-09,Mobile,Support
I7577,C10900,2025-12-30,Email,Inquiry
I7578,C10908,2025-03-30,Email,Inquiry
I7579,C10599,2025-01-05,Email,Login
I7580,C10035,2025-04-26,Web,Login
I7581,C10637,2025-03-17,Call,Inquiry
I7582,C10596,2026-06-20,Call,Inquiry
I7583,C10311,2025-03-10,Branch,Login
I7584,C10402,2026-04-17,Mobile,Login
I7585,C10114,2025-08-11,Web,Inquiry
I7586,C10737,2026-02-17,Call,Complaint
I7587,C10410,2025-09-01,Email,Purchase
I7588,C10203,2026-01-05,Email,Support
I7589,C10499,2025-08-08,Call,Complaint
I7590,C10383,2025-06-07,Branch,Purchase
I7591,C10393,2026-01-05,Web,Support
I7592,C10931,2025-07-23,Email,Purchase
I7593,C10826,2026-05-19,Web,Purchase
I7594,C10123,2026-01-01,Email,Support
I7595,C10315,2025-04-05,Call,Inquiry
I7596,C10260,2026-04-01,Mobile,Purchase
I7597,C10237,2025-12-13,Email,Login
I7598,C10280,2026-01-04,Call,Support
I7599,C10535,2025-01-01,Mobile,Complaint
I7600,C10567,2026-05-01,Web,Complaint
I7601,C10477,2026-01-01,Mobile,Purchase
I7602,C10443,2026-02-22,Mobile,Complaint
I7603,C10377,2025-08-01,Branch,Support
I7604,C10485,2025-08-07,Call,Login
I7605,C10323,2026-04-03,Call,Purchase
I7606,C10996,2025-11-28,Branch,Login
I7607,C10501,2026-08-16,Email,Support
I7608,C10324,2025-04-03,Mobile,Complaint
I7609,C10731,2025-09-06,Call,Support
I7610,C10965,2025-01-27,Web,Complaint
I7611,C10622,2025-01-24,Call,Inquiry
I7612,C10646,2026-06-25,Branch,Purchase
I7613,C10065,2026-06-17,Web,Complaint
I7614,C10353,2025-07-06,Email,Complaint
I7615,C10829,2025-10-20,Branch,Support
I7616,C10503,2025-06-05,Web,Inquiry
I7617,C10970,2025-02-10,Branch,Inquiry
I7618,C10573,2025-08-13,Web,Purchase
I7619,C10413,2026-08-05,Call,Inquiry
I7620,C10634,2026-01-09,Branch,Inquiry
I7621,C10760,2025-08-14,Email,Support
I7622,C10393,2025-08-05,Email,Complaint
I7623,C10986,2026-04-08,Branch,Inquiry
I7624,C10978,2026-05-22,Web,Login
I7625,C10733,2025-12-03,Branch,Purchase
I7626,C10850,2026-03-03,Mobile,Complaint
I7627,C10847,2026-03-18,Branch,Complaint
I7628,C10806,2025-09-17,Call,Support
I7629,C10550,2025-12-02,Call,Complaint
I7630,C10818,2026-07-27,Branch,Support
I7631,C10643,2025-01-28,Branch,Support
I7632,C10663,2026-08-15,Email,Inquiry
I7633,C10040,2025-03-22,Call,Support
I7634,C10129,2025-04-21,Email,Inquiry
I7635,C10114,2026-01-12,Mobile,Login
I7636,C10014,2026-05-30,Email,Inquiry
I7637,C10883,2025-01-07,Branch,Support
I7638,C10178,2026-01-25,Email,Complaint
I7639,C10109,2025-07-24,Branch,Support
I7640,C10076,2025-05-10,Web,Purchase
I7641,C10594,2025-02-24,Email,Support
I7642,C10667,2025-02-09,Branch,Complaint
I7643,C10359,2026-03-05,Email,Inquiry
I7644,C10279,2026-04-20,Email,Inquiry
I7645,C10374,2025-12-16,Mobile,Complaint
I7646,C10186,2025-03-06,Web,Complaint
I7647,C10255,2026-02-06,Call,Login
I7648,C10340,2025-01-19,Web,Complaint
I7649,C10260,2026-08-23,Call,Support
I7650,C10045,2025-02-17,Call,Inquiry
I7651,C10300,2025-11-29,Mobile,Login
I7652,C10939,2025-10-01,Web,Complaint
I7653,C10768,2026-08-16,Email,Support
I7654,C10786,2026-08-10,Call,Login
I7655,C10949,2025-12-06,Call,Support
I7656,C10732,2025-11-18,Email,Inquiry
I7657,C10671,2025-01-24,Branch,Inquiry
I7658,C10022,2025-03-31,Mobile,Inquiry
I7659,C10366,2025-12-10,Email,Complaint
I7660,C10572,2025-03-29,Mobile,Login
I7661,C10690,2025-08-02,Call,Login
I7662,C10604,2026-05-27,Web,Support
I7663,C10470,2025-12-15,Branch,Inquiry
I7664,C10679,2026-04-03,Mobile,Purchase
I7665,C10762,2025-03-28,Web,Purchase
I7666,C10006,2026-08-16,Email,Support
I7667,C10182,2025-09-04,Mobile,Purchase
I7668,C10375,2026-04-27,Email,Login
I7669,C10258,2025-05-27,Mobile,Purchase
I7670,C10640,2026-04-01,Branch,Inquiry
I7671,C10599,2025-09-17,Call,Login
I7672,C10504,2026-08-02,Branch,Support
I7673,C10050,2026-05-01,Mobile,Purchase
I7674,C10217,2025-01-23,Email,Inquiry
I7675,C10255,2026-07-26,Web,Login
I7676,C10689,2026-05-04,Email,Complaint
I7677,C10402,2026-04-21,Branch,Support
I7678,C10530,2025-11-05,Call,Inquiry
I7679,C10718,2026-08-27,Mobile,Support
I7680,C10379,2025-04-05,Branch,Inquiry
I7681,C10571,2026-08-20,Email,Login
I7682,C10889,2025-09-14,Web,Support
I7683,C10366,2025-02-12,Mobile,Support
I7684,C10789,2026-05-23,Web,Support
I7685,C10840,2025-05-25,Branch,Inquiry
I7686,C10053,2025-10-17,Web,Inquiry
I7687,C10599,2025-06-09,Branch,Complaint
I7688,C10843,2026-06-08,Email,Inquiry
I7689,C10534,2026-03-25,Branch,Purchase
I7690,C10511,2025-12-17,Branch,Login
I7691,C10144,2026-02-18,Call,Support
I7692,C10225,2026-06-05,Branch,Complaint
I7693,C10076,2026-08-13,Mobile,Inquiry
I7694,C10139,2026-07-18,Branch,Login
I7695,C10878,2026-06-03,Branch,Purchase
I7696,C10746,2025-03-11,Email,Purchase
I7697,C10926,2026-08-31,Email,Inquiry
I7698,C10086,2025-08-21,Branch,Inquiry
I7699,C10237,2025-09-17,Call,Complaint
I7700,C10730,2025-10-09,Branch,Support
I7701,C10077,2025-04-19,Web,Inquiry
I7702,C10885,2025-10-16,Web,Support
I7703,C10587,2025-05-24,Branch,Login
I7704,C10466,2025-03-13,Call,Inquiry
I7705,C10259,2025-12-27,Call,Support
I7706,C10431,2025-08-30,Call,Support
I7707,C10413,2025-09-14,Mobile,Complaint
I7708,C10846,2026-05-29,Email,Complaint
I7709,C10078,2025-10-15,Email,Purchase
I7710,C10867,2026-02-05,Branch,Support
I7711,C10910,2026-07-22,Mobile,Login
I7712,C10400,2025-10-03,Mobile,Complaint
I7713,C10491,2026-08-09,Branch,Login
I7714,C10515,2025-07-25,Email,Support
I7715,C10194,2026-05-20,Mobile,Inquiry
I7716,C10353,2026-02-09,Web,Support
I7717,C10290,2025-03-24,Call,Login
I7718,C10857,2025-03-17,Mobile,Purchase
I7719,C10138,2025-11-29,Web,Login
I7720,C10783,2026-01-20,Branch,Login
I7721,C10176,2026-08-15,Branch,Inquiry
I7722,C10620,2025-08-31,Call,Complaint
I7723,C10300,2025-01-14,Branch,Complaint
I7724,C10081,2025-12-01,Web,Inquiry
I7725,C10623,2026-01-06,Email,Purchase
I7726,C10917,2025-10-03,Mobile,Complaint
I7727,C10553,2025-05-09,Call,Support
I7728,C10150,2025-06-21,Web,Login
I7729,C10778,2025-08-12,Web,Purchase
I7730,C10340,2026-07-29,Web,Support
I7731,C10822,2025-11-11,Call,Purchase
I7732,C10876,2025-03-04,Call,Purchase
I7733,C10995,2026-03-13,Call,Support
I7734,C10048,2026-02-25,Web,Login
I7735,C10862,2025-07-30,Email,Login
I7736,C10749,2025-02-27,Call,Login
I7737,C10930,2025-10-26,Call,Inquiry
I7738,C10495,2026-07-31,Call,Login
I7739,C10434,2026-04-06,Call,Inquiry
I7740,C10603,2026-02-18,Email,Complaint
I7741,C10414,2026-07-16,Call,Inquiry
I7742,C10526,2025-11-16,Email,Purchase
I7743,C10198,2025-04-03,Email,Support
I7744,C10039,2025-01-04,Web,Login
I7745,C10504,2025-06-28,Email,Support
I7746,C10500,2025-12-15,Branch,Support
I7747,C10201,2026-07-07,Call,Login
I7748,C10177,2026-04-18,Web,Purchase
I7749,C10033,2025-04-29,Branch,Complaint
I7750,C10318,2025-01-13,Branch,Purchase
I7751,C10774,2025-06-14,Mobile,Support
I7752,C10010,2026-08-27,Mobile,Login
I7753,C10551,2025-12-27,Email,Purchase
I7754,C10152,2025-10-03,Email,Support
I7755,C10937,2025-05-14,Email,Inquiry
I7756,C10333,2025-01-15,Mobile,Login
I7757,C10683,2026-02-18,Mobile,Inquiry
I7758,C10725,2025-09-29,Call,Support
I7759,C10887,2025-10-21,Mobile,Support
I7760,C10418,2025-10-20,Email,Support
I7761,C10202,2025-07-24,Branch,Login
I7762,C10612,2026-01-22,Call,Inquiry
I7763,C10720,2025-07-23,Call,Purchase
I7764,C10732,2026-05-27,Branch,Purchase
I7765,C10397,2025-04-12,Call,Complaint
I7766,C10865,2025-03-07,Call,Purchase
I7767,C10211,2025-09-10,Branch,Inquiry
I7768,C10727,2025-12-01,Mobile,Inquiry
I7769,C10650,2025-01-01,Call,Complaint
I7770,C10373,2025-11-04,Web,Complaint
I7771,C10034,2026-08-06,Mobile,Support
I7772,C10371,2026-07-24,Web,Inquiry
I7773,C10069,2025-04-15,Web,Support
I7774,C10298,2026-01-22,Mobile,Support
I7775,C10619,2025-06-25,Call,Purchase
I7776,C10659,2026-01-13,Email,Support
I7777,C10448,2026-04-03,Branch,Complaint
I7778,C10179,2025-07-06,Mobile,Support
I7779,C10774,2026-02-27,Email,Inquiry
I7780,C10858,2026-06-01,Email,Inquiry
I7781,C10026,2025-07-07,Email,Support
I7782,C10813,2026-06-17,Branch,Complaint
I7783,C10336,2025-06-04,Web,Support
I7784,C10956,2025-07-30,Web,Inquiry
I7785,C10008,2026-08-29,Email,Purchase
I7786,C10622,2026-06-13,Branch,Inquiry
I7787,C10230,2025-06-19,Mobile,Inquiry
I7788,C10628,2026-08-12,Email,Purchase
I7789,C10929,2025-11-29,Web,Login
I7790,C10557,2026-05-25,Call,Inquiry
I7791,C10677,2025-07-11,Call,Inquiry
I7792,C10328,2025-05-31,Branch,Purchase
I7793,C10864,2026-07-31,Branch,Support
I7794,C10452,2025-08-08,Web,Login
I7795,C10349,2026-01-29,Mobile,Login
I7796,C10974,2025-12-03,Mobile,Inquiry
I7797,C10902,2025-04-05,Web,Complaint
I7798,C10618,2026-05-18,Branch,Purchase
I7799,C10428,2026-06-07,Web,Inquiry
I7800,C10749,2026-03-27,Email,Purchase
I7801,C10589,2025-06-01,Web,Login
I7802,C10050,2026-07-13,Mobile,Complaint
I7803,C10317,2025-11-05,Web,Complaint
I7804,C10762,2025-01-31,Email,Complaint
I7805,C10354,2025-12-13,Branch,Support
I7806,C10134,2025-08-01,Web,Login
I7807,C10307,2026-08-31,Email,Login
I7808,C10036,2025-03-22,Email,Support
I7809,C10900,2026-05-26,Email,Purchase
I7810,C10068,2025-01-14,Call,Complaint
I7811,C10882,2025-10-01,Web,Support
I7812,C10859,2026-04-20,Email,Purchase
I7813,C10288,2025-10-17,Call,Complaint
I7814,C10173,2026-06-05,Email,Support
I7815,C10549,2025-01-18,Mobile,Support
I7816,C10745,2025-08-15,Call,Login
I7817,C10760,2025-12-16,Call,Inquiry
I7818,C10564,2025-04-24,Web,Complaint
I7819,C10974,2025-07-08,Call,Purchase
I7820,C10590,2025-11-24,Email,Purchase
I7821,C10627,2025-03-21,Web,Login
I7822,C10904,2025-09-06,Branch,Login
I7823,C10459,2025-11-26,Call,Support
I7824,C10471,2026-08-30,Mobile,Complaint
I7825,C10196,2026-01-01,Email,Support
I7826,C10085,2025-12-16,Web,Inquiry
I7827,C10162,2025-08-13,Call,Complaint
I7828,C10750,2025-07-07,Branch,Inquiry
I7829,C10893,2026-04-28,Branch,Complaint
I7830,C10885,2025-12-07,Mobile,Purchase
I7831,C10657,2026-06-02,Call,Support
I7832,C10626,2025-01-02,Web,Inquiry
I7833,C10543,2026-07-10,Branch,Purchase
I7834,C10846,2025-08-21,Web,Purchase
I7835,C10350,2026-06-20,Branch,Inquiry
I7836,C10716,2025-04-24,Email,Complaint
I7837,C10352,2025-11-02,Web,Purchase
I7838,C10464,2026-04-24,Mobile,Support
I7839,C10149,2026-05-15,Call,Purchase
I7840,C10257,2026-03-11,Mobile,Support
I7841,C10978,2026-03-24,Mobile,Inquiry
I7842,C10877,2025-09-13,Email,Inquiry
I7843,C10785,2025-01-21,Mobile,Complaint
I7844,C10346,2025-10-12,Web,Complaint
I7845,C10236,2026-04-15,Email,Complaint
I7846,C10064,2025-04-10,Call,Login
I7847,C10132,2026-07-04,Call,Support
I7848,C10392,2026-06-06,Call,Inquiry
I7849,C10950,2025-02-16,Call,Inquiry
I7850,C10815,2025-01-01,Branch,Inquiry
I7851,C10281,2025-06-19,Mobile,Support
I7852,C10423,2025-11-09,Branch,Inquiry
I7853,C10193,2025-10-01,Branch,Inquiry
I7854,C10753,2026-02-19,Call,Purchase
I7855,C10060,2026-01-17,Branch,Complaint
I7856,C10914,2025-07-10,Mobile,Support
I7857,C10833,2026-08-28,Branch,Complaint
I7858,C10686,2026-03-08,Web,Purchase
I7859,C10608,2026-05-21,Email,Inquiry
I7860,C10485,2025-07-02,Call,Purchase
I7861,C10542,2026-03-01,Email,Purchase
I7862,C10411,2026-02-04,Email,Complaint
I7863,C10779,2026-08-03,Mobile,Login
I7864,C10906,2026-06-06,Call,Purchase
I7865,C10892,2025-08-14,Mobile,Login
I7866,C10971,2025-09-13,Branch,Login
I7867,C10194,2025-01-02,Web,Complaint
I7868,C10612,2025-01-04,Branch,Inquiry
I7869,C10350,2026-06-14,Web,Inquiry
I7870,C10876,2026-06-15,Branch,Complaint
I7871,C10165,2025-01-13,Web,Login
I7872,C10803,2026-08-21,Call,Purchase
I7873,C10881,2025-06-03,Call,Support
I7874,C10858,2025-08-30,Call,Login
I7875,C10098,2025-04-14,Email,Support
I7876,C10577,2025-04-14,Branch,Support
I7877,C10315,2025-03-22,Email,Support
I7878,C10250,2026-08-18,Branch,Inquiry
I7879,C10043,2025-05-14,Call,Login
I7880,C10468,2025-12-19,Email,Inquiry
I7881,C10125,2026-07-07,Email,Login
I7882,C10046,2025-03-08,Branch,Support
I7883,C10668,2026-05-02,Mobile,Complaint
I7884,C10399,2026-02-05,Branch,Inquiry
I7885,C10844,2025-10-11,Branch,Login
I7886,C10786,2026-05-13,Call,Login
I7887,C10999,2025-04-07,Branch,Login
I7888,C10145,2025-06-12,Call,Purchase
I7889,C10434,2026-05-31,Email,Complaint
I7890,C10618,2025-02-11,Branch,Support
I7891,C10629,2025-08-04,Web,Login
I7892,C10834,2025-03-15,Branch,Login
I7893,C10742,2026-01-27,Call,Purchase
I7894,C10969,2025-01-28,Email,Purchase
I7895,C10864,2025-01-19,Branch,Support
I7896,C10257,2025-06-23,Email,Inquiry
I7897,C10474,2026-07-30,Branch,Complaint
I7898,C10307,2025-10-30,Email,Purchase
I7899,C10415,2025-12-28,Email,Login
I7900,C10189,2025-09-15,Branch,Support
I7901,C10872,2025-07-09,Call,Support
I7902,C10613,2025-08-16,Mobile,Inquiry
I7903,C10031,2025-07-28,Email,Complaint
I7904,C10220,2026-06-20,Web,Complaint
I7905,C10308,2025-01-10,Email,Inquiry
I7906,C10321,2025-11-01,Branch,Support
I7907,C10496,2026-03-09,Web,Purchase
I7908,C10074,2025-01-04,Mobile,Inquiry
I7909,C10350,2025-06-08,Mobile,Complaint
I7910,C10365,2026-05-22,Call,Support
I7911,C10221,2025-10-11,Email,Complaint
I7912,C10263,2025-08-28,Branch,Purchase
I7913,C10507,2025-05-04,Email,Inquiry
I7914,C10107,2025-04-22,Mobile,Complaint
I7915,C10537,2025-03-26,Web,Complaint
I7916,C10294,2026-08-12,Call,Support
I7917,C10472,2025-12-28,Web,Inquiry
I7918,C10524,2025-11-20,Branch,Inquiry
I7919,C10560,2026-04-13,Mobile,Complaint
I7920,C10204,2025-03-25,Web,Support
I7921,C10206,2025-08-13,Email,Inquiry
I7922,C10352,2026-07-18,Branch,Complaint
I7923,C10846,2026-06-03,Mobile,Inquiry
I7924,C10918,2025-04-09,Web,Login
I7925,C10827,2025-05-29,Mobile,Purchase
I7926,C10906,2025-03-22,Web,Complaint
I7927,C10918,2026-06-23,Mobile,Purchase
I7928,C10794,2026-01-08,Call,Support
I7929,C10327,2025-04-21,Web,Inquiry
I7930,C10229,2025-08-06,Email,Support
I7931,C10265,2025-10-29,Call,Support
I7932,C10401,2026-04-01,Mobile,Complaint
I7933,C10979,2025-03-25,Email,Inquiry
I7934,C10120,2026-02-09,Call,Support
I7935,C10698,2025-04-11,Email,Purchase
I7936,C10478,2025-07-08,Web,Inquiry
I7937,C10714,2025-08-04,Call,Purchase
I7938,C10320,2026-06-25,Web,Complaint
I7939,C10786,2025-10-05,Mobile,Inquiry
I7940,C10891,2025-08-06,Branch,Login
I7941,C10383,2026-04-06,Branch,Inquiry
I7942,C10514,2025-11-26,Mobile,Login
I7943,C10419,2026-04-11,Branch,Complaint
I7944,C10434,2026-08-25,Web,Login
I7945,C10050,2025-05-30,Call,Inquiry
I7946,C10404,2025-10-09,Email,Login
I7947,C10914,2026-04-03,Branch,Complaint
I7948,C10797,2026-08-23,Web,Inquiry
I7949,C10371,2025-06-04,Mobile,Inquiry
I7950,C10058,2025-08-27,Call,Inquiry
I7951,C10511,2025-12-30,Branch,Support
I7952,C10103,2026-03-25,Email,Complaint
I7953,C10368,2025-10-23,Email,Login
I7954,C10342,2025-09-16,Web,Support
I7955,C10592,2025-12-29,Email,Inquiry
I7956,C10963,2025-10-28,Email,Complaint
I7957,C10759,2026-08-19,Email,Inquiry
I7958,C10017,2026-02-25,Branch,Complaint
I7959,C10647,2026-07-28,Web,Login
I7960,C10336,2026-04-25,Call,Purchase
I7961,C10263,2025-03-26,Web,Complaint
I7962,C10862,2026-07-24,Call,Purchase
I7963,C10501,2026-05-21,Email,Complaint
I7964,C10070,2026-05-05,Branch,Support
I7965,C10297,2025-12-12,Email,Complaint
I7966,C10021,2025-06-13,Mobile,Purchase
I7967,C10309,2026-08-14,Mobile,Complaint
I7968,C10578,2025-01-27,Web,Purchase
I7969,C10743,2025-10-08,Branch,Inquiry
I7970,C10655,2025-11-06,Email,Purchase
I7971,C10838,2026-02-09,Mobile,Complaint
I7972,C10430,2026-06-12,Call,Login
I7973,C10254,2026-01-04,Email,Inquiry
I7974,C10762,2026-06-06,Email,Purchase
I7975,C10054,2026-07-29,Email,Purchase
I7976,C10109,2025-02-14,Web,Purchase
I7977,C10074,2025-06-22,Mobile,Purchase
I7978,C10746,2025-02-06,Web,Purchase
I7979,C10431,2026-06-14,Web,Complaint
I7980,C10632,2026-07-02,Branch,Purchase
I7981,C10514,2026-07-25,Mobile,Login
I7982,C10409,2025-08-10,Call,Support
I7983,C10839,2025-11-24,Branch,Complaint
I7984,C10966,2025-11-07,Branch,Login
I7985,C10600,2025-12-01,Mobile,Login
I7986,C10403,2026-05-21,Branch,Complaint
I7987,C10758,2025-06-26,Web,Complaint
I7988,C10813,2026-08-09,Branch,Login
I7989,C10059,2026-02-26,Email,Support
I7990,C10636,2026-03-30,Web,Inquiry
I7991,C10653,2026-04-06,Mobile,Purchase
I7992,C10471,2025-07-23,Web,Support
I7993,C10631,2025-05-11,Call,Support
I7994,C10932,2026-06-20,Email,Support
I7995,C10228,2026-02-23,Branch,Complaint
I7996,C10579,2025-05-23,Email,Purchase
I7997,C10096,2025-04-06,Branch,Inquiry
I7998,C10302,2025-03-06,Call,Complaint
I7999,C10339,2026-05-25,Call,Complaint
I8000,C10759,2025-01-20,Branch,Login
I8001,C10163,2026-06-01,Mobile,Support
I8002,C10963,2025-08-02,Web,Complaint
I8003,C10656,2025-01-08,Mobile,Support
I8004,C10041,2025-05-12,Call,Complaint
I8005,C10064,2025-12-10,Call,Support
I8006,C10309,2025-01-09,Branch,Support
I8007,C10749,2026-02-12,Email,Login
I8008,C10455,2025-07-01,Web,Login
I8009,C10689,2026-01-30,Mobile,Inquiry
I8010,C10114,2025-04-09,Mobile,Support
I8011,C10411,2025-07-31,Web,Login
I8012,C10800,2026-01-07,Call,Complaint
I8013,C10598,2025-09-02,Call,Purchase
I8014,C10450,2025-11-11,Branch,Login
I8015,C10709,2026-04-12,Branch,Inquiry
I8016,C10150,2025-02-01,Mobile,Inquiry
I8017,C10006,2026-05-17,Branch,Complaint
I8018,C10740,2025-06-12,Branch,Inquiry
I8019,C10180,2026-04-05,Email,Inquiry
I8020,C10208,2025-08-24,Email,Support
I8021,C10910,2025-12-25,Branch,Purchase
I8022,C10141,2025-04-27,Email,Login
I8023,C10550,2025-04-16,Mobile,Complaint
I8024,C10747,2026-03-10,Call,Support
I8025,C10247,2026-02-13,Branch,Support
I8026,C10478,2026-02-10,Email,Complaint
I8027,C10745,2025-04-12,Web,Complaint
I8028,C10521,2025-03-10,Email,Purchase
I8029,C10693,2026-04-08,Web,Purchase
I8030,C10314,2025-01-06,Call,Login
I8031,C10418,2025-02-23,Branch,Purchase
I8032,C10426,2026-08-21,Branch,Purchase
I8033,C10082,2025-08-17,Email,Inquiry
I8034,C10471,2025-06-29,Web,Support
I8035,C10382,2025-01-02,Email,Complaint
I8036,C10242,2026-01-16,Web,Support
I8037,C10563,2025-12-17,Email,Support
I8038,C10769,2025-04-25,Web,Inquiry
I8039,C10231,2025-09-20,Email,Inquiry
I8040,C10903,2025-03-13,Mobile,Purchase
I8041,C10815,2025-06-17,Email,Complaint
I8042,C10875,2026-02-20,Call,Purchase
I8043,C10612,2025-01-05,Mobile,Complaint
I8044,C10177,2026-05-22,Email,Purchase
I8045,C10366,2025-11-04,Call,Support
I8046,C10526,2025-01-29,Email,Inquiry
I8047,C10983,2025-03-20,Mobile,Inquiry
I8048,C10476,2025-10-19,Web,Login
I8049,C10455,2025-03-15,Web,Support
I8050,C10403,2025-12-23,Call,Support
I8051,C10616,2025-03-20,Branch,Support
I8052,C10862,2026-01-02,Branch,Support
I8053,C10681,2025-02-25,Email,Inquiry
I8054,C10770,2026-02-20,Branch,Inquiry
I8055,C10365,2025-03-28,Email,Inquiry
I8056,C10383,2026-06-06,Email,Support
I8057,C10753,2025-10-28,Web,Complaint
I8058,C10734,2026-05-28,Mobile,Complaint
I8059,C10679,2026-08-21,Branch,Purchase
I8060,C10384,2025-08-16,Web,Purchase
I8061,C10328,2025-11-18,Call,Support
I8062,C10788,2025-05-14,Branch,Purchase
I8063,C10317,2025-11-06,Mobile,Complaint
I8064,C10782,2025-12-17,Mobile,Login
I8065,C10325,2026-07-05,Branch,Complaint
I8066,C10751,2026-07-22,Branch,Purchase
I8067,C10850,2025-04-03,Web,Inquiry
I8068,C10252,2026-07-18,Branch,Purchase
I8069,C10238,2026-05-04,Email,Support
I8070,C10946,2025-09-06,Mobile,Purchase
I8071,C10794,2026-08-15,Branch,Login
I8072,C10830,2026-07-21,Web,Purchase
I8073,C10835,2025-01-23,Mobile,Login
I8074,C10210,2026-06-08,Branch,Support
I8075,C10382,2025-07-30,Web,Login
I8076,C10715,2026-04-06,Branch,Support
I8077,C10027,2026-03-21,Call,Complaint
I8078,C10900,2025-02-21,Branch,Inquiry
I8079,C10361,2025-04-01,Branch,Inquiry
I8080,C10813,2026-01-23,Call,Complaint
I8081,C10869,2025-12-08,Web,Complaint
I8082,C10744,2026-03-13,Web,Login
I8083,C10939,2025-03-05,Email,Purchase
I8084,C10740,2026-01-05,Web,Inquiry
I8085,C10546,2026-05-30,Email,Support
I8086,C10556,2026-06-29,Web,Purchase
I8087,C10809,2025-12-31,Branch,Purchase
I8088,C10116,2026-08-22,Branch,Login
I8089,C10251,2025-01-17,Mobile,Inquiry
I8090,C10927,2026-03-16,Mobile,Login
I8091,C10301,2026-04-06,Web,Complaint
I8092,C10494,2026-06-28,Web,Complaint
I8093,C10566,2025-03-15,Mobile,Inquiry
I8094,C10920,2026-05-29,Email,Inquiry
I8095,C10766,2025-02-12,Mobile,Complaint
I8096,C10012,2026-01-24,Email,Login
I8097,C10313,2026-03-11,Web,Login
I8098,C10074,2026-05-25,Web,Purchase
I8099,C10451,2026-08-06,Email,Complaint
I8100,C10810,2026-01-12,Branch,Complaint
I8101,C10376,2025-05-15,Web,Login
I8102,C10076,2026-04-05,Email,Complaint
I8103,C10083,2025-11-04,Web,Purchase
I8104,C10077,2025-12-14,Call,Purchase
I8105,C10932,2025-01-19,Call,Login
I8106,C10698,2026-03-03,Web,Login
I8107,C10508,2025-11-28,Call,Support
I8108,C10345,2025-01-24,Call,Complaint
I8109,C10641,2026-08-22,Web,Inquiry
I8110,C10237,2026-02-12,Web,Purchase
I8111,C10413,2026-01-12,Call,Support
I8112,C10893,2025-02-04,Call,Login
I8113,C10194,2025-11-29,Call,Login
I8114,C10501,2026-08-30,Web,Complaint
I8115,C10727,2025-02-01,Email,Complaint
I8116,C10535,2025-09-16,Call,Complaint
I8117,C10581,2025-04-12,Email,Complaint
I8118,C10591,2026-07-03,Mobile,Login
I8119,C10234,2025-03-23,Call,Inquiry
I8120,C10088,2026-08-28,Call,Login
I8121,C10192,2025-05-22,Web,Inquiry
I8122,C10857,2025-01-25,Web,Inquiry
I8123,C10332,2026-04-25,Mobile,Inquiry
I8124,C10642,2025-12-29,Email,Support
I8125,C10316,2025-12-14,Branch,Login
I8126,C10504,2025-10-03,Web,Login
I8127,C10280,2025-09-06,Email,Complaint
I8128,C10072,2026-06-13,Branch,Support
I8129,C10248,2026-01-15,Email,Inquiry
I8130,C10036,2025-02-08,Call,Login
I8131,C10518,2026-06-08,Web,Complaint
I8132,C10184,2025-01-26,Email,Support
I8133,C10776,2026-07-05,Mobile,Purchase
I8134,C10426,2026-03-02,Branch,Login
I8135,C10490,2026-02-17,Call,Purchase
I8136,C10758,2026-03-02,Branch,Support
I8137,C10059,2025-06-03,Mobile,Purchase
I8138,C10925,2025-07-06,Mobile,Support
I8139,C10781,2025-04-14,Branch,Purchase
I8140,C10224,2025-01-21,Branch,Support
I8141,C10449,2025-11-05,Web,Complaint
I8142,C10615,2025-04-10,Call,Purchase
I8143,C10898,2026-08-19,Branch,Inquiry
I8144,C10955,2026-04-21,Email,Inquiry
I8145,C10244,2026-06-12,Branch,Purchase
I8146,C10342,2026-04-10,Mobile,Support
I8147,C10146,2026-06-20,Email,Support
I8148,C10306,2025-01-07,Mobile,Inquiry
I8149,C10241,2026-08-21,Mobile,Login
I8150,C10676,2025-12-25,Branch,Support
I8151,C10281,2025-01-01,Call,Support
I8152,C10194,2025-06-27,Call,Complaint
I8153,C10732,2025-01-11,Branch,Support
I8154,C10074,2025-11-06,Call,Support
I8155,C10982,2025-03-21,Mobile,Complaint
I8156,C10964,2026-04-12,Web,Purchase
I8157,C10436,2026-01-13,Web,Purchase
I8158,C10412,2026-07-25,Web,Purchase
I8159,C10093,2025-05-11,Email,Support
I8160,C10467,2025-12-04,Branch,Complaint
I8161,C10861,2026-08-23,Email,Login
I8162,C10312,2025-07-17,Email,Login
I8163,C10039,2026-08-01,Web,Inquiry
I8164,C10973,2026-08-15,Web,Inquiry
I8165,C10868,2025-03-20,Mobile,Purchase
I8166,C10005,2026-03-06,Mobile,Inquiry
I8167,C10884,2026-08-06,Email,Purchase
I8168,C10534,2026-07-19,Web,Complaint
I8169,C10224,2025-08-02,Branch,Complaint
I8170,C10300,2025-03-26,Web,Support
I8171,C10122,2025-06-26,Branch,Login
I8172,C10125,2026-01-04,Mobile,Login
I8173,C10820,2026-01-13,Branch,Complaint
I8174,C10658,2025-09-23,Call,Purchase
I8175,C10957,2025-08-09,Branch,Complaint
I8176,C10105,2026-02-18,Web,Login
I8177,C10277,2026-03-15,Call,Complaint
I8178,C10598,2026-06-27,Mobile,Support
I8179,C10435,2025-10-16,Web,Support
I8180,C10032,2025-02-09,Email,Support
I8181,C10007,2026-01-20,Web,Login
I8182,C10269,2025-02-16,Web,Inquiry
I8183,C10637,2025-08-11,Email,Support
I8184,C10989,2025-07-08,Web,Complaint
I8185,C10634,2025-05-11,Branch,Complaint
I8186,C10820,2026-04-05,Call,Purchase
I8187,C10991,2025-03-23,Branch,Complaint
I8188,C10799,2026-01-15,Call,Login
I8189,C10397,2026-03-02,Web,Support
I8190,C10495,2025-12-27,Branch,Support
I8191,C10617,2025-05-26,Web,Purchase
I8192,C10764,2026-05-25,Branch,Purchase
I8193,C10201,2025-07-02,Branch,Inquiry
I8194,C10270,2025-02-12,Branch,Login
I8195,C10483,2025-06-28,Call,Purchase
I8196,C10934,2025-06-24,Call,Complaint
I8197,C10954,2025-07-28,Email,Support
I8198,C10320,2026-07-10,Call,Inquiry
I8199,C10898,2026-02-01,Web,Inquiry
I8200,C10545,2026-07-14,Web,Purchase
I8201,C10873,2025-08-19,Branch,Inquiry
I8202,C10089,2025-12-21,Call,Support
I8203,C10057,2026-03-04,Branch,Support
I8204,C10134,2026-08-15,Email,Inquiry
I8205,C10742,2026-07-28,Call,Inquiry
I8206,C10310,2025-08-16,Call,Support
I8207,C10611,2025-09-22,Mobile,Inquiry
I8208,C10712,2026-04-28,Email,Support
I8209,C10694,2026-05-25,Branch,Support
I8210,C10739,2025-05-14,Web,Inquiry
I8211,C10376,2026-01-09,Email,Support
I8212,C10695,2026-03-02,Mobile,Support
I8213,C10636,2026-01-07,Branch,Login
I8214,C10152,2026-02-19,Email,Complaint
I8215,C10233,2025-10-19,Call,Support
I8216,C10727,2025-12-03,Call,Inquiry
I8217,C10854,2025-01-19,Email,Support
I8218,C10236,2025-01-26,Branch,Purchase
I8219,C10044,2025-07-31,Mobile,Purchase
I8220,C10597,2025-06-20,Call,Complaint
I8221,C10038,2025-10-26,Call,Login
I8222,C10476,2026-08-21,Mobile,Support
I8223,C10464,2026-02-24,Call,Login
I8224,C10211,2026-02-28,Mobile,Inquiry
I8225,C10548,2026-08-05,Web,Complaint
I8226,C10906,2025-06-13,Call,Login
I8227,C10276,2025-12-15,Mobile,Complaint
I8228,C10216,2025-08-22,Call,Complaint
I8229,C10540,2026-06-06,Mobile,Login
I8230,C10257,2025-08-23,Web,Login
I8231,C10737,2026-03-26,Mobile,Complaint
I8232,C10147,2025-12-24,Email,Purchase
I8233,C10780,2026-01-28,Email,Login
I8234,C10281,2026-02-04,Branch,Login
I8235,C10756,2025-11-08,Mobile,Login
I8236,C10727,2025-02-21,Mobile,Complaint
I8237,C10055,2025-01-04,Call,Complaint
I8238,C10927,2026-05-20,Mobile,Support
I8239,C10070,2026-01-10,Branch,Support
I8240,C10121,2026-02-01,Branch,Inquiry
I8241,C10719,2026-08-29,Web,Support
I8242,C10927,2025-05-30,Branch,Complaint
I8243,C10074,2025-05-31,Email,Complaint
I8244,C10255,2025-01-16,Branch,Complaint
I8245,C10351,2026-03-13,Call,Inquiry
I8246,C10286,2025-10-25,Web,Complaint
I8247,C10244,2025-05-21,Mobile,Support
I8248,C10693,2026-06-09,Call,Inquiry
I8249,C10519,2026-04-05,Email,Purchase
I8250,C10493,2025-10-12,Web,Purchase
I8251,C10194,2025-02-13,Web,Inquiry
I8252,C10631,2026-08-10,Email,Support
I8253,C10139,2025-11-02,Call,Purchase
I8254,C10146,2025-11-15,Branch,Support
I8255,C10399,2025-01-26,Mobile,Support
I8256,C10335,2026-06-20,Call,Inquiry
I8257,C10264,2026-08-22,Branch,Inquiry
I8258,C10482,2026-08-23,Call,Purchase
I8259,C10955,2025-08-17,Web,Support
I8260,C10803,2026-03-02,Call,Purchase
I8261,C10841,2025-01-23,Email,Complaint
I8262,C10880,2025-12-13,Email,Purchase
I8263,C10054,2025-11-30,Email,Support
I8264,C10945,2025-12-22,Branch,Support
I8265,C10075,2025-03-15,Web,Purchase
I8266,C10901,2025-11-02,Mobile,Support
I8267,C10473,2025-04-10,Call,Complaint
I8268,C10700,2025-04-25,Branch,Purchase
I8269,C10505,2026-05-21,Call,Purchase
I8270,C10371,2026-05-18,Web,Support
I8271,C10865,2025-10-27,Branch,Support
I8272,C10910,2025-06-21,Branch,Complaint
I8273,C10376,2025-06-26,Branch,Purchase
I8274,C10361,2025-02-13,Mobile,Login
I8275,C10516,2025-08-12,Email,Complaint
I8276,C10380,2026-05-14,Web,Complaint
I8277,C10545,2026-07-26,Call,Login
I8278,C10458,2025-03-02,Call,Support
I8279,C10783,2026-08-12,Call,Inquiry
I8280,C10615,2025-08-30,Email,Inquiry
I8281,C10130,2026-03-13,Call,Complaint
I8282,C10060,2025-11-17,Branch,Inquiry
I8283,C10805,2025-01-04,Call,Complaint
I8284,C10583,2026-01-25,Web,Login
I8285,C10556,2026-04-29,Call,Complaint
I8286,C10712,2025-03-30,Web,Purchase
I8287,C10723,2026-07-28,Mobile,Inquiry
I8288,C10061,2025-10-06,Mobile,Login
I8289,C10477,2026-05-30,Email,Login
I8290,C10036,2025-05-09,Call,Complaint
I8291,C10413,2026-07-12,Call,Purchase
I8292,C10637,2026-03-07,Mobile,Login
I8293,C10482,2026-06-16,Email,Support
I8294,C10194,2025-11-21,Email,Support
I8295,C10751,2026-08-24,Call,Support
I8296,C10587,2026-06-15,Mobile,Complaint
I8297,C10600,2025-01-21,Mobile,Login
I8298,C10656,2026-04-06,Branch,Login
I8299,C10145,2026-03-09,Branch,Support
I8300,C10019,2026-04-03,Email,Login
I8301,C10364,2025-06-12,Email,Inquiry
I8302,C10804,2026-03-19,Call,Purchase
I8303,C10774,2025-09-26,Email,Inquiry
I8304,C10957,2025-02-16,Email,Inquiry
I8305,C10702,2025-12-24,Web,Inquiry
I8306,C10349,2025-09-10,Call,Support
I8307,C10303,2025-06-15,Web,Complaint
I8308,C10123,2025-06-14,Web,Login
I8309,C10068,2025-06-28,Branch,Inquiry
I8310,C10102,2025-03-01,Web,Login
I8311,C10589,2025-10-08,Branch,Login
I8312,C10013,2026-08-25,Mobile,Inquiry
I8313,C10361,2025-02-01,Branch,Inquiry
I8314,C10002,2025-07-22,Call,Purchase
I8315,C10904,2026-01-13,Web,Support
I8316,C10893,2025-05-11,Email,Support
I8317,C10685,2026-07-01,Web,Inquiry
I8318,C10700,2025-10-26,Mobile,Complaint
I8319,C10432,2026-04-16,Mobile,Login
I8320,C10449,2026-05-08,Mobile,Support
I8321,C10406,2025-12-19,Web,Complaint
I8322,C10769,2025-01-24,Mobile,Complaint
I8323,C10040,2025-04-23,Call,Purchase
I8324,C10924,2025-02-10,Web,Complaint
I8325,C10220,2026-03-16,Branch,Purchase
I8326,C10343,2025-09-22,Web,Support
I8327,C10665,2026-05-19,Email,Support
I8328,C10309,2026-03-21,Email,Complaint
I8329,C10238,2026-04-16,Mobile,Inquiry
I8330,C10036,2026-02-11,Branch,Complaint
I8331,C10140,2026-02-13,Web,Inquiry
I8332,C10955,2025-06-13,Branch,Inquiry
I8333,C10756,2025-06-20,Email,Purchase
I8334,C10238,2025-05-24,Call,Purchase
I8335,C10215,2026-06-16,Web,Purchase
I8336,C10360,2025-09-05,Call,Login
I8337,C10723,2026-05-25,Web,Support
I8338,C10803,2025-11-06,Mobile,Support
I8339,C10120,2025-03-10,Email,Inquiry
I8340,C10660,2025-05-09,Call,Support
I8341,C10200,2025-07-13,Call,Complaint
I8342,C10590,2026-05-20,Web,Complaint
I8343,C10617,2025-02-20,Call,Complaint
I8344,C10511,2026-06-20,Branch,Complaint
I8345,C10522,2026-07-13,Mobile,Login
I8346,C10512,2025-11-27,Mobile,Login
I8347,C10424,2026-04-09,Email,Inquiry
I8348,C10932,2026-03-12,Mobile,Support
I8349,C10866,2025-07-24,Branch,Login
I8350,C10726,2025-06-11,Branch,Complaint
I8351,C10104,2025-10-20,Email,Login
I8352,C10407,2026-01-20,Branch,Inquiry
I8353,C10613,2026-04-14,Email,Support
I8354,C10737,2025-03-04,Branch,Support
I8355,C10126,2026-01-25,Branch,Support
I8356,C10644,2025-12-30,Branch,Purchase
I8357,C10502,2025-10-24,Branch,Inquiry
I8358,C10144,2026-04-16,Email,Inquiry
I8359,C10350,2026-02-10,Web,Support
I8360,C10527,2025-10-16,Call,Support
I8361,C10469,2025-03-22,Web,Purchase
I8362,C10425,2026-01-20,Mobile,Login
I8363,C10628,2026-07-13,Branch,Complaint
I8364,C10522,2025-04-26,Call,Complaint
I8365,C10846,2026-06-23,Email,Support
I8366,C10940,2025-10-13,Email,Login
I8367,C10529,2025-06-18,Branch,Complaint
I8368,C10399,2025-01-29,Branch,Purchase
I8369,C10827,2025-07-10,Branch,Login
I8370,C10325,2025-05-25,Mobile,Login
I8371,C10750,2025-06-08,Web,Login
I8372,C10891,2025-05-02,Call,Complaint
I8373,C10070,2025-06-07,Web,Purchase
I8374,C10016,2025-11-19,Branch,Login
I8375,C10149,2025-10-12,Web,Complaint
I8376,C10857,2025-05-29,Web,Login
I8377,C10064,2026-02-14,Call,Inquiry
I8378,C10227,2026-05-18,Call,Inquiry
I8379,C10486,2025-10-07,Mobile,Support
I8380,C10856,2025-08-31,Web,Login
I8381,C10131,2026-08-09,Branch,Complaint
I8382,C10692,2025-01-19,Web,Inquiry
I8383,C10374,2025-06-14,Email,Login
I8384,C10049,2026-07-03,Web,Purchase
I8385,C10017,2026-06-29,Branch,Login
I8386,C10933,2026-01-27,Branch,Login
I8387,C10610,2025-06-16,Call,Login
I8388,C10842,2026-03-30,Branch,Complaint
I8389,C10428,2026-02-26,Web,Login
I8390,C10424,2026-07-07,Web,Complaint
I8391,C10114,2025-12-20,Mobile,Support
I8392,C10142,2026-05-15,Email,Purchase
I8393,C10373,2025-04-28,Mobile,Complaint
I8394,C10215,2026-04-13,Call,Login
I8395,C10737,2026-08-26,Web,Login
I8396,C10331,2025-09-12,Branch,Login
I8397,C10208,2026-06-12,Mobile,Purchase
I8398,C10694,2025-05-09,Web,Inquiry
I8399,C10514,2025-03-09,Web,Inquiry
I8400,C10668,2025-09-29,Branch,Complaint
I8401,C10129,2025-11-05,Web,Inquiry
I8402,C10521,2025-04-19,Call,Support
I8403,C10842,2026-03-28,Call,Purchase
I8404,C10983,2025-06-12,Call,Inquiry
I8405,C10084,2026-01-16,Mobile,Support
I8406,C10842,2025-12-06,Web,Inquiry
I8407,C10441,2025-01-31,Call,Login
I8408,C10741,2025-02-17,Mobile,Inquiry
I8409,C10466,2026-06-18,Mobile,Purchase
I8410,C10342,2025-02-06,Email,Inquiry
I8411,C10237,2025-06-14,Web,Support
I8412,C10479,2025-06-11,Mobile,Complaint
I8413,C10348,2025-11-23,Mobile,Inquiry
I8414,C10793,2025-12-14,Branch,Support
I8415,C10944,2025-11-15,Web,Support
I8416,C10284,2026-04-01,Email,Purchase
I8417,C10757,2025-03-03,Email,Support
I8418,C10393,2025-04-26,Email,Support
I8419,C10102,2025-01-20,Email,Inquiry
I8420,C10690,2026-02-13,Call,Support
I8421,C10444,2025-09-14,Email,Support
I8422,C10538,2025-03-13,Web,Complaint
I8423,C10428,2025-06-07,Mobile,Inquiry
I8424,C10995,2026-06-18,Web,Inquiry
I8425,C10412,2025-01-07,Call,Complaint
I8426,C10440,2025-12-26,Web,Purchase
I8427,C10695,2025-01-22,Web,Purchase
I8428,C10468,2025-01-26,Mobile,Inquiry
I8429,C10501,2026-04-24,Email,Complaint
I8430,C10334,2026-01-14,Mobile,Inquiry
I8431,C10461,2026-03-09,Branch,Complaint
I8432,C10460,2026-07-08,Web,Support
I8433,C10290,2025-11-29,Branch,Inquiry
I8434,C10593,2025-07-05,Mobile,Login
I8435,C10323,2025-03-17,Call,Inquiry
I8436,C10557,2026-08-02,Branch,Login
I8437,C10231,2025-08-24,Web,Complaint
I8438,C10998,2026-09-01,Call,Support
I8439,C10466,2026-03-31,Call,Inquiry
I8440,C10683,2026-08-16,Web,Purchase
I8441,C10715,2026-03-05,Call,Purchase
I8442,C10687,2026-03-12,Branch,Support
I8443,C10357,2026-08-16,Branch,Complaint
I8444,C10407,2025-05-26,Branch,Support
I8445,C10898,2025-12-27,Web,Support
I8446,C10069,2025-12-16,Branch,Support
I8447,C10097,2025-07-10,Mobile,Purchase
I8448,C10058,2026-02-21,Branch,Inquiry
I8449,C10124,2026-03-15,Call,Support
I8450,C10980,2026-06-22,Branch,Complaint
I8451,C10736,2025-10-03,Branch,Complaint
I8452,C10022,2025-02-23,Web,Support
I8453,C10943,2026-02-04,Branch,Purchase
I8454,C10791,2026-04-14,Web,Inquiry
I8455,C10792,2025-09-15,Branch,Complaint
I8456,C10294,2026-03-03,Mobile,Purchase
I8457,C10102,2025-07-01,Email,Complaint
I8458,C10529,2026-01-09,Call,Inquiry
I8459,C10104,2026-08-22,Branch,Login
I8460,C10373,2025-09-28,Mobile,Support
I8461,C10473,2026-05-01,Branch,Purchase
I8462,C10635,2026-08-16,Email,Purchase
I8463,C10633,2025-07-12,Call,Inquiry
I8464,C10889,2025-11-28,Web,Login
I8465,C10332,2025-01-28,Email,Inquiry
I8466,C10491,2025-07-25,Email,Complaint
I8467,C10714,2025-05-17,Mobile,Inquiry
I8468,C10323,2026-04-02,Web,Login
I8469,C10567,2026-06-18,Branch,Login
I8470,C10470,2025-11-07,Web,Complaint
I8471,C10159,2026-08-20,Email,Login
I8472,C10237,2026-06-19,Email,Login
I8473,C10832,2025-01-08,Branch,Login
I8474,C10260,2025-07-17,Email,Complaint
I8475,C10180,2026-03-27,Branch,Complaint
I8476,C10404,2025-04-22,Mobile,Login
I8477,C10988,2025-01-14,Call,Login
I8478,C10683,2025-03-21,Email,Inquiry
I8479,C10706,2025-05-17,Web,Purchase
I8480,C10554,2025-12-07,Call,Complaint
I8481,C10787,2025-12-21,Branch,Login
I8482,C10893,2026-05-28,Email,Inquiry
I8483,C10262,2025-12-26,Call,Purchase
I8484,C10162,2026-02-02,Branch,Support
I8485,C10623,2025-03-05,Web,Complaint
I8486,C10741,2026-02-16,Mobile,Complaint
I8487,C10095,2025-09-06,Email,Support
I8488,C10601,2026-01-31,Email,Login
I8489,C10987,2025-04-03,Call,Support
I8490,C10387,2025-06-03,Email,Support
I8491,C10532,2025-02-09,Email,Purchase
I8492,C10505,2026-02-07,Email,Inquiry
I8493,C10029,2026-07-02,Web,Support
I8494,C10535,2025-06-28,Email,Support
I8495,C10446,2026-03-12,Web,Support
I8496,C10663,2025-08-18,Call,Login
I8497,C10251,2026-02-15,Web,Inquiry
I8498,C10524,2025-04-29,Call,Login
I8499,C10020,2026-02-13,Call,Inquiry
I8500,C10709,2025-03-17,Call,Complaint
I8501,C10286,2026-05-20,Email,Inquiry
I8502,C10421,2026-01-13,Branch,Complaint
I8503,C10979,2026-06-27,Email,Purchase
I8504,C10512,2026-07-12,Web,Support
I8505,C10421,2025-12-10,Call,Complaint
I8506,C10906,2025-05-02,Call,Support
I8507,C10637,2026-08-25,Call,Complaint
I8508,C10650,2025-03-14,Mobile,Login
I8509,C10097,2025-04-27,Web,Inquiry
I8510,C10399,2025-02-10,Branch,Purchase
I8511,C10760,2026-05-19,Mobile,Complaint
I8512,C10192,2026-01-10,Web,Login
I8513,C10476,2025-03-01,Mobile,Inquiry
I8514,C10662,2026-06-26,Email,Support
I8515,C10413,2025-10-25,Web,Complaint
I8516,C10359,2026-06-18,Branch,Login
I8517,C10892,2026-05-30,Web,Complaint
I8518,C10823,2026-08-25,Email,Complaint
I8519,C10163,2026-07-27,Web,Inquiry
I8520,C10983,2025-12-24,Call,Login
I8521,C10968,2025-10-14,Email,Complaint
I8522,C10279,2025-02-06,Mobile,Support
I8523,C10253,2025-06-08,Call,Purchase
I8524,C10390,2025-07-02,Mobile,Purchase
I8525,C10603,2025-01-14,Call,Purchase
I8526,C10978,2025-01-17,Call,Support
I8527,C10072,2025-05-07,Mobile,Login
I8528,C10153,2025-03-21,Web,Purchase
I8529,C10611,2026-06-03,Web,Support
I8530,C10548,2025-08-02,Email,Inquiry
I8531,C10388,2026-06-21,Call,Inquiry
I8532,C10546,2025-02-03,Call,Inquiry
I8533,C10284,2026-01-08,Email,Complaint
I8534,C10457,2026-04-17,Mobile,Support
I8535,C10427,2026-06-10,Web,Purchase
I8536,C10950,2025-07-01,Mobile,Purchase
I8537,C10627,2025-05-27,Web,Complaint
I8538,C10747,2025-07-04,Branch,Inquiry
I8539,C10584,2025-03-22,Email,Login
I8540,C10454,2026-07-22,Mobile,Support
I8541,C10837,2025-10-08,Mobile,Login
I8542,C10633,2026-05-18,Call,Purchase
I8543,C10354,2025-05-20,Mobile,Login
I8544,C10270,2025-05-21,Mobile,Purchase
I8545,C10616,2025-09-29,Branch,Login
I8546,C10383,2025-04-24,Email,Complaint
I8547,C10656,2026-06-29,Branch,Support
I8548,C10866,2025-06-15,Call,Support
I8549,C10280,2025-02-08,Email,Support
I8550,C10151,2025-02-22,Web,Login
I8551,C10282,2026-05-18,Mobile,Login
I8552,C10416,2025-10-24,Mobile,Support
I8553,C10788,2026-05-07,Branch,Login
I8554,C10399,2026-07-15,Branch,Login
I8555,C10794,2025-10-15,Call,Inquiry
I8556,C10206,2025-08-24,Email,Login
I8557,C10515,2025-01-31,Call,Purchase
I8558,C10458,2026-08-14,Call,Support
I8559,C10910,2026-02-24,Email,Complaint
I8560,C10982,2025-12-28,Call,Login
I8561,C10489,2025-08-15,Call,Purchase
I8562,C10717,2026-03-30,Web,Complaint
I8563,C10434,2025-08-26,Branch,Support
I8564,C10935,2025-10-18,Email,Purchase
I8565,C10107,2025-12-30,Mobile,Inquiry
I8566,C10378,2025-09-04,Mobile,Complaint
I8567,C10506,2025-10-13,Mobile,Purchase
I8568,C10272,2025-10-17,Email,Complaint
I8569,C10781,2025-01-18,Call,Login
I8570,C10211,2026-03-05,Web,Login
I8571,C10889,2025-08-29,Branch,Support
I8572,C10277,2026-07-14,Branch,Support
I8573,C10115,2025-04-09,Branch,Support
I8574,C10557,2026-08-21,Email,Purchase
I8575,C10605,2025-06-28,Branch,Login
I8576,C10799,2026-06-18,Branch,Support
I8577,C10104,2026-07-08,Branch,Complaint
I8578,C10402,2026-01-13,Call,Login
I8579,C10448,2026-03-02,Mobile,Login
I8580,C10499,2025-07-26,Web,Complaint
I8581,C10918,2025-01-02,Mobile,Login
I8582,C10468,2026-01-03,Mobile,Purchase
I8583,C10868,2026-05-25,Web,Inquiry
I8584,C10425,2025-05-15,Email,Complaint
I8585,C10121,2025-10-08,Branch,Complaint
I8586,C10549,2026-08-04,Branch,Complaint
I8587,C10414,2025-03-23,Web,Complaint
I8588,C10154,2026-04-24,Call,Inquiry
I8589,C10632,2026-04-11,Branch,Login
I8590,C10025,2025-05-20,Mobile,Support
I8591,C10782,2025-12-14,Branch,Support
I8592,C10624,2026-02-27,Web,Inquiry
I8593,C10913,2025-09-09,Web,Complaint
I8594,C10089,2026-06-13,Mobile,Login
I8595,C10318,2026-07-25,Mobile,Support
I8596,C10357,2025-12-18,Web,Inquiry
I8597,C10752,2026-06-18,Branch,Support
I8598,C10408,2026-03-25,Mobile,Support
I8599,C10589,2025-05-14,Web,Purchase
I8600,C10236,2025-07-25,Web,Complaint
I8601,C10900,2026-07-22,Branch,Login
I8602,C10065,2026-08-22,Branch,Complaint
I8603,C10717,2025-12-23,Web,Inquiry
I8604,C10674,2025-06-30,Web,Support
I8605,C10720,2025-04-03,Branch,Login
I8606,C10616,2026-03-08,Branch,Inquiry
I8607,C10289,2026-04-20,Call,Purchase
I8608,C10066,2025-11-11,Web,Complaint
I8609,C10365,2025-01-13,Mobile,Login
I8610,C10184,2025-04-10,Mobile,Support
I8611,C10725,2025-05-19,Mobile,Purchase
I8612,C10857,2025-11-04,Branch,Inquiry
I8613,C10736,2025-07-03,Call,Purchase
I8614,C10695,2025-02-18,Mobile,Complaint
I8615,C10013,2025-12-08,Mobile,Complaint
I8616,C10870,2025-10-19,Branch,Purchase
I8617,C10225,2025-02-27,Web,Purchase
I8618,C10274,2025-01-16,Email,Complaint
I8619,C10207,2025-08-08,Web,Purchase
I8620,C10674,2026-04-14,Email,Login
I8621,C10857,2025-05-04,Web,Inquiry
I8622,C10963,2025-03-26,Call,Complaint
I8623,C10024,2025-08-12,Call,Complaint
I8624,C10060,2025-11-29,Web,Purchase
I8625,C10965,2025-12-29,Call,Support
I8626,C10552,2025-06-25,Branch,Complaint
I8627,C10821,2026-02-04,Branch,Complaint
I8628,C10504,2026-01-30,Branch,Purchase
I8629,C10446,2025-05-27,Mobile,Support
I8630,C10476,2025-02-03,Branch,Login
I8631,C10934,2025-06-07,Web,Inquiry
I8632,C10464,2025-01-19,Call,Inquiry
I8633,C10342,2026-06-23,Branch,Complaint
I8634,C10969,2025-04-11,Call,Inquiry
I8635,C10355,2025-08-09,Mobile,Inquiry
I8636,C10350,2025-05-19,Email,Inquiry
I8637,C10572,2025-06-07,Branch,Login
I8638,C10487,2025-09-03,Email,Inquiry
I8639,C10772,2026-07-05,Call,Support
I8640,C10633,2026-01-04,Email,Purchase
I8641,C10754,2026-08-23,Mobile,Login
I8642,C10078,2025-10-27,Mobile,Support
I8643,C10316,2025-11-20,Email,Complaint
I8644,C10154,2025-08-26,Web,Inquiry
I8645,C10305,2025-08-25,Branch,Login
I8646,C10828,2025-03-12,Web,Login
I8647,C10535,2026-01-13,Branch,Login
I8648,C10764,2026-07-16,Call,Login
I8649,C10035,2026-02-14,Branch,Purchase
I8650,C10433,2026-02-11,Web,Inquiry
I8651,C10624,2026-02-28,Mobile,Support
I8652,C10532,2026-07-20,Email,Purchase
I8653,C10593,2026-02-14,Email,Complaint
I8654,C10948,2025-08-12,Web,Complaint
I8655,C10578,2025-11-07,Call,Purchase
I8656,C10965,2025-04-03,Email,Inquiry
I8657,C10110,2025-02-12,Branch,Purchase
I8658,C10872,2026-01-24,Email,Purchase
I8659,C10038,2026-02-02,Mobile,Inquiry
I8660,C10714,2025-02-18,Mobile,Complaint
I8661,C10784,2026-06-01,Mobile,Complaint
I8662,C10617,2025-02-24,Mobile,Login
I8663,C10474,2026-03-17,Branch,Purchase
I8664,C10103,2025-08-10,Mobile,Complaint
I8665,C10557,2025-09-01,Call,Login
I8666,C10782,2026-07-03,Branch,Support
I8667,C10529,2026-07-14,Mobile,Support
I8668,C10671,2025-07-19,Web,Inquiry
I8669,C10038,2026-06-17,Call,Purchase
I8670,C10896,2025-01-11,Branch,Complaint
I8671,C10969,2025-03-29,Branch,Login
I8672,C10773,2026-01-01,Branch,Inquiry
I8673,C10647,2025-06-21,Branch,Login
I8674,C10017,2025-06-19,Call,Inquiry
I8675,C10348,2026-01-24,Call,Complaint
I8676,C10318,2025-11-21,Mobile,Login
I8677,C10408,2026-02-04,Email,Support
I8678,C10630,2025-01-22,Call,Support
I8679,C10358,2026-07-12,Branch,Purchase
I8680,C10722,2025-03-06,Mobile,Purchase
I8681,C10910,2025-08-08,Email,Complaint
I8682,C10731,2025-02-11,Email,Purchase
I8683,C10872,2026-08-05,Mobile,Complaint
I8684,C10563,2025-03-23,Branch,Login
I8685,C10548,2025-10-16,Mobile,Purchase
I8686,C10540,2025-03-01,Web,Purchase
I8687,C10445,2025-07-14,Web,Support
I8688,C10497,2026-05-17,Mobile,Support
I8689,C10342,2025-06-02,Web,Purchase
I8690,C10150,2026-02-04,Branch,Login
I8691,C10880,2025-09-27,Email,Inquiry
I8692,C10416,2025-05-21,Mobile,Inquiry
I8693,C10398,2025-01-20,Call,Purchase
I8694,C10236,2026-08-16,Mobile,Support
I8695,C10168,2025-01-23,Branch,Complaint
I8696,C10058,2026-07-21,Web,Login
I8697,C10408,2026-08-29,Email,Support
I8698,C10703,2026-08-06,Email,Inquiry
I8699,C10869,2026-04-22,Branch,Login
I8700,C10744,2026-03-28,Mobile,Inquiry
I8701,C10034,2026-02-18,Email,Support
I8702,C10640,2025-03-24,Mobile,Inquiry
I8703,C10153,2026-05-03,Email,Login
I8704,C10536,2026-02-04,Call,Support
I8705,C10900,2025-07-19,Call,Support
I8706,C10604,2026-04-05,Branch,Support
I8707,C10772,2025-09-26,Email,Login
I8708,C10822,2026-04-11,Mobile,Complaint
I8709,C10700,2025-11-02,Email,Support
I8710,C10493,2025-04-27,Email,Login
I8711,C10265,2026-05-31,Web,Purchase
I8712,C10818,2026-07-08,Mobile,Complaint
I8713,C10994,2025-09-13,Email,Login
I8714,C10645,2026-07-18,Web,Purchase
I8715,C10698,2025-09-30,Web,Inquiry
I8716,C10301,2025-05-07,Branch,Purchase
I8717,C10950,2025-11-09,Call,Support
I8718,C10622,2026-05-15,Call,Purchase
I8719,C10144,2026-01-12,Email,Complaint
I8720,C10666,2026-05-06,Mobile,Inquiry
I8721,C10117,2025-08-02,Mobile,Purchase
I8722,C10688,2025-11-05,Branch,Login
I8723,C10664,2025-10-06,Call,Support
I8724,C10092,2025-02-09,Web,Purchase
I8725,C10010,2025-08-06,Mobile,Inquiry
I8726,C10985,2025-08-08,Mobile,Login
I8727,C10945,2026-07-29,Call,Support
I8728,C10711,2026-05-02,Email,Complaint
I8729,C10412,2026-06-21,Mobile,Login
I8730,C10657,2025-01-18,Email,Login
I8731,C10362,2026-04-16,Web,Complaint
I8732,C10207,2026-05-21,Email,Login
I8733,C10712,2025-06-16,Call,Support
I8734,C10961,2026-04-29,Mobile,Support
I8735,C10570,2026-02-08,Call,Complaint
I8736,C10096,2026-02-08,Web,Complaint
I8737,C10090,2025-11-24,Web,Purchase
I8738,C10654,2025-08-21,Web,Inquiry
I8739,C10334,2025-05-12,Branch,Login
I8740,C10729,2025-02-27,Email,Support
I8741,C10522,2025-01-28,Email,Support
I8742,C10611,2025-01-26,Branch,Inquiry
I8743,C10865,2025-03-02,Web,Complaint
I8744,C10044,2026-07-20,Call,Login
I8745,C10187,2025-10-17,Mobile,Inquiry
I8746,C10576,2026-05-16,Web,Support
I8747,C10051,2025-08-12,Web,Purchase
I8748,C10064,2025-03-20,Mobile,Support
I8749,C10766,2026-05-16,Email,Purchase
I8750,C10219,2025-12-30,Mobile,Purchase
I8751,C10441,2026-08-28,Email,Support
I8752,C10680,2025-01-26,Call,Purchase
I8753,C10472,2026-02-10,Branch,Purchase
I8754,C10329,2026-04-30,Web,Inquiry
I8755,C10737,2026-01-06,Branch,Inquiry
I8756,C10138,2025-01-05,Branch,Support
I8757,C10475,2025-09-18,Call,Inquiry
I8758,C10227,2026-08-06,Email,Support
I8759,C10395,2026-06-07,Branch,Support
I8760,C10650,2025-12-03,Email,Purchase
I8761,C10078,2025-10-15,Email,Purchase
I8762,C10774,2026-03-18,Mobile,Inquiry
I8763,C10954,2025-05-14,Mobile,Purchase
I8764,C10835,2025-03-01,Call,Support
I8765,C10717,2025-05-26,Call,Purchase
I8766,C10481,2026-01-22,Web,Purchase
I8767,C10717,2026-08-16,Email,Complaint
I8768,C10687,2025-09-17,Call,Complaint
I8769,C10617,2025-03-25,Email,Purchase
I8770,C10029,2025-06-14,Email,Purchase
I8771,C10720,2025-01-04,Mobile,Purchase
I8772,C10934,2025-08-06,Web,Inquiry
I8773,C10866,2026-06-08,Web,Purchase
I8774,C10603,2025-04-08,Web,Purchase
I8775,C10435,2025-07-26,Call,Complaint
I8776,C10911,2025-07-02,Mobile,Complaint
I8777,C10972,2025-07-22,Email,Login
I8778,C10509,2025-12-05,Mobile,Inquiry
I8779,C10988,2026-06-17,Call,Login
I8780,C10296,2026-06-07,Branch,Inquiry
I8781,C10015,2026-01-22,Call,Purchase
I8782,C10162,2025-12-30,Branch,Purchase
I8783,C10533,2026-05-28,Web,Inquiry
I8784,C10220,2026-06-30,Email,Complaint
I8785,C10272,2026-06-06,Email,Complaint
I8786,C10736,2026-02-05,Web,Login
I8787,C10806,2025-08-07,Branch,Complaint
I8788,C10508,2025-07-05,Call,Inquiry
I8789,C10408,2025-12-05,Web,Purchase
I8790,C10288,2025-02-13,Email,Inquiry
I8791,C10622,2025-03-05,Email,Inquiry
I8792,C10967,2026-05-01,Branch,Login
I8793,C10467,2026-06-18,Mobile,Inquiry
I8794,C10037,2025-04-30,Email,Support
I8795,C10114,2026-06-27,Branch,Support
I8796,C10753,2025-02-23,Email,Complaint
I8797,C10103,2026-01-18,Mobile,Login
I8798,C10016,2025-01-10,Email,Inquiry
I8799,C10278,2025-11-14,Web,Complaint
I8800,C10490,2025-07-30,Call,Login
I8801,C10375,2026-03-07,Mobile,Purchase
I8802,C10100,2026-03-31,Branch,Login
I8803,C10697,2026-06-06,Mobile,Complaint
I8804,C10668,2025-09-26,Branch,Login
I8805,C10100,2025-01-01,Email,Purchase
I8806,C10807,2026-07-01,Email,Complaint
I8807,C10346,2026-04-24,Email,Support
I8808,C10587,2026-03-07,Mobile,Support
I8809,C10616,2025-09-30,Web,Login
I8810,C10209,2025-03-27,Web,Support
I8811,C10055,2025-04-23,Mobile,Support
I8812,C10042,2026-02-14,Branch,Complaint
I8813,C10820,2025-09-11,Email,Purchase
I8814,C10266,2026-07-13,Branch,Login
I8815,C10772,2025-08-07,Call,Complaint
I8816,C10564,2025-10-02,Branch,Support
I8817,C10340,2025-09-20,Email,Support
I8818,C10941,2025-08-03,Web,Complaint
I8819,C10395,2025-03-18,Mobile,Inquiry
I8820,C10370,2025-12-27,Web,Complaint
I8821,C10521,2026-06-04,Mobile,Inquiry
I8822,C10414,2025-11-04,Call,Complaint
I8823,C10499,2026-07-12,Email,Complaint
I8824,C10196,2026-02-23,Mobile,Complaint
I8825,C10157,2025-04-21,Mobile,Support
I8826,C10884,2025-06-17,Email,Purchase
I8827,C10329,2025-04-15,Branch,Purchase
I8828,C10114,2026-01-23,Branch,Login
I8829,C10697,2026-02-05,Mobile,Purchase
I8830,C10593,2026-03-12,Mobile,Inquiry
I8831,C10747,2025-09-20,Email,Complaint
I8832,C10386,2025-05-11,Email,Login
I8833,C10199,2026-06-17,Mobile,Login
I8834,C10014,2026-03-18,Branch,Login
I8835,C10854,2025-06-12,Branch,Inquiry
I8836,C10436,2025-02-06,Web,Inquiry
I8837,C10583,2025-05-06,Email,Support
I8838,C10738,2026-05-20,Email,Purchase
I8839,C10248,2025-08-14,Branch,Complaint
I8840,C10253,2025-04-18,Call,Support
I8841,C10618,2025-10-31,Mobile,Inquiry
I8842,C10970,2026-08-14,Branch,Inquiry
I8843,C10587,2026-03-05,Branch,Support
I8844,C10689,2026-03-24,Mobile,Complaint
I8845,C10147,2026-01-14,Mobile,Purchase
I8846,C10621,2025-12-11,Email,Complaint
I8847,C10765,2025-04-12,Web,Complaint
I8848,C10095,2025-11-09,Mobile,Login
I8849,C10795,2025-09-25,Web,Complaint
I8850,C10922,2026-07-06,Web,Support
I8851,C10299,2025-06-06,Call,Purchase
I8852,C10157,2025-06-03,Web,Purchase
I8853,C10012,2025-02-25,Web,Complaint
I8854,C10806,2026-01-03,Branch,Purchase
I8855,C10753,2025-08-21,Web,Purchase
I8856,C10747,2025-12-23,Branch,Complaint
I8857,C10245,2025-11-24,Branch,Login
I8858,C10240,2026-06-28,Web,Login
I8859,C10951,2025-01-11,Branch,Inquiry
I8860,C10516,2025-11-25,Branch,Purchase
I8861,C10628,2025-04-08,Call,Login
I8862,C10825,2025-12-18,Web,Complaint
I8863,C10383,2026-03-28,Mobile,Purchase
I8864,C10336,2026-08-09,Branch,Purchase
I8865,C10672,2026-06-04,Email,Inquiry
I8866,C10410,2026-08-12,Branch,Complaint
I8867,C10813,2025-08-06,Mobile,Inquiry
I8868,C10842,2025-09-01,Branch,Inquiry
I8869,C10555,2025-09-09,Mobile,Support
I8870,C10881,2026-03-15,Mobile,Login
I8871,C10984,2026-06-13,Web,Purchase
I8872,C10322,2026-06-08,Call,Purchase
I8873,C10755,2026-05-14,Branch,Login
I8874,C10365,2026-03-29,Branch,Inquiry
I8875,C10497,2026-02-01,Mobile,Support
I8876,C10287,2025-06-10,Call,Complaint
I8877,C10289,2025-08-23,Mobile,Purchase
I8878,C10452,2025-09-25,Mobile,Login
I8879,C10097,2025-01-25,Web,Inquiry
I8880,C10633,2025-10-27,Web,Support
I8881,C10283,2026-04-17,Web,Login
I8882,C10148,2025-10-14,Email,Purchase
I8883,C10037,2025-02-26,Branch,Inquiry
I8884,C10586,2026-08-16,Mobile,Complaint
I8885,C10436,2026-06-14,Web,Login
I8886,C10452,2026-02-22,Branch,Support
I8887,C10684,2026-08-08,Web,Inquiry
I8888,C10426,2026-05-27,Call,Purchase
I8889,C10803,2026-06-12,Web,Complaint
I8890,C10621,2025-02-05,Email,Purchase
I8891,C10993,2026-02-04,Call,Login
I8892,C10686,2025-03-28,Web,Login
I8893,C10413,2025-11-13,Call,Support
I8894,C10716,2025-09-15,Mobile,Complaint
I8895,C10880,2026-07-02,Branch,Login
I8896,C10012,2025-07-10,Web,Complaint
I8897,C10686,2025-05-14,Call,Purchase
I8898,C10817,2026-07-15,Web,Support
I8899,C10400,2025-07-28,Web,Login
I8900,C10843,2025-03-17,Call,Inquiry
I8901,C10759,2026-08-31,Email,Support
I8902,C10905,2025-10-03,Email,Inquiry
I8903,C10005,2026-08-08,Call,Support
I8904,C10713,2026-08-14,Web,Complaint
I8905,C10755,2026-07-20,Web,Support
I8906,C10438,2025-07-08,Branch,Login
I8907,C10296,2025-04-08,Web,Complaint
I8908,C10437,2025-02-18,Branch,Inquiry
I8909,C10469,2025-05-28,Mobile,Purchase
I8910,C10888,2026-07-14,Branch,Inquiry
I8911,C10965,2025-08-02,Mobile,Inquiry
I8912,C10133,2025-01-28,Branch,Complaint
I8913,C10039,2026-06-13,Branch,Inquiry
I8914,C10578,2025-11-22,Branch,Purchase
I8915,C10893,2025-01-23,Branch,Login
I8916,C10660,2026-02-25,Email,Complaint
I8917,C10875,2026-03-04,Web,Login
I8918,C10418,2026-06-08,Call,Support
I8919,C10956,2025-06-16,Mobile,Inquiry
I8920,C10355,2026-03-17,Web,Inquiry
I8921,C10365,2025-01-22,Mobile,Complaint
I8922,C10676,2025-10-02,Call,Login
I8923,C10908,2026-07-12,Call,Login
I8924,C10716,2025-01-19,Call,Login
I8925,C10077,2026-07-03,Mobile,Purchase
I8926,C10688,2026-04-05,Call,Support
I8927,C10672,2025-09-29,Branch,Purchase
I8928,C10436,2025-06-26,Call,Complaint
I8929,C10545,2026-07-02,Call,Login
I8930,C10613,2026-03-14,Mobile,Purchase
I8931,C10379,2026-08-29,Branch,Purchase
I8932,C10132,2025-10-10,Branch,Support
I8933,C10946,2025-11-06,Email,Purchase
I8934,C10000,2025-01-28,Email,Inquiry
I8935,C10263,2025-06-17,Email,Login
I8936,C10546,2025-07-13,Call,Purchase
I8937,C10801,2025-02-23,Web,Support
I8938,C10060,2025-11-20,Branch,Support
I8939,C10569,2026-05-09,Call,Complaint
I8940,C10034,2025-03-24,Branch,Complaint
I8941,C10215,2025-03-30,Mobile,Login
I8942,C10675,2026-05-15,Web,Support
I8943,C10786,2025-11-18,Web,Complaint
I8944,C10498,2025-05-08,Email,Inquiry
I8945,C10123,2025-10-31,Email,Support
I8946,C10895,2026-02-19,Mobile,Inquiry
I8947,C10752,2025-03-10,Email,Support
I8948,C10269,2025-11-14,Mobile,Login
I8949,C10681,2025-07-29,Email,Support
I8950,C10631,2025-10-04,Mobile,Purchase
I8951,C10424,2025-10-12,Call,Complaint
I8952,C10499,2026-03-31,Web,Complaint
I8953,C10873,2025-02-18,Call,Complaint
I8954,C10970,2025-05-16,Web,Complaint
I8955,C10940,2025-07-26,Mobile,Inquiry
I8956,C10965,2025-10-03,Mobile,Purchase
I8957,C10304,2025-01-02,Web,Complaint
I8958,C10094,2026-05-17,Mobile,Complaint
I8959,C10307,2026-02-26,Branch,Support
I8960,C10619,2025-07-02,Web,Purchase
I8961,C10278,2025-05-17,Call,Support
I8962,C10891,2025-06-27,Call,Login
I8963,C10150,2025-06-19,Branch,Support
I8964,C10198,2026-06-16,Branch,Support
I8965,C10452,2026-03-24,Branch,Support
I8966,C10330,2025-08-06,Mobile,Complaint
I8967,C10260,2026-01-06,Mobile,Purchase
I8968,C10002,2026-07-27,Branch,Support
I8969,C10642,2026-04-18,Web,Login
I8970,C10994,2025-06-10,Email,Inquiry
I8971,C10622,2025-11-22,Email,Inquiry
I8972,C10613,2025-02-09,Mobile,Complaint
I8973,C10513,2026-07-21,Web,Complaint
I8974,C10037,2026-04-26,Branch,Complaint
I8975,C10035,2025-05-09,Email,Support
I8976,C10782,2026-04-19,Branch,Purchase
I8977,C10641,2025-11-03,Email,Inquiry
I8978,C10958,2026-01-30,Email,Purchase
I8979,C10440,2026-07-02,Mobile,Inquiry
I8980,C10736,2026-01-05,Branch,Complaint
I8981,C10413,2025-08-12,Mobile,Purchase
I8982,C10579,2025-03-28,Mobile,Login
I8983,C10629,2026-03-31,Branch,Support
I8984,C10879,2026-04-09,Branch,Login
I8985,C10745,2026-04-02,Mobile,Complaint
I8986,C10630,2025-07-18,Branch,Complaint
I8987,C10460,2025-11-05,Call,Inquiry
I8988,C10597,2026-02-09,Web,Login
I8989,C10420,2025-09-14,Mobile,Login
I8990,C10664,2026-03-16,Web,Support
I8991,C10229,2026-04-12,Branch,Support
I8992,C10900,2025-06-23,Branch,Purchase
I8993,C10075,2026-03-06,Web,Support
I8994,C10112,2026-01-18,Call,Complaint
I8995,C10770,2025-04-18,Call,Inquiry
I8996,C10821,2026-03-12,Email,Purchase
I8997,C10453,2026-08-17,Branch,Complaint
I8998,C10609,2026-04-19,Email,Login
I8999,C10577,2026-03-07,Email,Inquiry
I9000,C10961,2026-05-17,Mobile,Complaint
I9001,C10311,2025-07-10,Web,Purchase
I9002,C10849,2025-08-07,Email,Login
I9003,C10970,2025-12-14,Web,Login
I9004,C10347,2026-07-23,Branch,Login
I9005,C10665,2025-06-30,Mobile,Login
I9006,C10320,2025-02-02,Branch,Complaint
I9007,C10182,2025-11-15,Web,Support
I9008,C10570,2026-07-24,Call,Login
I9009,C10456,2025-08-20,Email,Login
I9010,C10659,2025-01-22,Web,Purchase
I9011,C10424,2025-07-12,Email,Complaint
I9012,C10664,2026-05-22,Mobile,Support
I9013,C10591,2025-09-12,Call,Login
I9014,C10772,2025-03-10,Web,Purchase
I9015,C10696,2026-05-13,Branch,Support
I9016,C10895,2025-11-13,Branch,Support
I9017,C10456,2025-12-22,Web,Purchase
I9018,C10828,2025-11-21,Web,Complaint
I9019,C10766,2025-06-21,Web,Complaint
I9020,C10422,2025-02-06,Branch,Purchase
I9021,C10525,2025-08-26,Mobile,Purchase
I9022,C10529,2025-01-14,Mobile,Inquiry
I9023,C10473,2025-05-02,Mobile,Login
I9024,C10898,2025-08-22,Call,Support
I9025,C10704,2026-03-19,Email,Complaint
I9026,C10626,2025-08-06,Branch,Complaint
I9027,C10318,2025-07-20,Branch,Inquiry
I9028,C10311,2026-07-06,Email,Complaint
I9029,C10066,2025-10-13,Mobile,Support
I9030,C10057,2026-01-28,Branch,Login
I9031,C10842,2026-05-23,Email,Inquiry
I9032,C10798,2025-02-25,Branch,Purchase
I9033,C10394,2026-02-09,Call,Purchase
I9034,C10548,2025-07-08,Web,Support
I9035,C10141,2026-01-08,Mobile,Complaint
I9036,C10648,2026-03-29,Web,Login
I9037,C10793,2025-05-31,Call,Inquiry
I9038,C10896,2025-04-01,Call,Support
I9039,C10961,2025-10-22,Branch,Purchase
I9040,C10475,2025-07-25,Email,Complaint
I9041,C10186,2026-03-31,Mobile,Support
I9042,C10650,2026-07-01,Call,Purchase
I9043,C10898,2025-02-04,Web,Purchase
I9044,C10132,2025-09-06,Mobile,Inquiry
I9045,C10168,2026-06-11,Branch,Login
I9046,C10147,2025-02-10,Email,Support
I9047,C10876,2026-03-12,Web,Support
I9048,C10842,2025-09-21,Branch,Purchase
I9049,C10243,2026-04-15,Mobile,Purchase
I9050,C10398,2025-06-17,Web,Login
I9051,C10443,2026-08-13,Web,Login
I9052,C10234,2025-01-12,Branch,Purchase
I9053,C10675,2025-02-20,Email,Support
I9054,C10720,2026-01-21,Web,Inquiry
I9055,C10182,2026-07-17,Branch,Login
I9056,C10151,2025-03-05,Call,Login
I9057,C10194,2025-07-13,Web,Inquiry
I9058,C10567,2025-03-02,Branch,Purchase
I9059,C10964,2026-05-07,Mobile,Login
I9060,C10683,2026-07-02,Branch,Support
I9061,C10840,2026-07-30,Mobile,Purchase
I9062,C10974,2026-04-13,Web,Login
I9063,C10206,2025-02-08,Email,Support
I9064,C10518,2025-03-12,Mobile,Inquiry
I9065,C10851,2025-09-13,Mobile,Support
I9066,C10941,2026-08-25,Call,Complaint
I9067,C10938,2026-08-08,Call,Support
I9068,C10176,2025-12-07,Mobile,Login
I9069,C10765,2025-10-29,Web,Inquiry
I9070,C10637,2025-11-19,Email,Inquiry
I9071,C10508,2025-07-19,Branch,Complaint
I9072,C10016,2025-09-23,Mobile,Inquiry
I9073,C10259,2025-12-18,Email,Complaint
I9074,C10120,2025-06-06,Branch,Inquiry
I9075,C10572,2025-04-27,Web,Login
I9076,C10741,2025-11-01,Web,Purchase
I9077,C10534,2026-01-16,Web,Support
I9078,C10698,2025-06-26,Call,Login
I9079,C10811,2026-08-25,Web,Inquiry
I9080,C10299,2025-08-26,Email,Login
I9081,C10955,2026-01-30,Web,Complaint
I9082,C10348,2025-06-27,Email,Purchase
I9083,C10958,2025-01-26,Call,Login
I9084,C10537,2025-07-16,Web,Inquiry
I9085,C10859,2025-03-28,Branch,Login
I9086,C10725,2025-10-10,Web,Complaint
I9087,C10932,2025-01-09,Web,Support
I9088,C10529,2026-01-12,Mobile,Complaint
I9089,C10621,2025-11-19,Call,Support
I9090,C10017,2026-05-09,Web,Inquiry
I9091,C10062,2026-01-11,Branch,Support
I9092,C10366,2026-03-14,Web,Support
I9093,C10400,2025-03-31,Email,Purchase
I9094,C10637,2025-05-11,Email,Inquiry
I9095,C10580,2026-06-11,Email,Support
I9096,C10528,2025-12-04,Branch,Complaint
I9097,C10081,2026-06-25,Web,Inquiry
I9098,C10233,2026-04-09,Call,Support
I9099,C10959,2025-08-11,Call,Login
I9100,C10278,2025-01-02,Mobile,Login
I9101,C10788,2025-06-09,Web,Complaint
I9102,C10809,2025-11-02,Call,Complaint
I9103,C10011,2025-04-22,Call,Inquiry
I9104,C10094,2026-08-07,Web,Complaint
I9105,C10147,2025-10-07,Call,Purchase
I9106,C10772,2026-05-25,Call,Login
I9107,C10566,2026-06-18,Email,Purchase
I9108,C10076,2025-02-07,Branch,Support
I9109,C10972,2026-01-26,Web,Login
I9110,C10878,2026-06-08,Branch,Support
I9111,C10161,2025-02-04,Web,Complaint
I9112,C10770,2026-08-01,Branch,Complaint
I9113,C10637,2025-04-26,Email,Login
I9114,C10866,2026-06-09,Web,Support
I9115,C10244,2025-01-14,Email,Support
I9116,C10087,2025-07-08,Mobile,Support
I9117,C10716,2026-01-25,Branch,Inquiry
I9118,C10425,2025-02-12,Mobile,Inquiry
I9119,C10435,2025-03-29,Email,Login
I9120,C10536,2025-11-23,Web,Login
I9121,C10664,2026-01-02,Web,Inquiry
I9122,C10889,2026-08-18,Call,Support
I9123,C10699,2025-08-26,Email,Inquiry
I9124,C10639,2026-08-20,Email,Login
I9125,C10692,2026-08-20,Call,Complaint
I9126,C10991,2026-01-20,Mobile,Purchase
I9127,C10734,2025-05-13,Email,Inquiry
I9128,C10278,2025-10-05,Email,Support
I9129,C10790,2025-01-28,Email,Support
I9130,C10191,2025-10-27,Call,Login
I9131,C10978,2025-03-03,Branch,Inquiry
I9132,C10900,2026-01-29,Email,Complaint
I9133,C10919,2025-04-14,Branch,Purchase
I9134,C10516,2025-05-07,Mobile,Inquiry
I9135,C10671,2025-02-24,Branch,Purchase
I9136,C10658,2026-07-06,Branch,Inquiry
I9137,C10849,2026-05-22,Web,Purchase
I9138,C10229,2025-07-25,Mobile,Support
I9139,C10642,2025-06-14,Web,Login
I9140,C10822,2025-02-09,Email,Support
I9141,C10058,2026-07-07,Branch,Inquiry
I9142,C10450,2025-02-05,Web,Support
I9143,C10989,2025-03-22,Call,Inquiry
I9144,C10659,2025-02-13,Mobile,Inquiry
I9145,C10722,2025-07-19,Email,Inquiry
I9146,C10857,2025-05-11,Email,Complaint
I9147,C10450,2026-08-14,Mobile,Support
I9148,C10620,2026-06-07,Branch,Support
I9149,C10168,2025-09-29,Email,Login
I9150,C10250,2026-04-30,Mobile,Complaint
I9151,C10714,2025-08-03,Mobile,Login
I9152,C10161,2025-01-24,Email,Login
I9153,C10622,2026-04-19,Call,Purchase
I9154,C10508,2025-04-10,Branch,Purchase
I9155,C10661,2026-02-28,Mobile,Purchase
I9156,C10697,2025-04-05,Mobile,Purchase
I9157,C10335,2025-01-28,Web,Complaint
I9158,C10323,2025-06-06,Email,Purchase
I9159,C10340,2026-07-24,Branch,Support
I9160,C10851,2026-08-30,Email,Purchase
I9161,C10017,2025-06-23,Call,Login
I9162,C10053,2025-08-16,Email,Purchase
I9163,C10263,2025-03-13,Email,Support
I9164,C10048,2025-04-07,Call,Login
I9165,C10339,2025-07-04,Email,Inquiry
I9166,C10364,2025-03-09,Mobile,Purchase
I9167,C10363,2026-04-16,Call,Complaint
I9168,C10239,2025-07-13,Mobile,Purchase
I9169,C10085,2025-03-01,Mobile,Inquiry
I9170,C10221,2025-12-03,Branch,Complaint
I9171,C10989,2025-01-06,Mobile,Inquiry
I9172,C10335,2025-01-25,Mobile,Complaint
I9173,C10891,2026-05-06,Web,Login
I9174,C10764,2025-12-12,Call,Support
I9175,C10259,2025-06-22,Email,Inquiry
I9176,C10475,2025-11-01,Mobile,Login
I9177,C10626,2025-06-24,Email,Inquiry
I9178,C10931,2026-07-02,Email,Support
I9179,C10388,2025-01-01,Mobile,Inquiry
I9180,C10761,2026-07-05,Branch,Support
I9181,C10425,2026-02-17,Branch,Support
I9182,C10087,2025-06-21,Mobile,Login
I9183,C10653,2025-03-23,Web,Inquiry
I9184,C10677,2026-02-05,Web,Complaint
I9185,C10751,2026-05-11,Email,Support
I9186,C10429,2026-08-17,Email,Inquiry
I9187,C10607,2026-07-27,Email,Login
I9188,C10423,2025-03-30,Branch,Purchase
I9189,C10170,2026-06-30,Call,Purchase
I9190,C10166,2025-06-26,Mobile,Support
I9191,C10958,2026-03-10,Email,Support
I9192,C10803,2026-05-12,Call,Login
I9193,C10950,2025-05-13,Web,Support
I9194,C10414,2026-05-30,Branch,Login
I9195,C10412,2025-07-11,Web,Purchase
I9196,C10509,2025-01-24,Email,Login
I9197,C10619,2026-06-13,Branch,Support
I9198,C10172,2025-11-08,Web,Login
I9199,C10104,2026-08-22,Branch,Support
I9200,C10164,2026-04-24,Web,Complaint
I9201,C10850,2026-08-17,Call,Purchase
I9202,C10022,2025-12-07,Web,Login
I9203,C10175,2025-12-24,Call,Inquiry
I9204,C10724,2025-05-24,Branch,Support
I9205,C10814,2026-07-15,Web,Support
I9206,C10132,2025-03-18,Web,Login
I9207,C10103,2026-05-21,Email,Purchase
I9208,C10707,2026-03-18,Web,Login
I9209,C10041,2025-08-27,Call,Purchase
I9210,C10374,2026-01-11,Call,Support
I9211,C10844,2026-02-28,Branch,Purchase
I9212,C10172,2026-01-13,Web,Complaint
I9213,C10199,2026-02-15,Branch,Login
I9214,C10635,2025-04-04,Mobile,Login
I9215,C10502,2025-02-26,Mobile,Purchase
I9216,C10072,2026-06-13,Call,Login
I9217,C10475,2026-06-19,Call,Login
I9218,C10919,2026-07-07,Call,Inquiry
I9219,C10051,2026-03-30,Email,Login
I9220,C10744,2026-04-19,Web,Support
I9221,C10144,2025-04-27,Web,Purchase
I9222,C10201,2025-06-28,Email,Complaint
I9223,C10340,2025-03-22,Mobile,Purchase
I9224,C10532,2026-03-21,Branch,Purchase
I9225,C10053,2026-06-29,Web,Support
I9226,C10903,2025-09-03,Mobile,Support
I9227,C10642,2025-09-08,Call,Support
I9228,C10523,2025-03-24,Email,Purchase
I9229,C10591,2026-06-06,Call,Purchase
I9230,C10268,2026-05-09,Call,Support
I9231,C10757,2025-12-05,Call,Purchase
I9232,C10670,2025-06-26,Branch,Inquiry
I9233,C10087,2025-11-21,Web,Login
I9234,C10214,2026-03-08,Email,Support
I9235,C10088,2026-02-04,Branch,Login
I9236,C10694,2025-08-05,Web,Inquiry
I9237,C10184,2025-11-19,Mobile,Login
I9238,C10512,2025-01-04,Call,Login
I9239,C10837,2025-11-10,Mobile,Login
I9240,C10121,2025-10-07,Email,Support
I9241,C10808,2025-09-09,Web,Inquiry
I9242,C10970,2026-06-21,Mobile,Complaint
I9243,C10118,2025-03-13,Call,Purchase
I9244,C10563,2025-06-30,Web,Login
I9245,C10268,2026-06-13,Mobile,Login
I9246,C10115,2026-06-01,Branch,Login
I9247,C10141,2025-04-29,Call,Inquiry
I9248,C10878,2026-07-13,Branch,Inquiry
I9249,C10655,2026-07-28,Mobile,Login
I9250,C10218,2026-07-11,Email,Support
I9251,C10381,2025-01-06,Mobile,Complaint
I9252,C10894,2025-04-18,Call,Inquiry
I9253,C10971,2025-04-21,Mobile,Support
I9254,C10498,2026-03-11,Email,Login
I9255,C10253,2025-02-25,Web,Login
I9256,C10936,2025-02-27,Web,Inquiry
I9257,C10366,2026-08-09,Call,Support
I9258,C10020,2025-04-01,Email,Inquiry
I9259,C10347,2026-01-18,Email,Support
I9260,C10232,2025-11-22,Email,Inquiry
I9261,C10995,2025-12-05,Call,Login
I9262,C10842,2025-11-10,Web,Complaint
I9263,C10255,2025-08-25,Web,Login
I9264,C10094,2025-08-22,Call,Support
I9265,C10258,2025-08-25,Email,Complaint
I9266,C10475,2025-08-19,Web,Complaint
I9267,C10863,2025-09-11,Call,Complaint
I9268,C10924,2025-05-13,Call,Login
I9269,C10446,2025-11-18,Web,Inquiry
I9270,C10123,2026-04-19,Branch,Complaint
I9271,C10292,2026-05-15,Web,Login
I9272,C10438,2025-11-03,Web,Login
I9273,C10355,2025-08-29,Email,Login
I9274,C10959,2026-02-16,Call,Purchase
I9275,C10852,2026-05-18,Branch,Login
I9276,C10424,2026-07-27,Mobile,Support
I9277,C10173,2026-06-17,Call,Support
I9278,C10953,2025-03-22,Mobile,Purchase
I9279,C10991,2026-06-18,Email,Login
I9280,C10639,2026-01-30,Mobile,Complaint
I9281,C10156,2025-10-07,Email,Purchase
I9282,C10646,2025-08-08,Email,Inquiry
I9283,C10779,2025-06-15,Email,Purchase
I9284,C10829,2026-06-13,Email,Complaint
I9285,C10680,2025-04-17,Branch,Purchase
I9286,C10010,2025-08-14,Email,Complaint
I9287,C10700,2026-03-07,Branch,Support
I9288,C10128,2026-04-30,Email,Purchase
I9289,C10362,2026-08-26,Email,Support
I9290,C10966,2025-12-17,Web,Support
I9291,C10884,2026-05-31,Call,Inquiry
I9292,C10724,2025-05-16,Branch,Complaint
I9293,C10926,2025-12-24,Mobile,Purchase
I9294,C10008,2026-01-04,Mobile,Support
I9295,C10721,2025-05-24,Call,Purchase
I9296,C10982,2025-11-18,Web,Complaint
I9297,C10632,2025-01-29,Branch,Inquiry
I9298,C10966,2025-02-19,Branch,Purchase
I9299,C10710,2026-08-29,Web,Complaint
I9300,C10371,2025-11-07,Mobile,Complaint
I9301,C10226,2026-07-29,Branch,Login
I9302,C10996,2026-04-13,Branch,Login
I9303,C10584,2025-08-08,Mobile,Complaint
I9304,C10044,2025-03-06,Call,Inquiry
I9305,C10453,2025-03-20,Branch,Support
I9306,C10868,2026-07-27,Mobile,Purchase
I9307,C10117,2026-01-29,Branch,Support
I9308,C10633,2025-11-19,Email,Purchase
I9309,C10295,2025-04-19,Call,Inquiry
I9310,C10250,2025-05-01,Call,Login
I9311,C10033,2025-08-03,Web,Complaint
I9312,C10319,2025-06-23,Email,Complaint
I9313,C10573,2025-01-26,Call,Complaint
I9314,C10919,2025-10-10,Mobile,Inquiry
I9315,C10082,2026-05-20,Call,Purchase
I9316,C10649,2025-10-12,Email,Purchase
I9317,C10787,2026-07-25,Mobile,Inquiry
I9318,C10950,2026-08-31,Web,Login
I9319,C10982,2025-08-10,Web,Complaint
I9320,C10643,2025-04-24,Branch,Inquiry
I9321,C10396,2026-08-16,Web,Purchase
I9322,C10243,2026-03-15,Mobile,Purchase
I9323,C10474,2025-01-27,Email,Support
I9324,C10305,2025-10-01,Call,Support
I9325,C10994,2025-03-29,Call,Inquiry
I9326,C10498,2025-09-17,Branch,Complaint
I9327,C10670,2025-03-08,Mobile,Complaint
I9328,C10923,2025-12-22,Call,Inquiry
I9329,C10460,2025-07-19,Branch,Purchase
I9330,C10205,2025-05-15,Mobile,Support
I9331,C10738,2025-11-22,Branch,Login
I9332,C10909,2025-09-22,Email,Purchase
I9333,C10660,2025-10-24,Web,Support
I9334,C10104,2026-01-25,Branch,Purchase
I9335,C10941,2025-05-25,Email,Support
I9336,C10009,2025-04-22,Branch,Purchase
I9337,C10746,2025-04-09,Web,Purchase
I9338,C10968,2026-06-06,Branch,Inquiry
I9339,C10714,2025-04-01,Web,Login
I9340,C10484,2026-03-31,Mobile,Inquiry
I9341,C10110,2025-04-23,Call,Support
I9342,C10625,2026-06-07,Mobile,Purchase
I9343,C10267,2025-01-01,Branch,Complaint
I9344,C10097,2026-05-14,Web,Inquiry
I9345,C10664,2025-07-20,Call,Support
I9346,C10855,2025-01-23,Email,Inquiry
I9347,C10852,2026-05-20,Email,Support
I9348,C10383,2025-01-14,Branch,Inquiry
I9349,C10842,2025-12-23,Web,Support
I9350,C10945,2025-01-23,Mobile,Support
I9351,C10222,2025-07-12,Call,Support
I9352,C10487,2026-08-23,Branch,Inquiry
I9353,C10150,2025-11-13,Branch,Inquiry
I9354,C10082,2025-01-13,Mobile,Complaint
I9355,C10611,2025-08-13,Branch,Login
I9356,C10060,2026-04-22,Email,Login
I9357,C10888,2026-07-12,Mobile,Login
I9358,C10978,2025-12-02,Mobile,Login
I9359,C10748,2026-07-09,Mobile,Complaint
I9360,C10262,2025-03-24,Web,Support
I9361,C10304,2025-06-08,Mobile,Purchase
I9362,C10300,2025-07-23,Mobile,Login
I9363,C10533,2026-06-25,Call,Inquiry
I9364,C10793,2025-03-08,Branch,Purchase
I9365,C10202,2026-02-15,Call,Purchase
I9366,C10360,2025-12-26,Web,Support
I9367,C10884,2025-08-14,Web,Complaint
I9368,C10912,2026-04-02,Mobile,Login
I9369,C10687,2026-03-06,Call,Complaint
I9370,C10755,2025-01-05,Call,Support
I9371,C10721,2025-09-26,Call,Purchase
I9372,C10665,2026-06-17,Web,Support
I9373,C10145,2025-10-16,Mobile,Support
I9374,C10458,2025-05-16,Branch,Purchase
I9375,C10866,2025-04-18,Branch,Complaint
I9376,C10470,2026-03-02,Mobile,Login
I9377,C10568,2026-06-01,Branch,Login
I9378,C10182,2025-03-17,Email,Inquiry
I9379,C10658,2026-06-15,Mobile,Login
I9380,C10316,2025-06-24,Call,Inquiry
I9381,C10857,2025-01-26,Web,Support
I9382,C10790,2025-04-05,Email,Purchase
I9383,C10737,2025-11-17,Branch,Complaint
I9384,C10836,2026-03-23,Mobile,Support
I9385,C10894,2026-01-09,Call,Purchase
I9386,C10686,2026-01-29,Web,Complaint
I9387,C10451,2026-06-18,Email,Login
I9388,C10977,2025-03-30,Call,Complaint
I9389,C10665,2025-12-29,Mobile,Purchase
I9390,C10133,2026-05-16,Branch,Inquiry
I9391,C10332,2025-11-16,Branch,Complaint
I9392,C10875,2026-05-25,Mobile,Support
I9393,C10872,2025-07-01,Call,Inquiry
I9394,C10984,2026-02-03,Email,Purchase
I9395,C10830,2026-08-01,Call,Support
I9396,C10276,2025-03-09,Mobile,Inquiry
I9397,C10617,2025-02-12,Call,Complaint
I9398,C10553,2025-05-15,Web,Login
I9399,C10178,2025-09-12,Branch,Support
I9400,C10687,2025-04-30,Mobile,Complaint
I9401,C10463,2026-01-26,Call,Purchase
I9402,C10098,2025-11-07,Branch,Purchase
I9403,C10799,2025-02-18,Email,Complaint
I9404,C10069,2026-03-25,Email,Login
I9405,C10876,2025-01-15,Email,Inquiry
I9406,C10904,2025-07-13,Web,Login
I9407,C10895,2026-06-28,Call,Purchase
I9408,C10954,2025-01-17,Branch,Purchase
I9409,C10258,2026-05-04,Web,Login
I9410,C10320,2025-04-07,Mobile,Inquiry
I9411,C10017,2025-05-21,Branch,Complaint
I9412,C10139,2026-03-13,Mobile,Purchase
I9413,C10088,2025-11-14,Branch,Complaint
I9414,C10050,2025-04-28,Web,Support
I9415,C10016,2025-09-14,Call,Inquiry
I9416,C10864,2025-06-30,Web,Inquiry
I9417,C10481,2025-12-09,Email,Login
I9418,C10671,2025-06-12,Call,Complaint
I9419,C10766,2025-09-12,Mobile,Purchase
I9420,C10348,2026-07-20,Web,Purchase
I9421,C10305,2025-02-06,Email,Support
I9422,C10089,2025-06-14,Web,Inquiry
I9423,C10317,2025-11-07,Branch,Support
I9424,C10356,2025-06-10,Call,Inquiry
I9425,C10352,2026-03-06,Mobile,Inquiry
I9426,C10279,2026-05-21,Call,Purchase
I9427,C10832,2025-10-19,Mobile,Support
I9428,C10706,2025-04-05,Call,Inquiry
I9429,C10753,2026-07-03,Web,Inquiry
I9430,C10391,2026-03-06,Call,Purchase
I9431,C10889,2026-01-04,Web,Login
I9432,C10756,2026-01-07,Call,Login
I9433,C10585,2026-06-29,Mobile,Complaint
I9434,C10684,2026-05-08,Mobile,Purchase
I9435,C10560,2026-03-16,Branch,Complaint
I9436,C10649,2026-05-10,Call,Purchase
I9437,C10181,2026-06-15,Branch,Login
I9438,C10413,2025-03-10,Call,Inquiry
I9439,C10637,2026-07-05,Branch,Purchase
I9440,C10677,2025-09-23,Call,Support
I9441,C10111,2026-03-04,Email,Purchase
I9442,C10581,2025-04-13,Email,Support
I9443,C10563,2026-04-26,Branch,Login
I9444,C10560,2025-10-20,Call,Inquiry
I9445,C10403,2026-06-25,Email,Login
I9446,C10097,2025-09-26,Mobile,Complaint
I9447,C10557,2026-04-29,Web,Inquiry
I9448,C10193,2025-10-05,Web,Login
I9449,C10270,2026-03-03,Web,Complaint
I9450,C10326,2025-09-08,Branch,Inquiry
I9451,C10386,2026-05-31,Mobile,Complaint
I9452,C10264,2026-04-06,Web,Inquiry
I9453,C10096,2025-07-06,Call,Complaint
I9454,C10112,2025-12-12,Mobile,Purchase
I9455,C10314,2025-06-15,Branch,Complaint
I9456,C10821,2025-05-07,Branch,Inquiry
I9457,C10543,2025-04-21,Email,Purchase
I9458,C10329,2026-02-22,Email,Login
I9459,C10743,2025-08-31,Email,Complaint
I9460,C10953,2026-05-03,Web,Complaint
I9461,C10666,2026-06-24,Web,Login
I9462,C10292,2025-03-02,Branch,Complaint
I9463,C10427,2025-07-01,Branch,Purchase
I9464,C10200,2025-07-27,Email,Complaint
I9465,C10804,2025-01-23,Call,Login
I9466,C10317,2025-03-13,Mobile,Login
I9467,C10106,2026-01-30,Email,Inquiry
I9468,C10586,2026-04-11,Call,Support
I9469,C10930,2026-08-15,Call,Complaint
I9470,C10600,2025-05-15,Branch,Login
I9471,C10580,2026-06-30,Branch,Complaint
I9472,C10978,2025-09-28,Mobile,Inquiry
I9473,C10133,2025-09-22,Call,Login
I9474,C10882,2025-09-01,Call,Complaint
I9475,C10898,2026-07-23,Mobile,Purchase
I9476,C10596,2025-09-24,Email,Purchase
I9477,C10612,2026-04-22,Call,Login
I9478,C10888,2025-07-07,Call,Purchase
I9479,C10885,2025-04-13,Web,Complaint
I9480,C10730,2025-06-04,Mobile,Login
I9481,C10583,2025-03-02,Call,Complaint
I9482,C10653,2025-01-23,Web,Inquiry
I9483,C10666,2025-09-13,Mobile,Purchase
I9484,C10581,2025-08-14,Web,Support
I9485,C10177,2025-03-02,Branch,Complaint
I9486,C10051,2025-09-08,Call,Purchase
I9487,C10207,2026-03-07,Branch,Support
I9488,C10224,2026-03-11,Branch,Login
I9489,C10262,2025-08-03,Branch,Inquiry
I9490,C10370,2025-02-12,Mobile,Purchase
I9491,C10923,2025-02-14,Call,Complaint
I9492,C10081,2026-07-16,Web,Login
I9493,C10434,2026-03-15,Call,Support
I9494,C10282,2025-12-08,Email,Complaint
I9495,C10606,2026-06-24,Web,Purchase
I9496,C10719,2025-03-28,Web,Complaint
I9497,C10378,2025-12-23,Branch,Complaint
I9498,C10716,2025-12-14,Call,Purchase
I9499,C10243,2025-09-07,Email,Complaint
I9500,C10668,2025-09-11,Call,Inquiry
I9501,C10309,2025-10-05,Mobile,Purchase
I9502,C10814,2025-09-20,Web,Purchase
I9503,C10706,2025-06-20,Mobile,Complaint
I9504,C10298,2026-05-21,Call,Purchase
I9505,C10767,2025-01-04,Email,Purchase
I9506,C10063,2025-07-21,Call,Support
I9507,C10607,2026-05-06,Call,Complaint
I9508,C10025,2025-07-13,Web,Complaint
I9509,C10906,2026-01-08,Web,Login
I9510,C10532,2025-09-26,Email,Complaint
I9511,C10592,2025-07-24,Email,Inquiry
I9512,C10398,2025-01-03,Web,Login
I9513,C10197,2025-10-15,Web,Support
I9514,C10131,2026-08-04,Email,Login
I9515,C10361,2025-01-23,Branch,Inquiry
I9516,C10922,2025-03-14,Web,Support
I9517,C10969,2025-01-01,Web,Login
I9518,C10179,2025-06-23,Branch,Support
I9519,C10068,2025-06-16,Call,Inquiry
I9520,C10094,2025-02-23,Mobile,Inquiry
I9521,C10362,2025-05-12,Mobile,Login
I9522,C10052,2025-10-12,Mobile,Login
I9523,C10418,2025-12-11,Branch,Purchase
I9524,C10514,2026-07-13,Web,Support
I9525,C10777,2026-05-02,Call,Login
I9526,C10190,2025-12-31,Web,Complaint
I9527,C10543,2025-01-02,Call,Support
I9528,C10926,2025-09-23,Call,Complaint
I9529,C10318,2025-07-15,Call,Support
I9530,C10361,2025-10-24,Branch,Support
I9531,C10928,2025-08-27,Web,Login
I9532,C10410,2026-01-17,Branch,Inquiry
I9533,C10094,2025-02-15,Call,Inquiry
I9534,C10084,2026-08-26,Email,Support
I9535,C10522,2026-07-20,Branch,Inquiry
I9536,C10019,2026-05-16,Call,Complaint
I9537,C10518,2025-08-10,Mobile,Support
I9538,C10506,2025-02-10,Call,Purchase
I9539,C10678,2025-06-09,Web,Login
I9540,C10204,2025-05-03,Branch,Login
I9541,C10054,2025-08-06,Mobile,Purchase
I9542,C10253,2026-01-03,Email,Support
I9543,C10156,2025-05-19,Email,Inquiry
I9544,C10550,2026-03-08,Mobile,Inquiry
I9545,C10530,2025-10-21,Web,Support
I9546,C10312,2026-05-09,Call,Purchase
I9547,C10928,2025-05-09,Email,Inquiry
I9548,C10248,2025-10-20,Web,Inquiry
I9549,C10883,2025-10-28,Email,Support
I9550,C10962,2025-12-25,Web,Purchase
I9551,C10713,2026-02-19,Call,Login
I9552,C10140,2025-01-17,Call,Support
I9553,C10622,2025-06-20,Branch,Complaint
I9554,C10774,2025-06-30,Branch,Purchase
I9555,C10096,2025-08-18,Web,Support
I9556,C10155,2026-07-20,Call,Complaint
I9557,C10582,2026-07-28,Mobile,Support
I9558,C10443,2026-07-14,Branch,Login
I9559,C10239,2026-05-16,Web,Complaint
I9560,C10730,2026-02-27,Mobile,Complaint
I9561,C10685,2025-03-31,Mobile,Support
I9562,C10272,2026-07-24,Mobile,Login
I9563,C10281,2026-06-05,Email,Inquiry
I9564,C10968,2026-02-01,Branch,Login
I9565,C10819,2026-01-22,Mobile,Inquiry
I9566,C10022,2025-08-04,Web,Inquiry
I9567,C10277,2025-05-22,Web,Complaint
I9568,C10472,2026-02-09,Branch,Complaint
I9569,C10209,2025-06-12,Call,Support
I9570,C10060,2025-01-11,Email,Purchase
I9571,C10600,2026-06-19,Branch,Complaint
I9572,C10118,2026-02-08,Web,Purchase
I9573,C10483,2025-07-09,Web,Complaint
I9574,C10943,2025-04-12,Mobile,Inquiry
I9575,C10550,2025-03-24,Web,Complaint
I9576,C10447,2025-06-27,Branch,Inquiry
I9577,C10028,2026-06-26,Call,Purchase
I9578,C10731,2025-06-05,Mobile,Complaint
I9579,C10833,2025-06-11,Call,Login
I9580,C10538,2025-06-23,Branch,Inquiry
I9581,C10467,2025-01-16,Mobile,Complaint
I9582,C10685,2025-01-25,Branch,Support
I9583,C10141,2026-07-20,Web,Inquiry
I9584,C10337,2026-05-21,Email,Support
I9585,C10190,2026-08-08,Branch,Login
I9586,C10037,2025-09-08,Mobile,Support
I9587,C10124,2025-03-22,Mobile,Purchase
I9588,C10719,2025-01-09,Email,Purchase
I9589,C10938,2025-08-22,Mobile,Purchase
I9590,C10183,2026-01-01,Call,Complaint
I9591,C10480,2025-02-08,Mobile,Purchase
I9592,C10325,2025-12-26,Call,Inquiry
I9593,C10043,2025-12-29,Branch,Inquiry
I9594,C10760,2026-06-22,Call,Complaint
I9595,C10102,2026-08-04,Web,Complaint
I9596,C10279,2025-03-07,Web,Inquiry
I9597,C10714,2026-06-30,Mobile,Login
I9598,C10402,2025-01-30,Call,Inquiry
I9599,C10981,2025-04-29,Email,Login
I9600,C10471,2025-06-01,Web,Complaint
I9601,C10141,2025-01-30,Call,Login
I9602,C10822,2026-05-29,Call,Support
I9603,C10411,2025-04-13,Branch,Login
I9604,C10358,2025-09-07,Call,Support
I9605,C10949,2025-09-18,Call,Complaint
I9606,C10944,2025-07-14,Mobile,Inquiry
I9607,C10282,2026-04-18,Branch,Purchase
I9608,C10004,2026-04-23,Branch,Login
I9609,C10756,2025-04-23,Call,Support
I9610,C10562,2025-05-28,Web,Inquiry
I9611,C10362,2025-11-07,Branch,Login
I9612,C10847,2025-08-21,Call,Support
I9613,C10340,2025-07-13,Call,Purchase
I9614,C10603,2026-08-22,Web,Purchase
I9615,C10469,2026-06-21,Email,Login
I9616,C10068,2025-07-31,Email,Inquiry
I9617,C10198,2026-05-08,Call,Complaint
I9618,C10980,2025-04-23,Web,Login
I9619,C10260,2025-10-08,Branch,Inquiry
I9620,C10699,2025-03-24,Branch,Login
I9621,C10592,2025-05-16,Email,Support
I9622,C10635,2025-03-31,Web,Inquiry
I9623,C10648,2025-06-17,Web,Support
I9624,C10542,2025-02-03,Email,Login
I9625,C10014,2025-11-22,Email,Login
I9626,C10321,2026-07-17,Mobile,Purchase
I9627,C10738,2026-06-20,Email,Support
I9628,C10425,2026-03-01,Email,Inquiry
I9629,C10652,2025-05-13,Branch,Complaint
I9630,C10446,2026-03-16,Web,Login
I9631,C10311,2026-07-17,Call,Login
I9632,C10978,2025-07-14,Web,Purchase
I9633,C10153,2026-05-05,Branch,Inquiry
I9634,C10919,2025-03-11,Web,Purchase
I9635,C10034,2025-01-03,Mobile,Support
I9636,C10483,2025-10-23,Call,Login
I9637,C10471,2025-05-04,Branch,Purchase
I9638,C10816,2026-03-16,Email,Inquiry
I9639,C10411,2026-02-23,Branch,Support
I9640,C10456,2026-03-08,Web,Complaint
I9641,C10716,2025-03-17,Branch,Login
I9642,C10028,2026-02-11,Mobile,Inquiry
I9643,C10657,2025-03-13,Web,Purchase
I9644,C10925,2025-02-28,Web,Purchase
I9645,C10902,2026-02-07,Branch,Support
I9646,C10991,2026-05-14,Web,Purchase
I9647,C10764,2026-06-24,Web,Complaint
I9648,C10328,2025-03-22,Email,Complaint
I9649,C10317,2025-02-14,Call,Support
I9650,C10904,2025-01-26,Branch,Complaint
I9651,C10163,2025-01-31,Web,Purchase
I9652,C10776,2025-03-24,Branch,Support
I9653,C10173,2025-02-01,Mobile,Inquiry
I9654,C10342,2025-01-10,Mobile,Purchase
I9655,C10070,2026-08-17,Call,Complaint
I9656,C10287,2026-04-15,Email,Login
I9657,C10834,2026-07-19,Call,Login
I9658,C10064,2025-02-16,Call,Inquiry
I9659,C10985,2025-01-24,Branch,Purchase
I9660,C10714,2025-11-22,Branch,Complaint
I9661,C10165,2025-08-29,Web,Login
I9662,C10890,2026-08-09,Mobile,Support
I9663,C10378,2025-02-24,Mobile,Purchase
I9664,C10711,2025-09-08,Call,Complaint
I9665,C10456,2025-07-02,Web,Complaint
I9666,C10084,2026-02-12,Mobile,Complaint
I9667,C10375,2025-06-21,Branch,Login
I9668,C10975,2025-01-24,Mobile,Inquiry
I9669,C10832,2025-03-17,Email,Support
I9670,C10668,2026-01-05,Web,Purchase
I9671,C10691,2025-05-21,Web,Purchase
I9672,C10798,2026-02-27,Call,Login
I9673,C10602,2025-03-29,Call,Purchase
I9674,C10988,2025-05-31,Call,Purchase
I9675,C10729,2026-07-02,Call,Complaint
I9676,C10615,2025-12-30,Call,Inquiry
I9677,C10933,2025-12-15,Mobile,Complaint
I9678,C10396,2026-05-02,Mobile,Login
I9679,C10683,2025-07-23,Mobile,Purchase
I9680,C10793,2025-07-28,Call,Inquiry
I9681,C10893,2025-02-25,Email,Inquiry
I9682,C10197,2025-03-19,Email,Support
I9683,C10838,2026-02-05,Call,Login
I9684,C10155,2026-02-18,Web,Purchase
I9685,C10988,2026-01-23,Web,Complaint
I9686,C10189,2025-12-10,Email,Support
I9687,C10637,2026-07-16,Email,Support
I9688,C10076,2025-04-15,Branch,Purchase
I9689,C10207,2025-11-18,Call,Complaint
I9690,C10121,2025-02-11,Branch,Inquiry
I9691,C10178,2026-02-24,Web,Purchase
I9692,C10482,2026-08-16,Mobile,Complaint
I9693,C10737,2025-09-13,Branch,Support
I9694,C10515,2026-08-06,Branch,Inquiry
I9695,C10143,2026-05-19,Call,Login
I9696,C10758,2025-12-21,Branch,Complaint
I9697,C10080,2026-02-11,Web,Purchase
I9698,C10653,2025-05-24,Mobile,Inquiry
I9699,C10579,2026-06-10,Email,Complaint
I9700,C10912,2026-04-23,Mobile,Login
I9701,C10719,2025-01-11,Branch,Inquiry
I9702,C10683,2025-01-22,Branch,Login
I9703,C10292,2026-05-02,Mobile,Purchase
I9704,C10373,2026-08-23,Mobile,Complaint
I9705,C10755,2026-01-17,Call,Login
I9706,C10854,2025-08-14,Mobile,Inquiry
I9707,C10957,2025-08-28,Email,Complaint
I9708,C10984,2026-03-22,Branch,Support
I9709,C10804,2025-05-31,Branch,Login
I9710,C10349,2025-05-25,Web,Inquiry
I9711,C10335,2025-04-23,Email,Purchase
I9712,C10719,2025-05-10,Branch,Login
I9713,C10569,2026-04-18,Web,Complaint
I9714,C10470,2025-11-23,Email,Complaint
I9715,C10686,2025-04-11,Mobile,Inquiry
I9716,C10307,2025-09-21,Branch,Purchase
I9717,C10587,2025-11-12,Mobile,Support
I9718,C10033,2025-02-22,Call,Complaint
I9719,C10036,2025-12-14,Web,Purchase
I9720,C10913,2025-01-01,Call,Login
I9721,C10074,2025-06-13,Mobile,Purchase
I9722,C10173,2026-01-03,Web,Complaint
I9723,C10976,2026-06-09,Email,Support
I9724,C10911,2025-07-31,Mobile,Complaint
I9725,C10910,2025-12-17,Branch,Inquiry
I9726,C10643,2025-04-26,Branch,Complaint
I9727,C10762,2025-11-30,Email,Login
I9728,C10119,2026-06-06,Mobile,Inquiry
I9729,C10540,2026-01-10,Branch,Purchase
I9730,C10056,2025-06-28,Mobile,Complaint
I9731,C10241,2026-08-15,Email,Purchase
I9732,C10849,2025-12-20,Mobile,Login
I9733,C10120,2026-02-22,Call,Support
I9734,C10733,2026-05-07,Branch,Support
I9735,C10654,2026-06-09,Email,Inquiry
I9736,C10925,2025-08-12,Mobile,Login
I9737,C10451,2026-05-29,Branch,Complaint
I9738,C10607,2026-03-25,Branch,Complaint
I9739,C10102,2025-03-03,Mobile,Support
I9740,C10783,2025-08-08,Branch,Support
I9741,C10248,2025-09-17,Branch,Purchase
I9742,C10025,2026-07-08,Web,Inquiry
I9743,C10880,2026-01-17,Web,Purchase
I9744,C10557,2026-04-10,Call,Complaint
I9745,C10805,2025-05-14,Web,Purchase
I9746,C10551,2026-04-19,Web,Support
I9747,C10946,2025-03-05,Email,Purchase
I9748,C10874,2026-07-29,Branch,Purchase
I9749,C10691,2025-12-14,Call,Purchase
I9750,C10598,2026-01-07,Web,Inquiry
I9751,C10119,2026-02-07,Email,Complaint
I9752,C10758,2025-05-26,Web,Complaint
I9753,C10161,2026-03-27,Branch,Purchase
I9754,C10273,2026-02-08,Branch,Purchase
I9755,C10343,2026-05-07,Call,Inquiry
I9756,C10525,2025-10-22,Web,Login
I9757,C10551,2025-03-22,Email,Login
I9758,C10467,2025-09-22,Branch,Purchase
I9759,C10809,2025-09-15,Call,Support
I9760,C10826,2025-04-06,Call,Support
I9761,C10422,2025-02-07,Mobile,Purchase
I9762,C10661,2025-03-15,Branch,Support
I9763,C10008,2025-05-31,Call,Purchase
I9764,C10928,2026-03-30,Web,Complaint
I9765,C10908,2026-01-15,Mobile,Purchase
I9766,C10652,2026-04-08,Email,Support
I9767,C10520,2026-05-03,Branch,Purchase
I9768,C10514,2026-02-22,Mobile,Support
I9769,C10395,2025-05-12,Web,Purchase
I9770,C10545,2026-02-17,Email,Complaint
I9771,C10122,2026-07-12,Web,Complaint
I9772,C10955,2025-03-26,Branch,Support
I9773,C10300,2026-06-22,Call,Purchase
I9774,C10993,2026-03-13,Mobile,Complaint
I9775,C10670,2025-10-21,Call,Inquiry
I9776,C10509,2026-02-19,Web,Complaint
I9777,C10620,2026-04-23,Branch,Login
I9778,C10723,2025-02-08,Web,Support
I9779,C10355,2025-03-27,Email,Complaint
I9780,C10734,2025-05-21,Web,Purchase
I9781,C10207,2025-05-26,Web,Purchase
I9782,C10705,2025-12-08,Call,Inquiry
I9783,C10542,2025-06-05,Email,Complaint
I9784,C10767,2025-07-17,Mobile,Complaint
I9785,C10703,2025-10-21,Email,Support
I9786,C10855,2026-07-30,Branch,Purchase
I9787,C10975,2026-05-26,Web,Complaint
I9788,C10154,2025-10-14,Branch,Support
I9789,C10782,2025-11-06,Mobile,Purchase
I9790,C10991,2026-04-25,Email,Support
I9791,C10587,2025-05-10,Call,Support
I9792,C10090,2026-07-12,Web,Inquiry
I9793,C10823,2026-04-28,Email,Complaint
I9794,C10353,2026-03-09,Web,Complaint
I9795,C10207,2025-10-10,Branch,Complaint
I9796,C10329,2026-04-20,Web,Complaint
I9797,C10322,2025-07-12,Mobile,Support
I9798,C10579,2025-10-11,Web,Purchase
I9799,C10490,2025-10-10,Call,Purchase
I9800,C10042,2025-07-31,Email,Support
I9801,C10015,2025-08-15,Mobile,Purchase
I9802,C10369,2025-03-14,Mobile,Support
I9803,C10342,2026-02-22,Web,Inquiry
I9804,C10091,2026-01-27,Web,Login
I9805,C10416,2025-11-19,Mobile,Login
I9806,C10929,2025-12-28,Call,Complaint
I9807,C10453,2025-10-20,Call,Support
I9808,C10852,2025-06-12,Email,Inquiry
I9809,C10020,2025-11-24,Web,Login
I9810,C10369,2025-03-25,Email,Support
I9811,C10689,2025-07-01,Web,Complaint
I9812,C10138,2025-02-06,Web,Purchase
I9813,C10628,2025-12-02,Branch,Login
I9814,C10409,2026-04-10,Call,Support
I9815,C10197,2026-07-15,Call,Complaint
I9816,C10762,2026-05-10,Branch,Complaint
I9817,C10958,2026-06-28,Branch,Support
I9818,C10295,2026-05-30,Call,Login
I9819,C10132,2026-07-20,Mobile,Complaint
I9820,C10715,2026-04-21,Web,Complaint
I9821,C10018,2026-01-12,Web,Inquiry
I9822,C10606,2026-06-11,Branch,Inquiry
I9823,C10859,2025-03-14,Call,Login
I9824,C10415,2026-08-13,Call,Support
I9825,C10622,2025-03-02,Branch,Purchase
I9826,C10621,2026-08-23,Email,Login
I9827,C10737,2025-12-13,Mobile,Purchase
I9828,C10782,2025-08-07,Email,Purchase
I9829,C10505,2025-02-25,Branch,Purchase
I9830,C10442,2025-06-09,Web,Inquiry
I9831,C10303,2026-07-30,Call,Support
I9832,C10895,2025-02-26,Call,Purchase
I9833,C10074,2025-07-08,Mobile,Login
I9834,C10753,2026-01-14,Mobile,Support
I9835,C10015,2025-10-07,Mobile,Inquiry
I9836,C10069,2026-04-12,Mobile,Complaint
I9837,C10435,2026-03-29,Branch,Support
I9838,C10814,2025-07-21,Mobile,Inquiry
I9839,C10288,2025-08-20,Mobile,Complaint
I9840,C10188,2025-06-12,Branch,Purchase
I9841,C10426,2025-12-31,Branch,Login
I9842,C10385,2025-12-30,Branch,Complaint
I9843,C10830,2025-05-11,Branch,Purchase
I9844,C10744,2025-11-26,Call,Complaint
I9845,C10181,2026-02-04,Branch,Login
I9846,C10272,2025-09-14,Mobile,Complaint
I9847,C10144,2026-05-12,Web,Purchase
I9848,C10707,2026-08-19,Email,Login
I9849,C10181,2026-01-15,Call,Support
I9850,C10095,2025-05-04,Call,Complaint
I9851,C10751,2026-02-11,Branch,Purchase
I9852,C10674,2026-07-12,Web,Purchase
I9853,C10945,2025-07-10,Mobile,Login
I9854,C10087,2025-06-20,Web,Purchase
I9855,C10842,2026-08-27,Email,Complaint
I9856,C10559,2025-02-13,Call,Purchase
I9857,C10020,2025-07-08,Mobile,Complaint
I9858,C10783,2025-12-10,Call,Login
I9859,C10695,2026-04-08,Web,Login
I9860,C10100,2025-10-06,Call,Inquiry
I9861,C10273,2026-05-31,Mobile,Support
I9862,C10645,2025-09-04,Mobile,Inquiry
I9863,C10365,2025-07-03,Call,Purchase
I9864,C10399,2026-08-01,Email,Purchase
I9865,C10127,2026-04-01,Call,Support
I9866,C10755,2026-04-28,Mobile,Login
I9867,C10040,2025-03-28,Call,Purchase
I9868,C10230,2026-04-06,Email,Complaint
I9869,C10678,2026-02-24,Branch,Complaint
I9870,C10462,2025-02-24,Branch,Complaint
I9871,C10318,2025-03-07,Call,Login
I9872,C10028,2025-02-18,Web,Support
I9873,C10889,2026-06-19,Call,Complaint
I9874,C10539,2025-12-08,Branch,Login
I9875,C10810,2026-01-22,Web,Inquiry
I9876,C10825,2026-06-09,Branch,Login
I9877,C10160,2025-04-21,Branch,Complaint
I9878,C10077,2026-03-23,Email,Login
I9879,C10607,2025-11-06,Email,Login
I9880,C10605,2026-02-14,Branch,Complaint
I9881,C10689,2025-06-21,Mobile,Support
I9882,C10295,2025-06-16,Call,Inquiry
I9883,C10107,2026-04-23,Web,Support
I9884,C10177,2025-01-20,Mobile,Complaint
I9885,C10798,2025-10-06,Call,Complaint
I9886,C10466,2025-04-03,Web,Complaint
I9887,C10253,2026-07-02,Email,Complaint
I9888,C10421,2025-04-09,Call,Support
I9889,C10450,2025-11-22,Call,Login
I9890,C10308,2026-02-10,Email,Login
I9891,C10011,2026-04-19,Web,Support
I9892,C10449,2026-02-28,Branch,Complaint
I9893,C10586,2026-07-27,Branch,Purchase
I9894,C10921,2025-03-04,Mobile,Purchase
I9895,C10234,2026-07-09,Email,Complaint
I9896,C10767,2026-07-31,Email,Login
I9897,C10451,2025-05-15,Mobile,Login
I9898,C10982,2025-01-02,Mobile,Support
I9899,C10891,2026-02-06,Web,Login
I9900,C10722,2026-05-22,Mobile,Support
I9901,C10374,2025-04-18,Call,Purchase
I9902,C10851,2025-07-25,Web,Inquiry
I9903,C10087,2025-07-26,Email,Complaint
I9904,C10122,2026-02-26,Call,Inquiry
I9905,C10668,2026-07-14,Mobile,Support
I9906,C10813,2025-08-20,Branch,Complaint
I9907,C10994,2025-02-11,Web,Login
I9908,C10150,2025-07-26,Call,Complaint
I9909,C10108,2025-07-26,Web,Support
I9910,C10476,2025-03-12,Mobile,Inquiry
I9911,C10677,2025-03-19,Mobile,Complaint
I9912,C10743,2025-07-09,Web,Inquiry
I9913,C10256,2025-12-07,Web,Login
I9914,C10345,2025-12-30,Mobile,Support
I9915,C10658,2025-10-03,Call,Inquiry
I9916,C10121,2025-03-15,Web,Purchase
I9917,C10129,2025-04-08,Branch,Inquiry
I9918,C10014,2026-08-31,Branch,Inquiry
I9919,C10869,2026-06-22,Call,Complaint
I9920,C10915,2025-09-02,Email,Inquiry
I9921,C10161,2026-08-09,Web,Support
I9922,C10029,2026-01-05,Call,Login
I9923,C10347,2025-01-16,Call,Inquiry
I9924,C10385,2026-07-16,Web,Purchase
I9925,C10804,2025-09-10,Branch,Login
I9926,C10575,2025-01-27,Web,Purchase
I9927,C10862,2025-02-10,Web,Support
I9928,C10648,2026-07-19,Call,Support
I9929,C10761,2025-03-25,Email,Complaint
I9930,C10276,2025-11-16,Branch,Support
I9931,C10859,2025-01-24,Call,Inquiry
I9932,C10938,2025-09-15,Mobile,Complaint
I9933,C10035,2026-07-04,Web,Inquiry
I9934,C10492,2025-09-25,Branch,Purchase
I9935,C10831,2026-06-29,Web,Login
I9936,C10075,2025-02-01,Call,Purchase
I9937,C10018,2026-05-19,Mobile,Support
I9938,C10884,2026-05-17,Email,Purchase
I9939,C10058,2026-01-12,Branch,Inquiry
I9940,C10534,2025-04-11,Email,Login
I9941,C10124,2025-11-27,Mobile,Support
I9942,C10773,2025-08-15,Call,Login
I9943,C10538,2025-01-06,Branch,Complaint
I9944,C10511,2025-02-18,Call,Login
I9945,C10430,2025-04-08,Web,Complaint
I9946,C10962,2026-03-31,Mobile,Login
I9947,C10310,2026-03-20,Web,Purchase
I9948,C10085,2025-05-11,Web,Purchase
I9949,C10565,2026-08-29,Branch,Complaint
I9950,C10698,2025-05-12,Mobile,Login
I9951,C10713,2026-07-21,Email,Complaint
I9952,C10357,2026-05-05,Call,Support
I9953,C10642,2025-04-19,Branch,Inquiry
I9954,C10208,2025-02-16,Call,Complaint
I9955,C10288,2025-01-23,Call,Login
I9956,C10912,2026-06-17,Call,Complaint
I9957,C10461,2026-03-31,Email,Login
I9958,C10972,2025-07-18,Mobile,Complaint
I9959,C10571,2025-10-22,Call,Login
I9960,C10220,2025-07-26,Web,Support
I9961,C10230,2025-03-19,Call,Inquiry
I9962,C10013,2025-05-31,Branch,Purchase
I9963,C10135,2025-06-03,Call,Complaint
I9964,C10925,2025-02-19,Email,Login
I9965,C10503,2025-05-05,Call,Support
I9966,C10867,2026-06-02,Mobile,Inquiry
I9967,C10870,2025-10-21,Web,Inquiry
I9968,C10459,2026-02-12,Call,Support
I9969,C10473,2025-05-05,Branch,Support
I9970,C10233,2025-11-14,Branch,Inquiry
I9971,C10079,2025-05-20,Mobile,Purchase
I9972,C10202,2026-04-20,Web,Support
I9973,C10002,2025-10-20,Mobile,Support
I9974,C10541,2025-05-12,Web,Inquiry
I9975,C10630,2025-07-11,Web,Login
I9976,C10926,2026-06-27,Email,Support
I9977,C10408,2025-05-07,Mobile,Inquiry
I9978,C10089,2025-08-31,Mobile,Inquiry
I9979,C10494,2025-01-15,Web,Inquiry
I9980,C10561,2025-09-03,Email,Complaint
I9981,C10686,2026-03-02,Email,Purchase
I9982,C10230,2026-06-13,Web,Login
I9983,C10657,2025-01-31,Call,Complaint
I9984,C10316,2025-12-23,Email,Login
I9985,C10339,2025-08-13,Web,Inquiry
I9986,C10730,2025-09-13,Web,Purchase
I9987,C10280,2025-12-09,Mobile,Purchase
I9988,C10625,2026-04-29,Web,Purchase
I9989,C10687,2026-06-25,Mobile,Inquiry
I9990,C10995,2025-10-29,Mobile,Inquiry
I9991,C10345,2026-05-26,Email,Login
I9992,C10058,2025-10-15,Web,Login
I9993,C10045,2026-02-15,Branch,Login
I9994,C10278,2025-07-09,Web,Inquiry
I9995,C10746,2026-06-11,Web,Purchase
I9996,C10409,2025-09-09,Web,Complaint
I9997,C10784,2026-01-24,Mobile,Purchase
I9998,C10840,2026-05-14,Branch,Complaint
I9999,C10254,2025-06-20,Call,Inquiry
I10000,C10208,2025-08-14,Branch,Support
